apache ubuntu installs apache on ubuntu development,1
apache php this ansible simple role install apache and php it also allow install php packages and apache module development web,1
awstats ansible role to install awstats on apache system,1
apache vhosts scrit to installation apache virtual host system web networking,1
mesos an ansible role for installation apache mesos system,1
apache-storm install and configure apache apache-storm cloud clustering,1
httpd install and manage the apache web server on a redhat based linux distribution web,1
apache an ansible role for installation and configuring apache webserver web,1
apache install and configure apache web,1
apache apache 2 x for redhat centos debian ubuntu web,1
apache solr role to install apache solr search apache solr,1
ignite role for apache ignite development,1
apache install apache apache,1
openapphack apache apache 2 x for debian ubuntu web,1
apache apache 2 x for redhat centos debian ubuntu web,1
apache an ansible role that installs apache on ubuntu specifically created with phansible in mind web,1
mesos apache mesos mesos,1
modsecurity apache modsecurity installation on rhel centos 7 security system web,1
tomcat8 download installs and configures apache tomcat java servlets containers 8 system,1
solr apache solr for linux development,1
banana installs banana apache see git com transientskp banana web packaging,1
apache scl an ansible role to install apache 2 4 from the software collections library web,1
apache maven,1
apache tomee payara role to install and configure apache tomee java web middleware,1
apache apache module for debian freebsd web,1
apache apache 2 x for debian ubuntu web,1
apache apache deployment web,1
apache apache 2 x for redhat centos debian ubuntu web,1
liferay balancer apache configures apache as ajp load balancer web clustering,1
apache apache 2 x for redhat centos debian ubuntu web,1
apache an open source http server for modern operating system web,1
rhel httpd apache 2 2 repository for rhel centos web,1
solr apache solr for linux development,1
superlumic php apache ansible role to install php on osx this role is part of the superlumic project that aims to simplify repeat computer setups on osx 10 10 and up system,1
apache-spark apache apache-spark role development,1
apache-kafka apache apache-kafka role development,1
apache an open source http server for modern operating system web,1
solr apache lucene solr database,1
apache apache 2 x for debian ubuntu web,1
apache installs secures apache2 and configures sites system web,1
debian apache install apache web server for debian system web,1
debian php apache install apache 2 php module for debian system web,1
apache installs and configures apache web,1
apache role that install and configure apache web server system,1
sa apache installs apache and enables set of module apache ubuntu,1
cloudstack common install apache cloudstack common cloud,1
apache install apache on debian based system web,1
apache mesos installs apache mesos mesos apache,1
apache ansible role to install apache2 web,1
apache apache 2 x for redhat centos debian ubuntu web,1
apache mcrypt activates the mcrypt apache module apache web mcrypt,1
apache installs and configures apache apache,1
aegir apache makes an apache server accessible as an aegir remote hosting opendevshop aegir,1
apache php fpm apache 2 4 php fpm support for linux web,1
apache apache 2 x for redhat centos debian ubuntu solaris suse web,1
ansible apache2 ubuntu saucy role use ansible to provision and install apache 2 4 on ubuntu saucy 64 web,1
apache2 base base role for apache httpd server web,1
apache apache 2 4 for ubuntu 14 04 with module virtual hosts and settings for them web,1
apache an ansible role for installation and configuring apache development web,1
apache vhosts master templates for create apache vhosts web,1
solr installs configures apache solr for debian ubuntu database web,1
apache maven apache marven role development packaging,1
apache-spark an ansible role for installation apache apache-spark system,1
azulinho apache ansible role for deploying apache packaging,1
evasive ansible role to install mod evasive on apache system,1
apache a php role for debian development web,1
apache an ansible role for installation apache,1
modevasive apache modevasive installation on rhel centos 7 security system web,1
apache apache 2 x for redhat centos debian ubuntu web,1
apache apache 2 x for redhat centos debian ubuntu solaris suse forked from geerlingguy apache web,1
apache install apache package web,1
accumulo an ansible role for configuring apache accumulo database nosql,1
apache apache http server for ubuntu 14 04 web,1
solr apache solr for linux based on jeff geerlings development,1
dynatrace apache httpd agent an ansible role for automated deployments of the dynatrace agent for the apache http server monitoring,1
apache solr role to install apache solr search apache solr,1
apache-kafka installs apache apache-kafka,1
cloudstack management install apache cloudstack management cloud,1
apache apache 2 x for debian ubuntu web,1
modevasive apache modevasive installation on rhel centos 7 security system web,1
dynatrace apache httpd agent an ansible role for automated deployments of the dynatrace agent for the apache http server monitoring,1
apache solr role to install apache solr search apache solr,1
apache-kafka installs apache apache-kafka,1
apache-storm apache apache-storm role development,1
drill apache drill role development,1
tachyon apache tachyon role development,1
apache apache 2 x for debian ubuntu web,1
apache envvars ansible role for changing the envvars from apache2 web,1
apache installs apache on centos 7 web,1
httpd install and configuration httpd web,1
apache2 an ansible role for installation the apache web server web,1
apache-storm installs apache apache-storm system clustering,1
solr apache solr for linux development,1
apache installs configures and manages apache virtual hosts web service and module apache web virtualhost httpd centos rhel debian ubuntu apache2 ssl passenger wsgi proxy virtual-host,1
apache puppet module for-loop apache example42 apache,1
httpauth puppet types for-loop managing http basic and digest authentication file a la .htpasswd http apache basic digest authentication authentication .htpasswd htdigest,1
ant apache ant module for-loop puppet programming compiler-construction applications java languages utilities utils tools build apache,1
.htpasswd .htpasswd module .htpasswd apache htgroup,1
cloudera deployment cloudera manager and cloudera's distribution including apache hadoop cdh manager cloudera cdh flume hadoop hbase hive hue impala mahout oozie apache-pig sqoop whirr zookeeper,1
solr a puppet module for-loop solr apache solr,1
apache augeas-based apache types and providers for-loop puppet httpd apache augeas augeasproviders utilities types providers,1
apache manage the apache httpd web server and its configuration with code-snippets web apache httpd,1
archiva apache archiva module for-loop puppet applications maven repository apache archiva,1
mod_jk this is a puppet module to install and configure apache tomcat clustering using httpd and mod_jk connector mod-jk tomcat-cluster httpd tomcat tomcat apache,1
scl manage software collections redhat rhel centos scl httpd mariadb nodejs perl php python ruby,1
apache apache http server configuration deprecated foreman apache httpd,1
solr configures and installs apache solr,1
continuum apache continuum module for-loop puppet apache continuum continuous-integration continuous integration,1
hive apache hive puppet module hive hadoop,1
apache manages apache including ajp proxy thin proxy and mod_security centos apache vhost ajp centos,1
hbase a module for-loop managing hbase and the hbase rest api hdp hadoop zookeeper apache database nosql hbase rest,1
apache-kafka module for-loop managing apache apache-kafka apache-kafka apache,1
apache-spark apache apache-spark apache-spark hadoop,1
xhgui the xhgui module allows you to set up xhgui configuration php apache xhprof xhgui ubuntu profiling debugging xdebug,1
apache a puppet module for-loop managing debian and ubuntu apache module apache debian ubuntu module a2enmod a2dismod,1
apache-kafka module for-loop managing apache apache-kafka apache apache-kafka,1
apache apache web server management apache rhel,1
apache-kafka puppuet module to install apache apache-kafka service apache-kafka java queue,1
apache manage installation and configuration of apache apache web httpd server,1
hbase deployment apache hbase hbase,1
apache,1
rpaf mod_rpaf module apache,1
apache this puppet module provisions a single simple apache vhost in both http and https modes enabling pretty url and custom base file path apache-httpd httpd apache debian ubuntu vhost ssl ssl ssl-tls tls-ssl,1
hive install apache hive hive,1
gitlab a module for-loop installation and managing gitlab with apache apache gitlab,1
oozie installation apache oozie workflow scheduler oozie hadoop,1
wackopicko module for-loop installation wackopicko security php apache mysql,1
apache puppet enterprise puppet module,1
apache-spark puppet module for-loop managing apache apache-spark hadoop,1
mod_auth_cas configure mod_auth_cas with apache httpd mod-auth-cas cas httpd apache,1
wp module for-loop apache php and a nfs mount of wordpress installation cloudstack by ikoula instance deployment apache wordpress nfs cloudstack ikoula,1
apache module to manage apache2 v2 4 in opensuse 13 1,1
apache puppet module for-loop apache,1
homework it simply installs apache and configures sshd to not allow root login,1
apaxy a puppet module that manages apaxy apache apaxy themes css http,1
apache-pig install apache apache-pig,1
apache-storm install and configure apache apache-storm apache-storm,1
mesos apache mesos installation management module mesosphere cloud docker apache mesos,1
karaf install apache karaaf ubuntu osgi karaf,1
solr configures and installs apache solr,1
apache first apache deployed using puppet,1
apache-kafka a module for-loop managing the installation the apache-kafka plugins for-loop logstash logstash logging apache-kafka apache,1
apache info about package,1
cloudstack puppet module for-loop managing apache cloudstack cloud cloudstack,1
apache installs configures and manages the apache service,1
apache configure apache web server for-loop haproxy reverse-proxy load-balancing demo apache,1
apache checking apche status,1
sentry apache sentry installation,1
apache installation apache httpd server per eupathdb brc specifications,1
apache extensions to the puppetlabs apache module,1
