ubuntu python apt idempotent installer for python apt module prevents python apt is not installed errors system,1
debian common manage apt configurations and debian specific behavior utilities system,1
apt apt repository sources list configuration for ubuntu system,1
apt source a role for adding new package sources to apt and pinning packages system packaging,1
apt cacher ng install apt cacher ng apt packaging,1
apt manages apt and executes apt get update to ensure the local apt package caching is up to date system,1
apt a base configuration for apt packaging,1
linux base updates apt packages for ubuntu 12 04lts or greater system application,1
apt a really simple role that will keep your apt up to date system,1
apt configure and manage apt package manager system apt packages,1
reprepro create local apt repository with reprepro development system packaging,1
apt handle apt system apt,1
percona apt role to installation the percona apt repository database,1
proxmox role used to configure proxmox on debian with apt,1
apt role installs the packages using the apt apt,1
unattended upgrades configure unattended upgrades on debian based hosts security system apt,1
apt apt for ubuntu 12 04 system,1
sphinxsearch role installs and configure sphinxsearch apt,1
ohmyzsh plbk ansible role to install and configure oh my zsh on both apt and yum based distros development,1
apt ensures that apt caching is up to date and set up unattended updates system,1
apt cacher ng installs apt cacher ng web unix ag uni kl de bloch acng client server configurations system packaging,1
apt simple apt role system,1
apt an apt role for elao symfony2 standards vagrant box development web,1
apt cacher ng apt cacher ng installer yum caching installer apt,1
base this role installs base apt packages for ubuntu trusty 14 04 development system ansidev web,1
apt configure apt get stuff system,1
apt repository apt repository installation apt repository,1
apt ansible role for ubuntu apt initialization system,1
apt cacher ng containers ansible role to manage apt cacher ng containers containers aptcacherng aptcacher docker,1
apt sources manage apt sources list d system,1
apt distupgrade ansible role for dist upgrade debian ubuntu and waiting for ssh is up again reboot system apt upgrade ssh,1
packages extra packages role for beetbox development installer apt beetbox,1
packages install debian ubuntu packages apt ubuntu packages,1
apt update all installed packages system,1
oh my zsh ansible role to install and configure oh my zsh on both apt and yum based distros development,1
apt repository adds a repository for apt and import the corresponding signing key system packaging,1
apt manages apt and executes apt get update to ensure the local apt package caching is up to date system,1
apt configures apt system,1
apt ansible role which manage apt system,1
apt manage packages and up date grade s in debian like system system packaging,1
apt sources baseline set the contents of etc apt sources list a security server should use as a baseline system,1
apt file set up apt file in debian like system system packaging,1
common this ansible simple role just ensure apt get is up to date and install language packs system packaging,1
autoupdate enable or disable automatic apt yum updates system packaging,1
phalcon install phalcon php frameworks stable version using apt for ubuntu and debian development system web,1
reboot if-statement needed for upgrade reboots if-statement reboot is pending after apt get upgrade dist upgrade and waits until host returns back online system,1
apt configures apt and installs updates packages system apt,1
aptsource configure debian apt sources apt aptsource debian,1
apt manages apt and executes apt get update to ensure the local apt package caching is up to date system,1
node install node from nodesource any other user defined packages from apt get for debian ubuntu ubuntu node web debian nodejs,1
apt mirror installs and configures apt mirror local apt repository also configures clients if-statement extra var passed system packaging,1
apt cacher ng apt cacher ng role development,1
wkhtmltopdf role installs the wkhtmltopdf wkhtmltopdf org apt,1
apt installs removes apt packages development system,1
sphinxseacrh role installs and configure sphinxsearch apt,1
apt pin creates apt preferences pin file system packaging,1
apt ansible role to configures apt and installs updates packages system apt,1
qemu install qemu from source or apt system,1
aptsource configure debian apt sources apt aptsource debian,1
sphinxseacrh role installs and configure sphinxsearch apt,1
apt cacher ng apt cacher ng role development,1
apt configures apt and installs updates packages system apt,1
apt cacher ng install and manage the caching http proxy apt cacher ng proxy system apt packages caching,1
apt mirror installs and configures apt mirror local apt repository also configures clients if-statement extra var passed system packaging,1
update everything upgrade all apt packages on debian ubuntu system,1
base common base role for all hosts should be ran after mrlesmithjr bootstrap role configure apt cacher update dhcp client update dns servers configure lvm system networking,1
apt preferences manage apt pins in etc apt preferences d system apt,1
apt configure apt system,1
apt repository adds a repository for apt and import the corresponding signing key system packaging,1
launchpad ppa webupd8 role to installation webupd8 apt repository at launchpad net system packaging,1
apt provides an interface for-loop managing apt source key and definitions with puppet apt debian ubuntu dpkg apt-get aptitude ppa,1
unattended provides an interface for-loop managing apt unattended_upgrades with puppet,1
repro assists in the creation of reprepro-based repository reprepro apt package repository ubuntu debian,1
apt installs the puppet labs community apt repository puppetlabs apt,1
apt puppet module for-loop apt apt example42,1
apt apt module debian apt ubuntu,1
ubuntu puppet module to update and upgrade debian ubuntu apt-get apt clean upgrade update,1
aptly module to manage aptly apt aptly,1
apt install and configure an apt-cacher-ng server packaging apt caching apt-cacher-ng,1
unattended puppet module that installs and configures the unattended upgrades service ubuntu debian unattended upgrade apt aptitude automatic update unattended-upgrades,1
apt a simple module to work with apt-mirror apt-mirror mirror ubuntu debian,1
aptcacher install and manage an apt cacher server via puppet debian caching apt apt-cacher,1
security_update_notifier apticron apt ubuntu update-notifier,1
apt apt management module apt unattended-updates apticron ubuntu debian,1
apticron rentabiliweb apticron module packages dpkg aptitude security apt rentabiliweb apticron puppet,1
chromerepo module for-loop installation the official google google-chrome apt yum repository google-chrome google,1
approx puppet approx module dpkg deb aptitude apt ubuntu debian approx,1
garethr module to allow installation of packages from packages garethrushgrove com ubuntu apt debian,1
apt apt automatic update module apt ubuntu unattended-upgrades apticron,1
package manage package manager currently only apt debian apt security initr,1
utilrepo interact with package repository in os-indepenent way package packages repository query apt aptitude ports debian freebsd pkgnames versions candidates,1
apt,1
spotify module to manage spotify on ubuntu spotify workstation ubuntu apt,1
reset cleans the apt package ilist and gets a fresh package list apt reset,1
localaptrepo local apt repository dependencies apt dpkg repository install package,1
gaudi module for-loop installation gaudi from repository on gaudi io apt gaudi docker,1
aptserver simple apt server module ubuntu debian apt server,1
reprepro puppet reprepro module apt repository packages ubuntu debian reprepro,1
apticron apticron puppet module apticron apt,1
apt cleans the apt package ilist and gets a fresh package list,1
apt provides an interface for-loop managing apt source key and definitions with puppet,1
apt simple apt-dater configuration apt-dater,1
apt provides an interface for-loop managing apt source key and definitions with puppet,1
cronapt configures the debian package 'cron-apt' to automatically control package updates via apt apt packages,1
mirror configure and manage debian mirrors apt ftpsync mirror debmirror,1
