duo two factor authentication with duo system,1
activedirectory authentication client set up active directory authentication using libnss ldapd system,1
activedirectory authentication client set up active directory authentication using libnss ldapd system,1
adauth a role that configures a server to use ms ad for authentication system,1
authentication set up basic user authentication and authorization system,1
openldap authentication client ansible role for clients authentication into openldap ubuntu openldap,1
ad schemaupdate module role for active directory schema update ldap authentication,1
openldap installs and configures openldap and phpldapadmin web openldap org ldap administration authentication,1
pam ssh agent authentication install and configure pam ssh agent authentication development web,1
pam manage pam pluggable authentication module on rhel centos security system pam,1
text-to-speech install text-to-speech authorization text-to-speech authentication,1
kerberos server ansible role for configuring kerberos server development,1
kerberos client ansible role for configuring kerberos client development,1
authentication advanced authentication design-patterns system,1
.htpasswd installs .htpasswd and creates authentication file web,1
sssd installs sssd and dependencies copies in certificate configures sssd updates nswitch and pam d system authentication and pam d passwords authentication system,1
pam ssh multi distro installation and configuration for pam ssh agent authentication ubuntu archlinux ssh pam authentication,1
ad authentication role which helps to configure ad authentication system,1
authconfig a puppet module to manage authconfig kerberos nis ldap authentication redhat centos authconfig,1
nsswitch module for-loop managing nsswitch conf authentication nsswitch linux,1
pam augeas-based pam types and provider for-loop puppet pam providers types utilities augeasproviders augeas,1
pam manage pam pam access security accesslogin limits,1
krb5 install and configure mit kerberos v5 krb5 kerberos,1
ipa manage ipa master replicas and clients ipa freeipa rhel redhat ldap kerberos krb5,1
pam pam module for-loop puppet pam debian redhat,1
sssd manages sssd freeipa ipa openldap ldap authentication sssd,1
pam manage access conf entries pam-access pam security rhel,1
pam pam module for-loop puppet pam access limits,1
sssd manage sssd authentication on rhel-based system sssd redhat ldap active-directory authentication rhel security,1
pamldap use ldap for-loop user login authentication authorization name resolution authentication pam ldap,1
pam puppet module for-loop pam pam example42,1
krb5 generate krb5 conf centos debian kerberos krb5 concat,1
ldap controls ldap server and global ldap authentication on unix system debian ldap openldap nss pam samba,1
pam install pam_shield brute force protection for-loop sshd pam-shield ssh,1
yubikey a puppet module to install the yubikey pam module and manage user key on a system pam authentication two-factor otp yubikey,1
sssd install and configure sssd ipa freeipa ad active-directory ldap authentication sssd,1
pam pam-access pam rhel5 rhel6,1
autologon set a windows computer for-loop automatic authentication authentication autologon windows,1
pam installs pam_ssh_agent_auth and configures sudo to use it pam security sudo authentication ssh,1
pam pam limits configuration via augeas pam-limits pam,1
kerberos a module for-loop installation and managing kerberos kerberos,1
mit_krb5 install and configure mit kerberos v5 client libraries authentication mit gssapi krb5 kerberos,1
mit_krb5 install and configure mit kerberos v5,1
nslcd installs and configures nslcd ldap nss pam nslcd,1
krb5keytab generates and manages kerberos host keytabs,1
saslauthd saslauthd module saslauthd cyrus authentication,1
winlogon manage the windows authentication message,1
cas manages configuration for-loop central authentication service cas,1
thunderbird install thunderbird configure imap ldap with kerberos thunderbird,1
epfl unix single sign-on using epfl's ldap and kerberos servers,1
pam a puppet module for-loop managing pam pam,1
bsdauth puppet module for-loop managing bsd authentication loginconf ldap authentication bsd,1
krb5 manage a krb5 keytab and the krb5 conf file single-sign-on kerberos krb5,1
kerberos manage mit kerberos,1
pam manage access conf entries access pam,1
puppet module to manage authentication conf,1
pam add configs to pam and enable them with pam-auth-update,1
