aws vpc spins up a very basic vpc with subnets cloud ec2,1
subnetgroup simple role to standardize creating aws database subnet groups web,1
awscli role to installation the aws command line interface amazon cloud s3 aws,1
aws nat role to configure aws nat instance cloud ec2 networking,1
aws ec2 ami copy copy ami between aws regions development automation slack,1
aws command-line-interface todo aws,1
aws command-line-interface installs and configures the aws command-line-interface for conveniently interacting with aws service such as s3 development,1
aws ecs autoscale ansible role for simplifying the provisioning and decommissioning of auto scaling ecs clustering within an aws account ecs ec2 aws,1
awscli aws command line interface a unified tool to manage your aws service cloud system ec2 networking,1
awscli aws command line interface a unified tool to manage your aws service cloud system ec2 networking,1
aws vpc nat gateway create a vpc with public subnet private subnet at amazon web service aws and enable nat gateway for private subnet cloud development system ec2 vpc networking aws,1
aws overseer scheduled starting and stopping of ec2 instances with cron jobs cloud ec2,1
aws infrastructure aws infrastructure build out things according to seemingly arbitrary conventions they probably makefile sense in the appropriate context cloud,1
aws command-line-interface install aws command-line-interface system,1
aws infrastructure aws infrastructure build out things according to seemingly arbitrary conventions they probably makefile sense in the appropriate context cloud,1
aws hostname set the hostname of a box system,1
amazon-cloudfront provision and configure aws amazon-cloudfront distributions cloud aws,1
aws infrastructure aws infrastructure build out things according to seemingly arbitrary conventions they probably makefile sense in the appropriate context cloud,1
aws command-line-interface install and configure aws command line interface system,1
aws sg manages security groups at amazon web service aws cloud development system ec2 networking,1
aws command-line-interface tools installs the aws command-line-interface tools development system,1
awscli awscli installer aws,1
aws inspector agent installs the aws inspector agent cloud ec2 monitoring,1
aws cloudwatch logging agent install and configure aws cloudwatch logging agent cloud ec2 monitoring,1
aws install awscli ans awslogs cloud system,1
aws lc manage aws launch configuration cloud development automation web slack aws,1
aws elb manage aws elb cloud development automation slack,1
aws asg manage aws asg cloud development automation,1
aws route53 manage aws route53 cloud development automation dns,1
elb simple role to standardize launching aws elastic load balancers web,1
thumbor installs and configures thumbor with aws backing system,1
aws amazon-cloudfront config ansible role to configure aws amazon-cloudfront cloud,1
hostname uses aws ec2 api tools to edit the ubuntu server hostname cloud system,1
aws command-line-interface install amazon aws command line interface amazon command-line-interface aws,1
aws ec2 ami create or destroy aws ami cloud development automation,1
aws cfn bootstrap installation of cfn bootstrap cloud system ec2,1
aws deployment ansible role to deployment infrastructure and application code cloud web,1
pseudo forge enables forge like functionality on no aws infrastructure system,1
aws scripting mon install and configure aws cloudwatch monitoring scripting system aws monitoring,1
aws command-line-interface aws command line interface a unified tool to manage your aws service cloud system ec2 networking,1
mapr aws bootstrap,1
aws codedeploy agent aws codedeploy agent installation system networking,1
aws command-line-interface installs and configures the aws command-line-interface for conveniently interacting with aws service such as s3 development,1
aws sg manages security groups at amazon web service aws cloud development system ec2 networking,1
ixgbevf installs the intel ixgbevf driver required for aws enhanced networking sr iov cloud system ec2 networking,1
centos ami builder ansible role to build a custom centos 7 x ami for aws ami,1
syncs3content synchronization from and to aws s3 cloud system,1
mapr aws bootstrap,1
aws codedeploy agent aws codedeploy agent installation system networking,1
aws r53 this role manages amazon aws route53 dns service cloud r53 ec2 directlyops dns aws,1
pseudo forge enables forge like functionality on no aws infrastructure system,1
syncs3content synchronization from and to aws s3 cloud system,1
awscli installs awscli on debian ubuntu linux servers ubuntu debian awscli aws,1
aws infrastructure aws infrastructure build out things according to seemingly arbitrary conventions they probably makefile sense in the appropriate context cloud,1
aws hostname set the hostname of a box system,1
aws ec2 provisioning create starte or terminate an instance in ec2 cloud development automation,1
aws infrastructure aws infrastructure build out things according to seemingly arbitrary conventions they probably makefile sense in the appropriate context cloud,1
aws command-line-interface installs and configures the aws command-line-interface for conveniently interacting with aws service such as s3 development,1
awscli install awscli aws aws-cli awscli debian ubuntu,1
aws this module provides the ability to manage aws resources,1
watchlogs configure aws cloudwatch logging logging cloudwatch aws,1
s3cmd s3cmd module synchronization debian centos redhat s3cmd aws,1
cloudwatchlogs configure aws cloudwatch logging on amazon linux ubuntu red hat centos ec2 instances amazon logging logging watch cloud cloudwatch aws,1
glacier install the glacier-cmd for-loop accessing amazon glacier from the command line aws amazon centos glacier rhel redhat centos applications,1
ebsvol manage amazon aws elastic block storage esb volumes amazon aws ebs elastic block storage ec2 fog attach format,1
awscli installs awscli aws cloud amazon,1
aws manage your aws ec2 instances from your puppet manifests amazon web service aws manage ec2 instance fog ec2instance awsaccess ebs instance-store ami compute,1
command-line-interface a puppet module for-loop aws command line tools,1
awsdemo puppet module to manage "profiles" and higher-level abstractions aws demo,1
yas3fs a module to install and manage yas3fs mounts s3fs aws s3,1
aws a bridge allowing you to installation amazon web service resources such as vpcs and subnets using the puppet dsl fog api cloud subnet amazon-iam vpc amazon aws,1
command-line-interface installs aws-cli aws aws-cli,1
aws aws helper for-loop an instance,1
cloudwatch install amazon aws cloud watch monitoring scripting,1
aws puppet module for-loop the amazon aws command line interface amazon command-line-interface aws,1
scheduler aws scheduler - stop and start server instances according to schedule and save on aws costs,1
codedeploy puppet module to manage the aws codedeploy agent aws codedeploy,1
bundled installs bundled aws command-line-interface software,1
cfn_resource_bridge puppet module to manage aws aws-cfn-resource-bridge,1
cloudwatch a module to and manage the aws cloudwatch logging agent awslogs cloudwatch aws,1
aws configure aws file and tools,1
