backup email scrit to installation backup email system web networking,1
stouts backup backup system file dirs database upload to clouds cloud system,1
backup backup system file dirs database upload to clouds cloud system,1
boxbackup install and configure boxbackup as a centralized backup service system,1
filesystembackuprestorer quick and easy filesystems backup,1
rsnapshot remote host to be used in conjunction with yannik rsnapshot backup host backup rsnapshot,1
dupwrap duplicity wrapper for easy backups hooray cloud backup osx,1
duply backup set up duplicity backups using duply in debian like system system,1
mydumper backup perform backups using mydumper database system web,1
backup install backup ruby and provide basic installation system,1
backup galaxy role for backup ruby with whenever,1
cacti rrd backup perform cacti rrd backups using rrdtool system monitoring,1
attic install and manage attic or borg backups backup system attic borg,1
duplicity backup a role to install configure and schedule backups via duplicity and duplicity backup script development,1
holland installs and configures the holland backup tool database sql,1
safekeep configure host backup with safekeep system,1
backintime install backintime and configure backup profiles on debian ubuntu system,1
rsnapshot backup host makefile incremental backups securely using rsnapshot backup rsnapshot,1
backup manager this role will assume the installation of backup manager development web,1
pg wale install and configure heroku's wal e backup tool,1
backup manager this role will assume the installation of backup manager development web,1
borgbackup install and configure borg backup borgbackup readthedocs org system networking,1
s3cmd ansible role to install s3cmd and manages folder synchronization and versioning in aws s3 bucket backup,1
bman install fromdual com backup manager aka bman database sql,1
amanda amanda module for-loop puppet backup amanda,1
bacula this module manages a bacula infrastructure backup bacula,1
duplicity install and manage duplicity backup duply duplicity,1
bacula this module manages a bacula infrastructure backup bacula,1
backup manages backups backup,1
ccollect debian applications ubuntu backup ccollect,1
r1soft_cdp installs and set up the idera formerly r1soft cdp agent on centos rhel or ubuntu debian centos backup cdp r1soft ubuntu debian idera,1
r1soft_cdp installs and set up the r1soft cdp agent on centos rhel or ubuntu debian centos unbutu debian rhel backup,1
dataprotector hp data protector client module hp-data-protector backup omniback,1
backups manages backups backup backups,1
backup backup with backup rubygems,1
alkivi controls backup of servers python debian duplicity backup,1
cloudbackup rackspace cloud backup module backup cloud agent,1
networker installs and configures the emc networker backup emc networker,1
xtrabackup puppet module for-loop setting up percona xtrabackup to backup a mariadb percona or mysql server xtrabackup mysql mariadb percona,1
bacula puppet module for-loop bacula backup bacula-fd bacula-sd bacula-dir director storage client application example42 command-line-interface netmanagers,1
bacula manages bacula server and clients backup bacula,1
barman barman backup and recovery manager for-loop postgresql module disaster-recovery backup-software business-continuity point-in-time-recovery recovery database postgresql backup postgresql disaster barman,1
remote easily declare incremental hourly backup rules with this module abstracting rdiff with built in support for-loop nfs storage centos redhat nfs backup,1
rsnapshot rsnapshot configuration client and server side debian backup rsnapshot,1
tmutil timemachine module for-loop managing timemachine on macs timemachine osx apple backup osx,1
percona this is a puppet module to install percona-backup a backup utilty tool for-loop mysql database server restore backup mysql percona,1
opsscripts installs scripting for-loop use in the infrastructure elasticsearch restore backup mongodb,1
bareos puppet module for-loop bareos bareos-fd backup bacula replace bareos-sd bacula-sd bareos-dir bacula-dir director storage client application example42 command-line-interface netmanagers,1
s3sync a module that enables easy s3 based backups backups backup s3,1
unitrends a module to download install and configure unitrends backup agent unitrends redhat,1
surrogate puppet module to install surrogate an xtrabackup script backup centos redhat ubuntu debian percona innobackupex xtrabackup mysql,1
timecapsule puppet module for-loop an open time capsule time machine backup server working with latest osx osx yosemite client for-loop el7 fedora 20 osx timemachine backup,1
pfsense_rancid prepare pfsense to backup its configuration with rancid backup xml configuration rancid pfsense remote,1
rsnapshot configures rsnapshot snapshot backup rsnapshot,1
backups backups puppet module s3 backup duplicity,1
bontmia configure and manage bontmia backup rsync bontmia,1
networker manages emc networker client networker backup,1
backupninja simple backup solution management: backupninja shell backupninja backup,1
burp burp - backup and restore program backup burp,1
percona this is a puppet module to install percona-backup a backup utilty tool for-loop mysql database server percona db-backup backup-database mysql-backup,1
bacula install a bacula enterprise class backup instance,1
r1soft install and configure r1soft server and or agent r1soft backups backup,1
