bash install a nice bash profile system,1
homeshick deploys dotfiles with the bash only homeshick project system dotfiles homeshick workstation,1
xdg configure xdg directory settings for bash zsh fish shells dotfiles shell xdg,1
pure install configure the pure prompt for bash zsh fish shells dotfiles shell pure,1
history automatically configure bash history following best guidelines to makefile it more usable in a production environnement system,1
letsencrypt ansible galaxy role to install letsencrypt sh bash client security system web networking letsencrypt ssl,1
common for conveniently describing miscellaneous task settings eg bash aliases apt packages etc that makefile it easier to get around a development server box system,1
bashalias role to add bash aliases for all user system,1
bash command run any bash command as a role development system,1
shell conf send shell bash zsh config file to hosts system,1
bash updates bash web,1
bash aliases set aliases in bash aliases for debian ubuntu system,1
bash install bash and bash completion system,1
fix bash bug update bash for various debian version system,1
common for conveniently describing miscellaneous task settings eg bash aliases apt packages etc that makefile it easier to get around a development server box system,1
bash cmd run any bash command as a role development system,1
bash an ansible role to manage bash profiles system,1
bash set up bash in debian like system system,1
bash an ansible role to manage bash profiles system,1
dircolors configure ls colors for bash zsh fish shells dotfiles dircolors lscolors,1
xdg configure xdg directory settings for bash zsh fish shells dotfiles shell xdg,1
dircolors configure ls colors for bash zsh fish shells dotfiles dircolors lscolors,1
dircolors configure ls colors for bash zsh fish shells dotfiles dircolors lscolors,1
pure install configure the pure prompt for bash zsh fish shells dotfiles shell pure,1
user ansible role to set consistent file for user bash profile gitcompletion bash and gitconfig user,1
xdg configure xdg directory settings for bash zsh fish shells dotfiles shell xdg,1
bash this module installs and configures the bash package bash,1
colorprompt add colors to your bash prompt bash prompt shell,1
bash centos colorize squeeze debian completion git rhel shell,1
bash shell bash,1
bash yet another bourne again shell management puppet module bash bash,1
rvm single user ruby rubygems module based on rvm for-loop puppet >=3 0x bash rubygems ruby rvm,1
bash manages bash config linux bash,1
bash manage bash via puppet,1
shellshock puppet module for-loop shellshock shellshock bash,1
bash this module is meant to manage the bash shell environment security profile bash,1
bash puppet management for-loop bash,1
bash puppet module to manage bash,1
bash configure and manage bourne again shell bash dotfiles and profiles bash gnu shell,1
bash manage the bash shell associated functionality shell profile bash,1
bash puppet module for-loop bash history realtime extra extended bash-history history bash module puppet,1
bash copy the expected skeleton file into a user's homedir,1
