named a highly configurable role for bind named versions 9 system,1
bind role to installation bind berkley internet naming daemon system dns,1
bind ansible role to install bind dns networking,1
bind install bind packages bind debian dns,1
bind bind role for ansible system,1
bind install and manage bind 9 create slaves automaticly web dns networking,1
ebind9 a role to install and configure isc bind dns name server system web dns networking,1
bind set up isc bind on rhel centos 6 7 as an authoritative dns server for a single dns master and or slave system dns networking,1
debian bind install bind for debian system system,1
bind handle bind bind system,1
bind ansible role for bind installation and configuration system networking,1
bind bind dns server module bind dns named,1
bind isc bind name server nsupdate bind dns dnssec,1
bind camptocamp bind module bind named dns concat,1
disk configures disk parameters bind disk,1
nsd manage nsd authoritative name server networking zonefile bind dns nsd,1
dnsmasq puppet module for-loop dnsmasq dns hosts dhcp tftp bind application deployment example42 command-line-interface netmanagers,1
bind bind dns,1
bind manage bind and its master dns zones networking bind dns initr,1
bind puppet module for-loop bind bind9 dns nameserver example42 dns name server,1
bind controls bind9 server debian bind bind9 dns,1
bind debian bind dns,1
bind puppet module for-loop bind,1
bind yet another isc bind module,1
bindrecords manage bind records dns nsupdate named bind,1
bind panaceya bind module,1
bind dns bind named config management dns named bind,1
authbind allows non-privileged user on debian boxes to bind to ports below 1024 ubuntu authbind,1
ldap2zone a module for-loop managing ldap2zone ldap2zone ldap bind,1
dnssec module to manage dns using chroot and sign dnssec zones chroot bind dnssec dns linux,1
