memcached ansible role memcached web,1
memcached installs memcached latest system web,1
memcached installs memcached latest system web,1
memcached installs memcached latest system web,1
sa memcached memcached is a distributed high performance in memory caching system that is primarily used to performance up sites that makefile heavy use of database memcached ubuntu,1
phpmemcachedadmin set up phpmemcachedadmin memcached server admin in php for monitoring and debugging database system web nosql,1
memcached installs memcached memcached org system web,1
debian memcached install memcached for debian system system,1
memcached memcached for linux database web,1
memcached install and start memcached database sql,1
memcached set up a memcached server in debian like system system web,1
memcached install minimal memcached 1 4 21 from source on centos development web,1
memcached ansible role to install memcached system,1
drupsible memcached with drupsible your team will be able to provision import integrate deployment and maintain drupal website across complex infrastructures using a simple set of yaml configuration file memcached drupsible drupal php pecl,1
cw yrmcds this role installs and configures yrmcds a memcached compatible kvs with master slave replication replication system web kvs,1
memcached memcached for linux database web,1
memcached an ansible role for installation memcached database web,1
memcached install memcached and allow to configure it system,1
memcached an ansible role that installs memcached on redhat centos database web,1
memcached ansible role to install memcached system,1
drupsible memcached with drupsible your team will be able to provision import integrate deployment and maintain drupal website across complex infrastructures using a simple set of yaml configuration file memcached drupsible drupal php pecl,1
cw yrmcds this role installs and configures yrmcds a memcached compatible kvs with master slave replication replication system web kvs,1
memcached ansible role for memcached management caching,1
memcached memcached for linux database web,1
memcached ansible role memcached,1
memcached an ansible role for installation memcached system web,1
memcached ansible role memcached web,1
memcached memcached for linux database web,1
memcached manage memcached via puppet linux amazon centos debian ubuntu redhat fedora memcached,1
memcached memcached module rhel centos caching memcached,1
moxi moxi module couchbase memcached,1
memcached puppet module for-loop memcached memcached example42 stdmod,1
couchbase couchbase module memcached couchdb couchbase memcached,1
memcached a puppet module for-loop managing one or more memcached instances on ubuntu and centos memcached centos ubuntu selinux multiple instances,1
memcached puppet memcached management module memcached,1
memcached set up memcached on centos rhel centos memcached memcached,1
memcached a puppet module to manage memcached memcached openbsd,1
memcached puppet module for-loop installation and configuring memcached,1
twemproxy it install and configure twemproxy memcached balancer twemproxy,1
