ubuntu base updates upgrades and intsall commonly needed tools for ubuntu server cloud system ec2,1
drone install drone io and it's dependencies cloud development system,1
forever worker installs forever and copies an upstart script for a worker types process cloud system,1
seafile install and configure seafile an open source cloud storage homepage seafile com web,1
cloudman image build a base cloudman image wiki galaxyproject org cloudman cloud system clustering,1
lsyncd clustering set's up the lsyncd synching daemon across all the hosts in the current playback cloud system ec2 gce rax clustering networking,1
terraform terraform installation cloud,1
monasca user-interface installs grafana and the monasca dashboard into openstack horizon monitoring,1
openstack horizon openstack horizon dashboard installation ansible role cloud,1
eucalyptus configureosg role to configure eucalyptus osg cloud ec2 clustering,1
eucalyptus installation installation all packages on eucalyptus components according to their group role cloud ec2 clustering packaging,1
eucalyptus credentials role to get eucalyptus admin credentials cloud ec2,1
sabnzbd deployment sabnzbd an open source binary newsreader cloud web,1
sickbeard deployment sickbeard a pvr for newsgroup user cloud web,1
aws vpc spins up a very basic vpc with subnets cloud ec2,1
ec2 provision provision ec2 instance cloud,1
openstack glance openstack glance image service installation ansible role cloud,1
openstack nova scheduler openstack nova scheduler service installation ansible role cloud,1
openstack nova api openstack nova api service installation ansible role cloud,1
openstack neutron server openstack neutron server installation ansible role cloud,1
openstack neutron plugins ml2 openstack neutron ml2 plugins installation ansible role cloud,1
openstack nova consoleauth openstack nova consoleauth service installation ansible role cloud,1
opsmatic role to install opsmatic agent cloud system ec2 monitoring,1
openstack neutron l3 agent openstack neutron l3 agent installation ansible role cloud,1
openstack neutron dhcp agent openstack neutron dhcp agent installation ansible role cloud,1
openstack nova compute openstack nova compute service installation ansible role cloud,1
openstack dev set up a server with tools useful for developing openstack cloud development,1
tsuru installs tsuru cloud web,1
ansible ansible for redhat centos debian ubuntu cloud development system packaging,1
zfs a role for installation zfs cloud development system,1
tarsnap role for operating tarsnap backups cloud system,1
include amzn base this role intends to provide common enhancements to amazon linux ami base environment cloud system ec2,1
owncloud install and manage owncloud instance cloud system web,1
subnetgroup simple role to standardize creating aws database subnet groups web,1
owncloud installs owncloud on fedora cloud web,1
grsecurity build and install roles for grsecurity linux kernel patch cloud system packaging,1
awscli role to installation the aws command line interface amazon cloud s3 aws,1
aws nat role to configure aws nat instance cloud ec2 networking,1
ipfs quick and easy ipfs installer cloud database installer ipfs web,1
aws ec2 ami copy copy ami between aws regions development automation slack,1
aws command-line-interface todo aws,1
cloud packages lsst square's cloud packages cloud,1
aws command-line-interface installs and configures the aws command-line-interface for conveniently interacting with aws service such as s3 development,1
aws ecs autoscale ansible role for simplifying the provisioning and decommissioning of auto scaling ecs clustering within an aws account ecs ec2 aws,1
sa s3cmd installs popular opensource database clients dbeawer and robomongo s3 ubuntu s3cmd aws,1
openstack ansible operating-system neutron installation and installation of neutron cloud development python neutron openstack,1
s3cmd scrit to installation s3cmd s3cmd is a command line tool and client for uploading retrieving and managing data in amazon s3 object storage cloud system ec2 web networking,1
letsencrypt a role to automate letsencrypt certificate cloud web letsencrypt,1
openstack ansible magnum deployment magnum with openstack ansible cloud,1
s3cmd s3cmd a command line tool and client for uploading retrieving and managing data in amazon s3 cloud system ec2 networking,1
nomad installs nomad cloud clustering,1
freebsd jailed sftp installs a sftp server cloud ec2 iocage jails sftp freebsd,1
awscli aws command line interface a unified tool to manage your aws service cloud system ec2 networking,1
awscli aws command line interface a unified tool to manage your aws service cloud system ec2 networking,1
aws vpc nat gateway create a vpc with public subnet private subnet at amazon web service aws and enable nat gateway for private subnet cloud development system ec2 vpc networking aws,1
logdna the easiest cloud logging management system you will ever use logging,1
sonarr deployment sonarr a mart pvr for newsgroup and bittorrent user cloud download sonarr system entertainment web nzb usenet dashboard,1
eucalyptus netcat install eucalyptus netcat cloud ec2,1
eucalyptus walrus ansible role to install eucalyptus walrus cloud ec2,1
denyhosts manage denyhosts cloud system,1
aws overseer scheduled starting and stopping of ec2 instances with cron jobs cloud ec2,1
coreos cloudinit cloud config for coreos cloud system,1
rollback ansible role to rollback applications heavily inspired by ansistrano cloud web,1
riofs riofs is an userspace filesystems for amazon s3 buckets for servers cloud system ec2 networking,1
lattice configure lattice cloud clustering,1
s3cmd s3cmd ansible role cloud,1
aws infrastructure aws infrastructure build out things according to seemingly arbitrary conventions they probably makefile sense in the appropriate context cloud,1
openstack neutron server openstack neutron server installation ansible role cloud,1
openstack nova api openstack nova api service installation ansible role cloud,1
openstack nova compute openstack nova compute service installation ansible role cloud,1
openstack keystone openstack keystone identity service installation ansible role cloud,1
loggly configures loggly for an application cloud system,1
common ansible role cloud system web,1
aws command-line-interface install aws command-line-interface system,1
ansible burrow an ansible role for installation burrow by linkedin cloud system clustering,1
aws infrastructure aws infrastructure build out things according to seemingly arbitrary conventions they probably makefile sense in the appropriate context cloud,1
pdi pentaho pdi role cloud database web,1
s3 website because it shouldn't take more than 30 seconds to host a static site web,1
aws hostname set the hostname of a box system,1
amazon-cloudfront provision and configure aws amazon-cloudfront distributions cloud aws,1
aws infrastructure aws infrastructure build out things according to seemingly arbitrary conventions they probably makefile sense in the appropriate context cloud,1
haveged ansible role for installation haveged web issihosts com haveged to improve entropy on linux machines cloud system,1
create droplet wrapper for provisioning digitalocean droplets cloud development,1
sacloud create sacloud resources cloud,1
awslogs meta role a meta role for integrating awslogs into other roles cloud system ec2 monitoring,1
aws command-line-interface install and configure aws command line interface system,1
nomad installs nomad cloud clustering,1
aws sg manages security groups at amazon web service aws cloud development system ec2 networking,1
k8s common common task for ansibl8s roles its setups kubernetes applications cloud system clustering,1
freebsd jail host freebsd jail host cloud ec2 iocage jails freebsd,1
freebsd jailed sshd provides a jailed sshd server cloud ec2 iocage jails sshd freebsd,1
qualys cloud agent ansible role to install the qualys cloud agent on linux,1
openstack this role is to provision out a complete openstack kilo deployment including all service networks and tenants projects cloud development system ec2,1
aws command-line-interface tools installs the aws command-line-interface tools development system,1
storyboard ansible role to install openstack storyboard openstack storyboard,1
awscli awscli installer aws,1
foreman hammer command-line-interface installs and configures foreman hammer command-line-interface cloud system,1
cloud create and manage cloud vms cloud linode,1
ec2 role role to provisioning ec2 instances ec2 aws,1
c9sdk deploys a local instance of the c9 sdk cloud development web,1
openstack neutron networks a role to idempotently configure neutron networks subnets and routers on a per project basis neutron openstack,1
hostnames manage cloud virtualization hostnames cloud linode,1
openstack neutron dvr ansible role for openstack neutron dvr cloud networking,1
ec2describe describe ec2 instances web,1
openstack common openstack common configure cloud system,1
openstack controller openstack controller configure cloud system,1
nomad installs nomad cloud clustering,1
cloudwatch send memory statistics to cloudwatch cloud,1
owncloud owncloud system web remote,1
chronos task deployment task on chronos cloud system clustering,1
cosbench ansible role to install and configure cosbench cloud object storage benchmarking tool system storage,1
aws inspector agent installs the aws inspector agent cloud ec2 monitoring,1
openstack client openstack clients ceilometer cinder glance heat keystone neutron nova swift and trove heat ceilometer cinder neutron glance trove client openstack packaging keystone nova swift,1
awscli installs awscli cloud system,1
aws cloudwatch logging agent install and configure aws cloudwatch logging agent cloud ec2 monitoring,1
ec2 server spin up ec2 server cloud ec2,1
papertrail an ansible role for installation papertrail cloud system,1
aws install awscli ans awslogs cloud system,1
cloud monitoring agent installs and configures the rackspace cloud monitoring agent cloud rax monitoring,1
cloud backup agent installs and configures the rackspace cloud backup agent cloud system rax,1
aws lc manage aws launch configuration cloud development automation web slack aws,1
aws elb manage aws elb cloud development automation slack,1
aws asg manage aws asg cloud development automation,1
aws route53 manage aws route53 cloud development automation dns,1
owncloud owncloud web service web,1
owncloud ansible role that download and installs owncloud cloud web,1
seafile install and configure seafile an open source cloud storage homepage seafile com web,1
dom0 ansible recipe to prepare debian based xen host to create ubuntu guests cloud system,1
ec2 simple role to standardize launching ec2 instances web,1
s3deploy deploys tarball from s3 web,1
elb simple role to standardize launching aws elastic load balancers web,1
s3cmd install and configure s3cmd tools cloud ec2 web,1
thumbor installs and configures thumbor with aws backing system,1
openstack horizon openstack horizon dashboard installation ansible role cloud,1
openstack keystone openstack keystone identity service installation ansible role cloud,1
openstack nova conductor openstack nova conductor service installation ansible role cloud,1
openstack nova novncproxy openstack nova novncproxy service installation ansible role cloud,1
openstack neutron plugins openvswitch agent openstack neutron openvswitch agent plugins installation ansible role cloud,1
user manage user accounts and groups on a server cloud system ec2,1
grive a role for installation gdrive cloud development,1
flynn flynn role for ansible cloud clustering,1
eucalyptus configurestorage role to configure eucalyptus storage controllers properties cloud ec2,1
eucalyptus start start up all eucalyptus cloud components once thwy are registred cloud system ec2 clustering,1
eucalyptus initialization initialization all eucalyptus components to get ready for configuration and registration cloud system ec2 clustering,1
eucalyptus register register the eucalyptus cloud components all together cloud system ec2 clustering,1
couchpotato deployment couchpotato an automatic nzb torrent downloader cloud web,1
digital ocean ansible role for provisioning vms on digital ocean cloud,1
ec2 group provision ec2 security groups with firewall rules cloud,1
discourse install discourse cloud web,1
loggly configures loggly for an application cloud system,1
forever app configures loggly for an application cloud system,1
ec2 mysql role to install mysql on ec2 using an ebs volume cloud database ec2 sql,1
devstack deployment devstack on a virtualization instance i e ec2 vsphere vmware digital ocean etc cloud development,1
aws amazon-cloudfront config ansible role to configure aws amazon-cloudfront cloud,1
rtbkit ansible playbook for rtbkit cloud ec2,1
znc on znc deployment znc bouncer for irc configured for multiple clients cloud,1
owncloud client owncloud client installation on debian ubuntu based on the official installation script owncloudclient client owncloud,1
cfnbootstrap this role will deployment the cfn bootstrap to your redhat and debian servers cloud system ec2 cfn packaging aws cloudformation,1
terraform an ansible role for installation terraform cloud system,1
wildfly wildfly role cloud web,1
cloudconfig ansible module for managing coreos cloudinit user data cloud development packaging,1
foreman installs and configures foreman cloud system,1
hostname uses aws ec2 api tools to edit the ubuntu server hostname cloud system,1
s3 provision and configure aws s3 buckets cloud aws,1
aws command-line-interface install amazon aws command line interface amazon command-line-interface aws,1
terraform terraform installation and installation cloud,1
aws ec2 ami create or destroy aws ami cloud development automation,1
awscli installs awscli cloud system,1
openstack repository ansible role to add openstack repository cloud packaging,1
scaleway mount mount additional volumes on cloud servers scaleway or other system,1
configdrive creates a configdrive for openstack cloud openstack,1
owncloud install owncloud on enterprise linux like centos and red hat owncloud,1
aws cfn bootstrap installation of cfn bootstrap cloud system ec2,1
mocking service simulates serivces cloud,1
py openstack dev installation your dev instance for openstack development cloud,1
cyclosible role to install cyclosible a tool to add a rest api to ansible cloud system,1
freebsd jailed syslogd provides a jailed syslogd server cloud syslogd ec2 iocage jails freebsd,1
transmission ansible role to set up and configure transmission a web based torrent manager cloud,1
rexray rex ray installation and configuration cloud development ec2 gce rax,1
owncloud installs and configures a ready to use owncloud deployment owncloud org cloud web,1
aws deployment ansible role to deployment infrastructure and application code cloud web,1
asterisk role installation and configuring asterisk cloud development system,1
pseudo forge enables forge like functionality on no aws infrastructure system,1
freebsd build server creates a freebsd build server poudriere ec2 poudriere freebsd,1
freebsd jailed provides a jail cloud ec2 iocage jails freebsd,1
bosh jumpbox ansible role for bosh and cloud foundry jumpbox cloud cloudfoundry clustering,1
rexray rex ray installation and configuration cloud development ec2 gce rax,1
release release code cloud system,1
aws scripting mon install and configure aws cloudwatch monitoring scripting system aws monitoring,1
aws command-line-interface aws command line interface a unified tool to manage your aws service cloud system ec2 networking,1
mapr aws bootstrap,1
aws codedeploy agent aws codedeploy agent installation system networking,1
aws command-line-interface installs and configures the aws command-line-interface for conveniently interacting with aws service such as s3 development,1
aws sg manages security groups at amazon web service aws cloud development system ec2 networking,1
threatstack ansible ansible role to install the threatstack agent cloud system ec2 monitoring,1
wildfly wildfly role cloud web,1
cloudconfig ansible module for managing coreos cloudinit user data cloud development packaging,1
foreman installs and configures foreman cloud system,1
openstack neutron qos ansible role for openstack neutron qos cloud networking,1
openstack designate ansible role for openstack designate cloud networking,1
ixgbevf installs the intel ixgbevf driver required for aws enhanced networking sr iov cloud system ec2 networking,1
centos ami builder ansible role to build a custom centos 7 x ami for aws ami,1
install gcloud install google cloud sdk and kubectl cloud kubernetes gcloud k8s kubectl,1
cloudstack agent install cloudstack agent for kvm hypervisors cloud,1
openstack compute openstack compute configure cloud system,1
syncs3content synchronization from and to aws s3 cloud system,1
awscli installs awscli cloud system,1
openstack repository ansible role to add openstack repository cloud packaging,1
scaleway mount mount additional volumes on cloud servers scaleway or other system,1
travis dashboard set up travis dashboard cloud,1
mapr aws bootstrap,1
aws codedeploy agent aws codedeploy agent installation system networking,1
owncloud install owncloud on enterprise linux like centos and red hat owncloud,1
cloudfoundry command-line-interface installs cloudfoundry command-line-interface on ubuntu cloud system,1
owncloud installs and configure owncloud cloud system web,1
aws r53 this role manages amazon aws route53 dns service cloud r53 ec2 directlyops dns aws,1
asterisk role installation and configuring asterisk cloud development system,1
pseudo forge enables forge like functionality on no aws infrastructure system,1
freebsd build server creates a freebsd build server poudriere ec2 poudriere freebsd,1
freebsd jailed provides a jail cloud ec2 iocage jails freebsd,1
bosh jumpbox ansible role for bosh and cloud foundry jumpbox cloud cloudfoundry clustering,1
owncloud client owncloud client installation on debian ubuntu based on the official installation script owncloudclient client owncloud,1
cfnbootstrap this role will deployment the cfn bootstrap to your redhat and debian servers cloud system ec2 cfn packaging aws cloudformation,1
terraform an ansible role for installation terraform cloud system,1
syncs3content synchronization from and to aws s3 cloud system,1
transmission ansible role to set up and configure transmission a web based torrent manager cloud,1
rexray rex ray installation and configuration cloud development ec2 gce rax,1
openstack ansible backup role backup operation for openstack ansible cloud mariadb percona openstack galera,1
terraform installs terraform cloud development system,1
elastic beanstalk ansible module for working with amazon elastic beanstalk cloud development ec2 web packaging,1
required variables ensure required variables are defined and or have values cloud development,1
awscli installs awscli on debian ubuntu linux servers ubuntu debian awscli aws,1
aws infrastructure aws infrastructure build out things according to seemingly arbitrary conventions they probably makefile sense in the appropriate context cloud,1
riofs riofs is an userspace filesystems for amazon s3 buckets for servers cloud system ec2 networking,1
aws hostname set the hostname of a box system,1
aws ec2 provisioning create starte or terminate an instance in ec2 cloud development automation,1
common install vivareal infra packages cloud development automation slack,1
aws infrastructure aws infrastructure build out things according to seemingly arbitrary conventions they probably makefile sense in the appropriate context cloud,1
aws command-line-interface installs and configures the aws command-line-interface for conveniently interacting with aws service such as s3 development,1
ceilometer install configure openstack ceilometer,1
heat install configure openstack heat,1
s3cmd a puppet module to manage s3cmd s3 ubuntu debian s3cmd aws amazon,1
openstack install configure and manage a full installation of openstack juno icehouse cloud openstack,1
awscli install awscli aws aws-cli awscli debian ubuntu,1
neutron puppet module for-loop openstack neutron,1
aws this module provides the ability to manage aws resources,1
midonet configure and install midonet components midonet sdn openstack,1
keystone puppet module for-loop openstack keystone,1
s3file s3 file synchronization s3 file aws,1
aviator puppet feature wrapper for-loop the aviator openstack api library for-loop ruby fog aviator openstack,1
provisioner puppet cloud provisioner puppet puppetlabs cloud ec2 aws amazon provisioner provisioning cloud-provisioner,1
openstack puppet openstack libraries,1
watchlogs configure aws cloudwatch logging logging cloudwatch aws,1
glance puppet module for-loop openstack glance,1
cinder puppet module for-loop openstack cinder,1
nova puppet module for-loop openstack nova,1
s3cmd s3cmd module synchronization debian centos redhat s3cmd aws,1
ec2 aws ec2 tags exported as puppet facts and aws command-line-interface tool installed facter tags amazon ec2 aws,1
quantum puppet module for-loop openstack quantum,1
neutron puppet module for-loop openstack neutron,1
cloudwatchlogs configure aws cloudwatch logging on amazon linux ubuntu red hat centos ec2 instances amazon logging logging watch cloud cloudwatch aws,1
ceilometer puppet module for-loop openstack ceilometer,1
heat puppet module for-loop openstack heat,1
swift puppet module for-loop openstack swift,1
horizon puppet module for-loop openstack horizon,1
tempest puppet module for-loop openstack tempest,1
openstack cloud provisioner support for-loop openstack virtualization openstack nova virtualization,1
gce_compute native types for-loop managing google cloud platform infrastructure as puppet dsl device compute google gce,1
keystone puppet module for-loop openstack keystone,1
openstack puppet openstack libraries,1
owncloud puppet module for-loop owncloud owncloud,1
glacier install the glacier-cmd for-loop accessing amazon glacier from the command line aws amazon centos glacier rhel redhat centos applications,1
cloudformation module to deployment cloudformation face puppet ec2 amazon enterprise cloudformation pe cfn,1
nova puppet module for-loop openstack nova,1
glance puppet module for-loop openstack glance,1
ec2 manages the ec2-tools aws ec2,1
neutron puppet module for-loop openstack neutron,1
cinder puppet module for-loop openstack cinder,1
ebsvol manage amazon aws elastic block storage esb volumes amazon aws ebs elastic block storage ec2 fog attach format,1
grizzly simplified openstack grizzly deployment with puppet,1
neutron puppet module for-loop openstack neutron with midonet,1
awscli installs awscli aws cloud amazon,1
azure create and manage machines running on microsoft azure with puppet azure linux windows microsoft cloud,1
node_gce puppet google compute module node-gce cloud google,1
owncloud to deployment owncloud using apache php mysql cloud-drive self-hosting owncloud,1
havana simplified openstack havana deployment with puppet,1
aws manage your aws ec2 instances from your puppet manifests amazon web service aws manage ec2 instance fog ec2instance awsaccess ebs instance-store ami compute,1
heat puppet module for-loop openstack heat,1
windowsazure windows azure cloud provisioning module azure linux windows microsoft cloud,1
cubbystack frameworks for-loop creating custom openstack deployments cinder openstack glance nova keystone swift,1
kickstack rapid openstack deployment with puppet-dashboard or any other puppet enc openstack,1
horizon puppet module for-loop openstack horizon,1
saio deployment openstack swift-all-in-one swift openstack,1
one opennebula management module - manage opennebula nodes management oned sunstone webinterface cloud kvm oned management sunstone one opennebula,1
owncloud controls owncloud deployement owncloud debian,1
mount mounts ephemeral storage on ec2 instances logging logstash beaver,1
autoami automatically update amis on puppet changes virtualization cloud ec2 ami,1
command-line-interface a puppet module for-loop aws command line tools,1
cloud_provisioner puppet cloud provisioner,1
awsdemo puppet module to manage "profiles" and higher-level abstractions aws demo,1
yas3fs a module to install and manage yas3fs mounts s3fs aws s3,1
aws a bridge allowing you to installation amazon web service resources such as vpcs and subnets using the puppet dsl fog api cloud subnet amazon-iam vpc amazon aws,1
cloud enovance openstack module openstack cloud,1
dropbox a simple module for-loop installation the dropbox client dropbox storage cloud,1
command-line-interface installs aws-cli aws aws-cli,1
owncloud puppet module to install owncloud owncloud,1
openstack define profiles and roles for-loop deployment midonet with openstack,1
cloudinit helper to install amazon cloudinit scripting ec2 amazon cloudinit cloud-init,1
aws aws helper for-loop an instance,1
havana reference module to install openstack havana with cubbystack openstack havana nova glance keystone neutron cinder,1
openstack puppet openstack extras module,1
google_cloud install and configure google cloud sdk gce cloud google linux googlecloudsdk,1
amazon manages mounting s3 buckets,1
amazon manages mounting s3 buckets,1
microsoftazure microsoft azure cloud provisioning module,1
owncloud puppet owncloud module web server php cloud owncloud,1
owncloud owncloud install module php owncloud,1
ec2_hosts module for-loop writing hosts entries based on ec2 tags,1
openstack,1
ec2cronjob it creates cronjobs that runs in ec2 on only one instance per used ami,1
cloudwatch install amazon aws cloud watch monitoring scripting,1
aws puppet module for-loop the amazon aws command line interface amazon command-line-interface aws,1
scheduler aws scheduler - stop and start server instances according to schedule and save on aws costs,1
swift puppet module for-loop openstack swift,1
cloud cloud configuration module,1
packstack this module set up packstack and installs it openstack packstack,1
owncloud module for-loop installation and optionally configuring owncloud owncloud,1
ironic puppet module for-loop openstack ironic,1
ceilometer puppet module for-loop openstack ceilometer,1
ironic puppet module for-loop openstack ironic,1
codedeploy puppet module to manage the aws codedeploy agent aws codedeploy,1
s3 this module adds s3 download capability with file resources controls,1
tempest puppet module for-loop openstack tempest,1
sahara puppet module for-loop openstack sahara,1
trove puppet module for-loop openstack trove,1
manila puppet module for-loop openstack manila,1
designate puppet module for-loop openstack designate,1
openstack puppet openstack extras module,1
s3 this module uses unicorns to fetch file from s3,1
azure deployment and manage the azure agent on linux instances cloud microsoft azure,1
tuskar puppet module for-loop openstack tuskar,1
bundled installs bundled aws command-line-interface software,1
ipquery module to deployment the ipquery tool ec2 aws,1
cfn_resource_bridge puppet module to manage aws aws-cfn-resource-bridge,1
cloudwatch a module to and manage the aws cloudwatch logging agent awslogs cloudwatch aws,1
s3 backup various stuff to s3,1
openstack install configure and manage a full installation of openstack juno with midonet,1
aws configure aws file and tools,1
ec2legacy adds flattened ec2 facts removed in facter 3 x amazon facts ec2 aws,1
s3cmd install s3cmd - command line tool for-loop managing amazon s3 and amazon-cloudfront service,1
puppet manage profitbricks cloud environment with puppet,1
gnocchi puppet module for-loop openstack gnocchi,1
murano puppet module for-loop openstack murano,1
aodh puppet module for-loop openstack aodh,1
openstack install configure and manage a full installation of openstack kilo with high-availability using hiera,1
glance puppet module for-loop openstack glance kilo release to support high availability,1
