consul consul ansible role system networking monitoring,1
ophidia ansible role to deployment ophidia clustering database clustering,1
hdfs an ansible role for installation cdh hadoop system,1
zookeeper install zookeeper with ansible cloud database clustering,1
zookeeper a role for installation zookeeper and setting up a clustering cloud database system clustering,1
consul installs and configures consul cloud clustering monitoring,1
corosync pacemaker install and configure corosync and pacemaker on rhel6 system clustering,1
consul installs and configures consul cloud clustering monitoring,1
etcd installs etcd build 0 4 1 from git cloud development system web packaging,1
slurm ansible role to install slurm lrms with checkpointing blcr clustering,1
torque ansible role to install a torque pbs clustering clustering,1
hadoop manager this role that can be used to install and manage hadoop clustering ver 2 4 1 clustering packaging,1
consul role for consul clustering networking monitoring,1
mesosphere installs and configures mesosphere and marathon clustering mesosphere com clustering containers,1
zookeeper installs and configures zookeeper zookeeper apache org system clustering,1
consul tools installs consul tools consul,1
hadoop install a hadoop clustering web hadoop,1
ansible role consul install consul with dnsmasq discovery consul,1
midonet clustering midonet clustering role cloud database,1
zookeeper a role for installation zookeeper and setting up a clustering cloud database system clustering,1
consul templates installs configures and runs consul templates as a service consul,1
etcd install and manage etcd centos only requires ansible 2 x system,1
zookeeper install apache zookeeper server development,1
midonet clustering midonet clustering role cloud database,1
consul dnsmasq installs and configures hasicorp's consul clustering with dnsmasq development consul dnsmasq system,1
consul templates cloud ec2 gce rax clustering networking monitoring,1
mapr zookeeper,1
mapr clustering startup,1
ceph agent installs ceph storage agent system,1
zookeeper installs apache zookeeper,1
ceph fetch key fetches ceph key from monitors system,1
consul installs and configures consul system,1
consul consul is a tool for service discovery and configuration consul is distributed highly available and extremely scalable system clustering monitoring,1
deployment sx deployment an sx storage clustering cloud clustering,1
zookeeper zookeeper clustering role for midonet deployments cloud database,1
glusterfs installs glusterfs web gluster org configures and creates clustering system clustering,1
consul installs configures and build a consul clustering web consul io system clustering,1
consul install config consul cloud development system clustering monitoring,1
slurm installs and configures slurm on a clustering system,1
pacemaker installs and configures pacemaker and corosync clusterlabs org ability to configure clustering and define clustering settings ready for openstack system clustering networking,1
etcd etcd role development,1
mesosphere zookeeper mesosphere zookeeper role development,1
cdh configuration prepare clustering for hadoop cdh install cloudera cdh hadoop,1
zookeeper role to install and manage apache zookeeper database clustering,1
nis configures nis clustering packaging,1
sa hashicorp consul hashicorp consul binaries ubuntu consul hashicorp,1
zookeeper an ansible role that installs zookeeper on ubuntu specifically created with phansible in mind system,1
sa gluster fs glusterfs is a scalable networking filesystems ubuntu distributed glusterfs filesystems,1
slurm install slurm clustering slurm lrms,1
gluster node ansible role for red hat gluster nodes disconnected gluster,1
ansible consul installs and configures consul cloud system web clustering networking,1
ceph mon ceph mon configure cloud system,1
consul ansible role for consul amazon python consul centos65 supervisor,1
consul templates ansible role for consul templates amazon python27 centos6 supervisor,1
pacemaker manage pacemaker provide module to interface with pcs tool clustering,1
ceph rgw installs ceph rados gateway system,1
ceph mon installs ceph monitor system,1
ceph common installs ceph system,1
crm base a bare pacemaker and corosync stack role clustering,1
zookeeper installs zookeeper clustering,1
zookeeper installs zookeeper database nosql,1
galera an ansible role for galera percona xtradb clustering database packaging,1
pg failover config configure a pg clustering with automated failover,1
falcon microservice start a dockerized falcon microservice clustering,1
hoko role for hoko web clustering,1
sks install and manage sks keyserver clustering system,1
hpc head node a role to configure a generics clustering head node,1
consul roles to install consul and run consul clustering monitoring,1
etcd installs etcd build 0 4 6 from git cloud system,1
riakcs credentials creates an admin account on the riakcs clustering and gather the credentials system clustering,1
consul service git deployment development system,1
destroy sx destroy an sx storage clustering deployed by deployment sx cloud clustering,1
consul ansible role for hashicorps consul system monitoring,1
ceph rbd mirror installs ceph mirror agent system,1
consul consul is a tool for service discovery and configuration consul is distributed highly available and extremely scalable system clustering monitoring,1
consul consul role development,1
zookeeper zookeeper ansible role,1
zookeeper apache zookeeper clustering,1
consul consul clustering role system networking,1
mapr zookeeper startup,1
ansible consul cloud system networking monitoring,1
consul install and configure consul clustering consul,1
ceph restapi installs ceph restapi system,1
ceph mds installs ceph metadata system,1
consul hashicorp's consul for rhel centos system consul,1
ceph client installs a ceph client system,1
mesos frontend front end node for an elastic mesos clustering mesos,1
ansible zookeeper ansible zookeeper role platform,1
etcd configure and run dockerized etcd etcd,1
high-availability clustering pacemaker pacemaker basic clustering role with fence xvm pacemaker clustering,1
high-availability clustering rgmanager rgmanager basic clustering role with fence xvm rgmanager clustering,1
zookeeper installs zookeeper database web,1
ceph common ceph common configure cloud system,1
ceph osd ceph osd configure cloud system,1
consul templates consul templates development,1
ceph rbd mirror installs ceph mirror agent system,1
zookeeper database nosql,1
kubernetes master master kubernetes clustering,1
mapr zookeeper startup,1
ansible consul cloud system networking monitoring,1
hadoop apache hadoop role development,1
consul consul role development,1
zookeeper zookeeper ansible role,1
zookeeper apache zookeeper clustering,1
destroy sx destroy an sx storage clustering deployed by deployment sx cloud clustering,1
consul ansible role for hashicorps consul system monitoring,1
zookeeper apache zookeeper zookeeper,1
consul templates consul templates development,1
consul alerts ansible role for consul alerts amazon python27 consul centos6 supervisor,1
corosync manage corosync provides a module to configure service clustering,1
etcd clustering etcd clustering generation system,1
ceph osd installs ceph object storage daemon system,1
corosync deployment a corosync clustering support unicast and multicast with mutilple rings cloud system clustering,1
crm clustering automated configuration of pacemaker clustering clustering,1
zookeeper install apache zookeeper development,1
consul templates install consul templates service monitoring tools,1
hadoop ansible role to install a hadoop clustering version 1 2 1 clustering,1
ganglia ansible role to install ganglia in a set of nodes clustering,1
zookeeper an ansible role for installation apache zookeeper database,1
etcd install and manage etcd system,1
consul installs and configures consul system,1
corosync this module is a set of manifests and types providers for-loop quickly setting up highly available cluster-computing using corosync debian high-availability heartbeat pacemaker,1
consul configures consul by hashicorp consul,1
zookeeper module for-loop managing apache zookeeper zookeeper,1
mesos module managing mesos master and slave instalation clustering mesos,1
glusterfs manage glusterfs glusterfs redhat centos storage gluster,1
hiera module for-loop using consul as a hiera backend consul hiera,1
ora_rac build an oarcle rac clustering with puppet,1
consul install and manage consul templates and its jobs,1
hadoop hadoop clustering with security webhdfs mapreduce yarn hdfs hadoop,1
pacemaker puppet pacemaker module,1
hadoop install hadoop mapreduce next generation hadoop yarn,1
hadoop install hadoop and create hdfs file system read the readme markdown for-loop more information hadoop hdfs,1
hadoop hadoop site-specific module cloudera accounting hadoop,1
hbase hbase clustering hbase hadoop,1
zookeeper zookeeper clustering with security zookeeper hadoop,1
zookeeper install apache zookeeper clustering zookeeper,1
rhcs puppet module for-loop rhcs rhcs clustering example42,1
etcd module for-loop installation a etcd hiera backend hiera etcd,1
gluster create and manage gluster pools volumes and mounts gluster,1
gluster a puppet module for-loop glusterfs gluster glusterfs ttboj,1
clvm puppet module for-loop clvm clvm clustering example42,1
pacemaker puppet module to provide configuration managent of pacemaker and associated resources high-availability pacemaker pcs,1
zookeeper a puppet module which installs and configures apache zookeeper mesos orchestration cluster-analysis zookeeper apache,1
corosync puppet module for-loop corosync management pacemaker corosync,1
zookeeper module to manage the zookeeper service cloudera hadoop zookeeper,1
confd confd class and function toml consul etcd confd,1
ceph a puppet module to install configure ceph ceph,1
graphlab deployment openmpi clustering and installation graphlab,1
pacemaker puppet module for-loop corosync with pacemaker installation and management puppet pacemaker corosync hiera clustering,1
dms resources for-loop managing a cern it gt dms clustering cern dms grid,1
ucarp this puppet module controls the installation and configuration of ucarp on centos and redhat 6 0 -> 6 4 for-loop two nodes however may be exported to many nodes as necessary controlling vip_address and id variables by clustering this puppet module install〿configure and controls the high availability software ucarp between two nodes or more if-statement required redhat centos ucarp,1
zookeeper zookeeper java,1
impala puppet module for-loop managing cloudera impala hadoop,1
apache-pig apache-pig installation apache-pig hadoop,1
ceph ceph debian ubuntu,1
hadoop apache hadoop 1 2 1 installs pre-req and software,1
apache-storm install apache-storm clustering apache-storm,1
zookeeper puppet zookeeper clustering module centos debian ubuntu redhat zookeeper cloud clustering,1
etcd a puppet module to install and configure etcd! etcd coreos,1
ambari this module installs ambari the hadoop management and monitoring system agent and or server it is tested with centos 6 4 hadoop ambari,1
druid hadoop indexing druid query analytics realtime distributed olap,1
etcd installs and configures etcd etcd,1
hadoop install hadoop mapreduce next generation,1
corosync this module installs and manages corosync corosync stdmod example42,1
hadoop install hadoop mapreduce version 2 3 0 and provides its java dependencies with the jdk1 7 0_51 then installs stratosphere on top of yarn hdfs nossh stratosphere yarn hadoo,1
consul puppet module to configure and install consul-alerts service ubuntu centos monitoring ops consul-alerts consul,1
ceph module for-loop managing ceph,1
ceph ceph orchestration ceph,1
netapp manages resources on netapp clustering data ontap devices,1
zookeeper puppet provider to manage nodes on zookeeper server zookeeper,1
percona installs configures and manages percona xtradb clustering,1
consulr consul library for-loop puppet integration automation api consul,1
exhibitor manages exhibitor for-loop zookeeper nodes zookeeper exhibitor,1
consul consul importer for-loop connect,1
druid set up and configures a full druid clustering,1
hadoop common puppet library for-loop hadoop module,1
hadoop base install of hadoop common core package core common hadoop,1
corosync this module is a set of manifests and types providers for-loop quickly setting up highly available cluster-computing using corosync,1
impala cloudera impala puppet module impala hadoop,1
percona_clusters this module will install percona xtra-db clustering,1
consul puppet reporter which save details to consul kv,1
ceph a module for-loop configuring ceph ceph,1
druid set up and configures a full druid clustering,1
