drupal ansible role for installation a new drupal site development,1
wordpress set up multiple wordpress installations in debian like system using wp command-line-interface web,1
drush drush command line shell for drupal development web,1
wordpress wordpress development web,1
drush drush the drupal shell useful tool for managing drupal sites over console development system web packaging,1
drupal an ansible role for configuring rsyslog logrotate for drupal web monitoring,1
drupal install drupal a world class cms development web,1
modx installs the modx cms web,1
wordpress a role to installation wordpress web,1
drupsible uploadprogress pecl uploadprogress extension for php fpm uploadprogress drupsible drupal php pecl,1
drupsible xdebug xdebug extension for php fpm drupsible drupal php pecl xdebug,1
october cms octobercms based on laravel php frameworks laravel frameworks cms php october,1
frogy centos7 initwordpress init wordpress on centos 7 development web,1
centos7 wordpress installs wordpress on centos 7 development web,1
wordpress deployment wordpress for ubuntu and centos fork from galaxy ansible com darthwade wordpress development web cms,1
wordpress download wordpress and configures basic database and encryption parameters automatically fpm nginx web wordpress cms php mysql blogs,1
drush drush command line shell for drupal development web,1
aegir aegir drupal hosting and provisioning development web hosting aegir,1
drupal console install drupal console development system web packaging,1
drupal install drupal a world class cms development web,1
wordpress ansible role to install wordpress web,1
wordpress,1
installwordpress 'install wordpress' wordpress php,1
wordpress installs wordpress on a redhat based distribution rhel centos fedora web,1
wordpress installation wordpress web packaging,1
drush debian lucid drush command line shell for drupal development web,1
drush drush command line shell for drupal development web,1
wordpress manages wordpress installation web,1
wordpress wordpress installer web wordpress cms,1
drupal ansible role for drupal installation system,1
drupalconsole com drupal console web packaging,1
wordpress wordpress installer web wordpress cms,1
drupsible drupal console web,1
drupal perms properly configure the permissions of a drupal site development web,1
wp command-line-interface install wp command-line-interface a command line interface for wordpress development web packaging,1
wordpress wordpress project role for beetbox development installer web wordpress beetbox,1
drush drush command line shell for drupal development web,1
new wordpress new wordpress install for apache servers ubuntu operating-system database web sql,1
drupal coding standards ansible role that installs drupal coding standards for php code sniffer development web,1
drupal ansible role for deploying drupal from a set of git repository development web,1
wordpress apache wordpress apache development web,1
wordpress this is an ansible role for wordpress development web,1
wordpress scrit to installation wordpress system web networking,1
drupsible newrelic with drupsible your team will be able to provision import integrate deployment and maintain drupal website across complex infrastructures using a simple set of yaml configuration file drupsible profiling drupal php monitoring newrelic,1
fail2ban wordpress install the fail2ban service and wordpress fail2ban plugins on redhat system fail2ban wordpress,1
drupal console drupal console web packaging,1
drush drush command line shell for drupal development web,1
drush drush command line shell for drupal development web,1
bedrock site protect locking your bedrock wordpress with .htpasswd development web,1
drupal deps manage drupal module and themes web,1
wordpress installs and configures wordpress on centos rhel 7 by using wp command-line-interface web,1
wordpress ready to fly install and configure wordpress cloud system nginx web,1
wordpress ready to fly install and configure wordpress cloud system nginx web,1
drush drush command line shell for drupal development web,1
wordpress installs and configures wordpress on centos rhel 7 by using wp command-line-interface web,1
drupsible newrelic with drupsible your team will be able to provision import integrate deployment and maintain drupal website across complex infrastructures using a simple set of yaml configuration file drupsible profiling drupal php monitoring newrelic,1
drupal console drupal console web packaging,1
drush drush command line shell for drupal development web,1
bedrock site protect locking your bedrock wordpress with .htpasswd development web,1
drupal synchronization synchronize drupal file and database using drush development web,1
drupal slim project role for beetbox development installer web beetbox slim,1
wp command-line-interface install wp command-line-interface a command line interface for wordpress development web packaging,1
drupal settings ansible role to create a custom settings php for a drupal multi site installation development web,1
bedrock site protect locking your bedrock wordpress with .htpasswd development web,1
devmaster installs devshop devmaster drupal hosting aegir,1
aegir user aegir user drupal hosting aegir,1
drupal console drupal console web packaging,1
wordpress puppet module to set up an instance of wordpress wordpress blogs,1
wordpress puppet module to set up an instance of wordpress centos apache applications ubuntu mysql php wordpress blogs,1
drush drush puppet module drupal drush php,1
drupal this is a module that allows you to manage many aspects of a multisite drupal installation content-management-system drupal web web,1
web-applications wrapper to create resources that compound web-applications virtualhost drush drupal tomcat solr mysql apache,1
wordpress puppet module for-loop wordpress wordpress apache example42,1
drupal install and manage drupal including module and sites drush drupal,1
drush installs several versions of drush system-wide command-line-interface php drupal,1
drupal drupal puppet module drupal php,1
drupal_solr a module for-loop installation solr for-loop drupal drupal solr,1
wordpress configure php and nginx for-loop wordpress sites nginx mysql php php wordpress,1
wordpress multi-tier wordpress deployment stack,1
wordpress wordpress apache mysql php content management system,1
drush this module installs and configured the fetcher drupal drush extension and build system,1
wp manage your wordpress installations with wp-cli wordpress wp-cli,1
drupal module de d茅ploiement de drupal7 sur une instance cloudstack by ikoula templates debian7 cloudstack ikoula cloudplatform debian drupal,1
drush this module installs drush a command line utility for-loop drupal composer-php drush php,1
wordpress puppet module to set up multiple instances of wordpress wordpress blogs,1
wordpress this module configures only nginx site and php for-loop wordpress,1
wordpress wordpress module for-loop el 6 lamp website php wordpress,1
testd8 module de d茅ploiement de drupal 8 0 2 sur une instance cloudstack by ikoula templates debian 8 2,1
wordpress module de de wordpress 4 4 1 sur une instance cloudstack by ikoula templates debian7,1
