consul consul ansible role system networking monitoring,1
consul installs and configures consul cloud clustering monitoring,1
consul installs and configures consul cloud clustering monitoring,1
consul role for consul clustering networking monitoring,1
consul tools installs consul tools consul,1
ansible role consul install consul with dnsmasq discovery consul,1
consul templates installs configures and runs consul templates as a service consul,1
consul dnsmasq installs and configures hasicorp's consul clustering with dnsmasq development consul dnsmasq system,1
consul templates cloud ec2 gce rax clustering networking monitoring,1
consul installs and configures consul system,1
consul consul is a tool for service discovery and configuration consul is distributed highly available and extremely scalable system clustering monitoring,1
consul installs configures and build a consul clustering web consul io system clustering,1
consul install config consul cloud development system clustering monitoring,1
sa hashicorp consul hashicorp consul binaries ubuntu consul hashicorp,1
ansible consul installs and configures consul cloud system web clustering networking,1
consul ansible role for consul amazon python consul centos65 supervisor,1
consul templates ansible role for consul templates amazon python27 centos6 supervisor,1
consul roles to install consul and run consul clustering monitoring,1
consul service git deployment development system,1
consul ansible role for hashicorps consul system monitoring,1
consul consul is a tool for service discovery and configuration consul is distributed highly available and extremely scalable system clustering monitoring,1
consul consul role development,1
consul consul clustering role system networking,1
ansible consul cloud system networking monitoring,1
consul install and configure consul clustering consul,1
consul hashicorp's consul for rhel centos system consul,1
consul templates consul templates development,1
ansible consul cloud system networking monitoring,1
consul consul role development,1
consul ansible role for hashicorps consul system monitoring,1
consul templates consul templates development,1
consul alerts ansible role for consul alerts amazon python27 consul centos6 supervisor,1
consul templates install consul templates service monitoring tools,1
consul installs and configures consul system,1
consul configures consul by hashicorp consul,1
hiera module for-loop using consul as a hiera backend consul hiera,1
consul install and manage consul templates and its jobs,1
confd confd class and function toml consul etcd confd,1
consul puppet module to configure and install consul-alerts service ubuntu centos monitoring ops consul-alerts consul,1
consulr consul library for-loop puppet integration automation api consul,1
consul consul importer for-loop connect,1
consul puppet reporter which save details to consul kv,1
