docker an ansible role for the docker daemon development system packaging,1
docker an ansible role for the docker daemon development system packaging,1
stash docker this role is to manage stash docker container's life cycle cloud,1
mesos docker ansible mesos docker playbook role system,1
docker debian ansible role for installation docker in debian wheezy system,1
docker install docker system,1
lxc lxc playbook system,1
docker a docker ansible role system,1
docker installs and configures docker development system,1
docker set up the latest version of docker engine in debian like system development system packaging docker,1
docker an ansible role for install docker and docker enter system networking packaging,1
docker registry ansible role to deployment configurat private docker registry on ubuntu 14 04 or later development system,1
docker install docker con centos6 development,1
docker containers an ansible roles that creates docker containers system,1
docker multi installs docker on lots of different platforms development system,1
rancher rancher orchestration service for docker cloud system,1
lxc role to manage lxc on arch linux system,1
docker installs docker and related utilities development system,1
docker tools install common tools for docker system,1
docker ubuntu docker on ubuntu greater than 12 04 development system packaging,1
docker install docker con centos6 development,1
docker registry registry server for docker hosting delivering of repository and image cloud development packaging,1
docker registry private docker registry on ubuntu 12 04 or above development system packaging,1
docker shipyard ansible role to installation shipyard server on ubuntu 12 04 or above development system packaging,1
lxc configure and manage lxc environment on a host system,1
docker compose install,1
flocker install flocker and distribute certs installer docker flocker,1
registrator run registrator docker containers cloud registrator,1
docker install and configure docker package system,1
docker registry ansible role to manage and run docker registry containers registry ubuntu docker,1
docker build image ansible role to build docker image development docker,1
docker docker on ubuntu greater than 12 04 development system packaging,1
tini ensures tini init is installed use it for docker image cloud system packaging,1
docker host configures an ec2 instance as a docker host docker,1
docker ansible role for docker ubuntu htpc docker,1
docker install docker create mirror and pull image development automation cotainers,1
flocker install flocker and distribute certificate installer docker flocker,1
bosun all in one installs bosun with opentsdb as docker containers system bosun opentsdb,1
docker installs docker system packaging,1
ansible role docker an ansible role to install docker in debian or ubuntu system docker,1
ansible role docker install docker engine docker,1
umurmur a umurmur role using docker systemd murmur voip umurmur docker,1
docker compose docker compose is a tool for defining and running multi containers docker applications packaging,1
docker swarm docker swarm is native clustering for docker it turns a pool of docker hosts into a single virtual docker host packaging,1
docker compose set up the latest or a specific version of docker compose in debian like system development system packaging docker,1
local dev set up a local dev enviorment with docker and docker machine on osx osx based on ifttt dash project osx docker dockermachine,1
pdoc boot ansible role to boot lxc instance system networking,1
docker machine install docker machine system,1
docker install ands configures docker engine on redhat centos and debian ubuntu system,1
gophermq stack ties together influxdb letsencrypt mosquiotto and grafana using ansible and docker cloud database networking monitoring,1
docker couchdb installs couchdb and couchdb lucene in tandem docker containers development,1
docker redis ansible role to manage and run the redis docker containers ubuntu redis docker,1
docker postgresql ansible role to manage and run the postgresql docker containers database docker sql,1
dockerhost ansible role to set up a raspberry pi 2 as a docker host running on centos 7 system,1
docker sabnzbd ansible galaxy role to manage and run the sabnzbd docker containers ubuntu sabnzbd docker,1
docker installs docker on servers,1
docker kibana ansible role to install kibana docker containers ubuntu kibana monitoring docker,1
docker provision a docker plattform on your host virtualbox docker,1
docker install installs latest docker from docker io development system,1
docker influxdb ansible role to install docker influxdb influxdb monitoring docker,1
docker an ansible role for installation docker on ubuntu cloud system,1
lxc webpanel an ansible role for installation lxc web panel system,1
install docker install docker on ubuntu debian cloud development system packaging,1
perlbrew docker image build docker image with perlbrew a requested perl version cpanm and module development web,1
docker docker is an open platform for developers and sysadmins of distributed applications system,1
docker docker is an open platform for developers and sysadmins of distributed applications system,1
docker install docker development,1
docker installs docker system,1
run docker registry run docker registry locally cloud development system packaging,1
docker dropbox role to add a docker containers with a dropbox deamon web,1
docker for ubuntu role docker for ubuntu described in 1 sentence docker,1
docker machine installs and configures docker machine development system,1
docker install and configure docker system,1
docker installs docker engine on ubuntu lts or debian stable system,1
docker install and confiure docker development system,1
docker install docker on ubuntu cloud system packaging,1
docker gen install and manage docker gen file generator which uses docker metadata cloud system,1
kubernetes install kubernetes on local docker containers,1
docker installs docker on ubuntu system packaging,1
docker ansible galaxy role for docker,1
discourse ansible role for set up discourse using docker,1
docker an unopinionated docker role for rhel centos cloud system platform,1
docker compose creates a docker compose file to be able to docker compose up rm and shared-libraries on development clustering networking,1
docker selenium runs seleniumhq docker image in a selenium grid confuration for firefox and google-chrome selenium testing,1
docker registry docker registry role development,1
docker package for installation latest docker tools on vagrant box development system,1
docker ansible role for docker,1
docker rabbitmq docker image of rabbitmq,1
registrator consul ansible role for bootstrapping a docker based consul clustering,1
docker installs and configures docker also adds ability to manage docker image cloud development system packaging,1
docker docker role cloud development system rax,1
sa docker docker with optional docker compose ubuntu docker,1
docker compose ansible role to install docker compose on local machine system dockercompose docker,1
docker a simple role to install docker engine and run the docker service docker,1
docker docker for linux server server development system webserver docker,1
flocker aws this role automates the implementation of a flocker and docker swarm clustering on aws infrastructure cloud ec2 aws docker flocker,1
docker syslog makefile docker write its logging to syslog logging syslog docker,1
concourse continuous-integration install docker version of concourse continuous-integration continuous-integration,1
devpi containers ansible role to manage devpi containers containers devpi docker,1
docker provisionning take an ansible inventory and create one docker containers for each listed hosts after you can deployment your favorite ansible playbook on theses docker inventory and makefile easily and safely full testing in a new and clean environnement testing provision provisionning deployment docker,1
docker install installs docker engine and compose to an ubuntu server containerization ubuntu docker,1
docker containers just me docker,1
ansible docker ansible role that installs docker on ubuntu xenial cloud system packaging docker,1
docker caddy configures caddy on docker on an ec2 instance running modulusx docker host caddy docker,1
docker osb create and configure docker image containers for osb oracle web middleware,1
nvidia docker ansible role to install nvidia docker ubuntu docker,1
docker docker swarmkit dockerswarm swarm dockerswarmkit docker,1
weave weave networking docker networking,1
docker docker image builder cloud system,1
docker compose containers creating docker containers compositions cloud containers system provision provisioning docker,1
docker docker installer cloud system docker,1
docker this is a modified version of the docker ansible kubernetse deployment role from kubernetes contrib docker,1
docker compose installs docker compose development,1
docker install and configure docker engine docker,1
docker installs and configures docker development,1
docker wildfly install wildfly web,1
docker ansible mysql role to install mysql create database user and handle privilleges database development sql,1
docker docker system,1
docker wheezy installation docker on debian cloud system,1
docker roles ansible role to installation docker containers to host docker registery shipyard server shipyard agent and docker host on ubuntu 12 04 or above development system packaging,1
install docker install docker system,1
docker install docker on remote system,1
docker host configures host for running and management docker containers system,1
droplet docker ansible role for setting up docker on digitalocean droplet as per guide web digitalocean com community tutorials how to install and use docker getting started system,1
docker docker for debian 64bit containers virtualization lxc,1
docker ubuntu install docker system,1
debian docker docker installation in debian jessie and wheezy system system,1
docker mesosphere docker based mesosphere provisioning using ansible cloud,1
zenodocontainerised a role to deployment zenodo in a docker containers web,1
docker nginx proxy role for deploying an nginx proxy containers web,1
docker containers role for managing dockerized service cloud system,1
docker registry private registry server for docker cloud development packaging,1
docker engine install,1
docker swarm a consul based swarm development,1
docker ansible,1
devops docker utils,1
docker systemd unit installs and configures docker development,1
docker toolbox ansible role for docker toolbox development osx,1
provision debian docker install docker and docker compose on debian ubuntu system,1
docker registry v2 build run docker registry deployment docker,1
docker ansible role for docker system containers,1
docker engine docker engine installation development system,1
docker compose install docker compose development system,1
rebuild docker containers ansible role to rebuild a docker containers cloud system,1
docker install ands configures docker engine on redhat centos and debian ubuntu system,1
docker install docker with docker compose for redhat debian and suse variants fedora ubuntu opensuse arch redhat centos docker,1
user a user client provisioner system user docker,1
docker ansible role to install docker docker,1
docker machine docker machine is a tool that lets you install docker engine on virtual hosts and manage the hosts with docker machine command packaging,1
docker machine set up the latest or a specific version of docker machine in debian like system development system packaging docker,1
lxc installs lxc system packaging,1
docker docker role for ubuntu 14 04 docker,1
app to marathon deployment mesosphare marathon apps using ansible marathon apps deployment docker,1
docker compose install installs latest docker compose via pip development system,1
docker pull pulls docker image for pre baked vm's development system,1
tutum ansible role install and configure the tutum co agent for managing docker containers cloud development,1
tmux installs docker and related utilities development system,1
docker install docker,1
docker nginx ansible role to manage and run the nginx docker containers nginx ubuntu docker,1
docker machine installs docker machine from git development,1
docker docker is an open platform for developers and sysadmins of distributed applications system,1
docker install docker and provide usefull settings for it development system,1
docker compose docker compose role development,1
systemd docker service register docker containers as systemd daemons system,1
docker sentry ansible role to manage and run the sentry docker containers assume you have docker redis postgresql already installed ubuntu docker sentry,1
docker compose install docker compose system,1
docker docker allows you to package an application with all of its dependencies into a standardized unit for software development packaging,1
docker sickrage ansible galaxy role to manage and run the sickrage docker containers sickrage ubuntu docker,1
docker couchpotato ansible galaxy role to manage and run the couchpotato docker containers ubuntu couchpotato docker,1
docker plex ansible galaxy role to manage and run the plex docker containers ubuntu plex docker,1
docker oauth2 proxy ansible galaxy role to manage and run the oauth2 proxy docker containers ubuntu docker,1
docker ansible role to install docker engine on ubuntu 14 04 or later system,1
docker elasticsearch ansible role to install docker elasticsearch containers elasticsearch monitoring docker,1
docker graphite ansible role to install graphite docker containers ubuntu statsd graphite monitoring docker,1
docker grafana ansible role to install grafana docker containers grafana ubuntu monitoring docker,1
repos install docker,1
galaxy deb docker installs docker on ubuntu system packaging,1
deb docker installs docker on ubuntu system packaging,1
docker cadvisor ansible role to install docker cadvisor containers cadvisor monitoring docker,1
docker media converter ansible galaxy role to manage and run the media converter docker containers mediaconverter ubuntu docker,1
docker engine compose testing testing docker engine and docker compose testing docker,1
breakerbox docker runs breakerbox for micro service app containers instrumented with tenacity breakerbox,1
docker lightweight docker install cloud development system packaging,1
docker engine docker engine installation development system,1
docker swagger editor swagger editor for docker server development system webserver docker,1
docker swagger generator swagger generator for docker server development system webserver docker,1
docker memcached memcached for docker memcached server development system webserver docker,1
docker teamspeak3 teamspeak3 for docker server development system teamspeak webserver docker,1
docker registry containers ansible role to manage docker registry containers containers dockerregistry docker,1
docker unprovisionning take an ansible inventory and remove docker containers for each listed hosts this role is the companion of docker provisionning testing provision provisionning deployment docker,1
docker the way i run docker containers docker,1
docker resume configures my resume containers behind caddy on docker on an ec2 instance running modulusx docker host and modulusx docker resume caddy docker,1
pct ansible role to create lxc containers using the proxmox 'pct' command system proxmox,1
docker installs docker system,1
docker datacenter install docker datacenter on centos rhel ubuntu debian docker,1
docker cleanup utilities and systemd units-of-measurement for delinting your docker daemon development,1
weave scope weave scope weavescope scope networking weave docker networking,1
docker install ands configures docker engine on redhat centos and debian ubuntu system,1
docker install docker with docker compose for redhat debian and suse variants fedora ubuntu opensuse arch redhat centos docker,1
user a user client provisioner system user docker,1
docker ansible role to install docker docker,1
docker sickrage ansible galaxy role to manage and run the sickrage docker containers sickrage ubuntu docker,1
docker couchpotato ansible galaxy role to manage and run the couchpotato docker containers ubuntu couchpotato docker,1
docker plex ansible galaxy role to manage and run the plex docker containers ubuntu plex docker,1
docker oauth2 proxy ansible galaxy role to manage and run the oauth2 proxy docker containers ubuntu docker,1
docker ansible role to install docker engine on ubuntu 14 04 or later system,1
docker elasticsearch ansible role to install docker elasticsearch containers elasticsearch monitoring docker,1
docker graphite ansible role to install graphite docker containers ubuntu statsd graphite monitoring docker,1
docker grafana ansible role to install grafana docker containers grafana ubuntu monitoring docker,1
docker docker role for ubuntu 14 04 docker,1
app to marathon deployment mesosphare marathon apps using ansible marathon apps deployment docker,1
docker a simple docker installer cloud,1
docker compose docker compose role development,1
systemd docker service register docker containers as systemd daemons system,1
docker engine install,1
docker swarm a consul based swarm development,1
docker ansible,1
devops docker utils,1
docker systemd unit installs and configures docker development,1
docker toolbox ansible role for docker toolbox development osx,1
provision debian docker install docker and docker compose on debian ubuntu system,1
docker registry v2 build run docker registry deployment docker,1
docker ansible role for docker system containers,1
docker registry frontend ansible role to install docker registry frontend dashboard registry user-interface monitoring docker,1
weave scope weave scope weavescope scope networking weave docker networking,1
docker docker is an open platform for developers and sysadmins of distributed applications system,1
docker this ansible role enables people to install the latest docker on an ubuntu likesystem it also provides a handy library function to validation that the dockerdaemon is running and functional-programming ubuntu docker,1
provision docker provision docker containers using inventory containers role testing provision testing provisioning docker,1
docker installs docker development,1
docker docker cross platform parallel-processing cloud system,1
boot ansible role to boot lxc instance system networking,1
docker an ansible role for installation docker development system,1
docker ansible role for docker system,1
docker ansible docker playbook role cloud system platform,1
docker ansible docker playbook role cloud system,1
provision docker provision docker containers suitable for testing ansible roles testing provision testing provisioning docker,1
docker py installs and configures docker py for use with docker development,1
docker ubuntu docker on ubuntu greater than 12 04 development system packaging,1
docker module for-loop installation and managing docker ubuntu lxc redhat centos docker,1
docker installs configures and manages the docker daemon and docker containers,1
docker puppet module to docker tsuru-docker tsuru paas,1
tiller a dynamic configuration file generation tool for-loop use with docker containers,1
fig download and installs fig http: web fig sh containers docker fig,1
docker manage docker containers natively with a 'docker' service provider,1
tsuru puppet module to tsuru paas docker paas,1
lxc lxc management containers lxc,1
marathon puppet module for-loop mesos marathon docker marathon mesos,1
maestrong module to set up a bare metal box for-loop docker maestro-ng docker maestro,1
swarm a module for-loop docker swarm swarm docker,1
docker,1
weave puppet module for-loop deploying and managing a docker networking with weave,1
registry puppet module to tsuru paas docker registry registry tsuru paas,1
sphinxsearchdocker a module for-loop running sphinx in docker containers sphinx docker,1
marathon mesosphere marathon installation management module marathon mesosphere cloud docker apache mesos,1
docker handle docker containers as service in rhel,1
weave module for-loop installation and configuring weave for-loop docker weave docker,1
docker_compose download and installs docker compose docker-compose compose docker,1
kubernetes configuring and installation kubernetes kubernetes-client kubernetes-node kubernetes-master kubectl kubelet docker kubernetes,1
docker manages puppet labs training classroom environments,1
drone drone continuous-integration module development integration continuous continous-integration docker continuous-integration drone,1
portauthority puppet module to bootstrap port authority etcd paas docker,1
docker module for-loop installation and managing docker docker,1
flannel flannel is a virtual networking that gives a subnet to each host for-loop use with containers runtimes docker flannel,1
docker a puppet module that manage the docker-engine daemon configuration docker,1
docker installs docker,1
docker download and installs docker machine docker-machine machine docker,1
docker it prepares a server to run docker,1
docker install docker,1
docker installs and configures docker registry docker-distribution docker-registry,1
docker configure systemd service to run docker containers systemd docker,1
docker set up docker on a host,1
grafana grafana instance configuration using docker systemd docker grafana,1
riemann riemann server configuration systemd docker riemann,1
docker simple docker module,1
