cron handle cron cron system,1
cron ansible role to manage crontab system crontab,1
enable standards cronjobs this role removes the disabled extension that hosting companys sometimes adds to default cronjobs to disable them and save cpu cycles these cronjobs generally exist for a reason and should be run if-statement there is no reason against it cronjobs system cron,1
mainwp crons manage cron jobs related to mainwp system web,1
cron apt set up cron apt in debian like system system packaging,1
certbot ansible role to install let's encryption cert bots generate a certificate and set a cron jobs for renewal cloud security web,1
cron installs the cron package and starts the crond service system,1
cron installs and configures cron cron system,1
cron installs and configures cron system web,1
cron a cron role to manage crontab entries development web,1
veracode scanner uses veracodecli ruby to set up cron task for veracode scanning system,1
lets encryption ansible role to install let's encryption gernerate a certificate and set a cron jobs for renewal cloud security web,1
ansible lets encryption ansible role to install let's encryption gernerate a certificate and set a cron jobs for renewal cloud security web,1
crond this role ensures crond is installed and enabled cron system operating-system,1
certbot ansible role to install let's encryption cert bots generate a certificate and set a cron jobs for renewal cloud security web,1
cron this role installs cron on redhat centos and debian ubuntu linux servers cron ontic schedule system task,1
backupmanager install and configure backupmanager and cron to send to s3 bucket,1
cron this role installs cron on redhat centos and debian ubuntu linux servers cron ontic schedule system task,1
tmpreaper installs and configures tmpreaper and set it's cron jobs system monitoring,1
cron a module to manage cron jobs via etc cron d cron,1
curator installs elasticsearch curator and schedules cron jobs curator elasticsearch,1
cron yum-cron module yum yum-cron,1
cron manage the etc crontab file hiera cron,1
crontab a puppet module to manage crontab scheduler schedule jobs cron crontab ubuntu,1
syscron syscron module cron crontab,1
cron adds cron jobs from parameters cronmonthly cronweekly crondaily cronhourly crontab cron,1
cron module to manage cron jobs via etc cron d cron,1
cron puppet management for-loop cron,1
foreman set up foreman extras aka report processor for-loop puppetserver and fact java-collections-api via cron,1
curator installs elasticsearch curator and schedules cron jobs elasticsearch curator,1
