redis ansible role for configuring redid web,1
postgresql postgreql database development sql,1
redis installation redis database database nosql,1
mongodb mongos this role installs and configures the mongodb query router database nosql,1
mongodb mongodb this role installs and configures mongodb daemon database nosql,1
postgresql server install postgresql using ansible database nosql sql,1
postgresql a role for installation and configuring postgresql database sql,1
luket postgresql postgresql install and config database sql,1
opendj install opendj ldap server database development system nosql,1
opendj replication installation replication between two opendj ldap server instances database development system nosql,1
phpmyadmin phpmyadmin installation for linux database development web,1
postgresql ansible postgresql role database sql,1
oracle java installs the latest update of oracle java version s development system,1
mysql simple role for installation mysql and setting up database and user database,1
cassandra install and configure apache cassandra system,1
oracle java oracle java system web,1
sqlite ansible role to create sqlite database database sql,1
mariadb55 install mariadb 5 5 database sql,1
influxdb install influxdb time series database database nosql,1
postgresql for rhel6x install and configure postgresql dependencies extensions database and user database sql,1
pgbouncer a role to install pgbouncer on redhat centos scientific oracle enterprise linux database sql,1
arangodb arangodb server database nosql,1
rax magento web master slave database create a rackspace cloud load balancer web rackspace cloud servers master and slaves mysql cloud servers install apache php varnish lsync mysql and install magento at the end cloud database development web rax sql,1
postgresql streaming replication a role to install and installation postgresql 9 x streaming replication on redhat centos scientific oracle enterprise linux database sql,1
mariadb10 my cnf update installs mariadb 10 database sql,1
redis manage redis database system nosql,1
azulinho mysql server ansible role for deployment mysql server packaging,1
mariadb installs mariadb database sql,1
mtpereira mongodb manage mongodb database nosql,1
database dosomething org database server system,1
bdr manage postgresql bdr system packaging,1
orientdb orientdb installation database nosql,1
phpmyadmin phpmyadmin installation for linux database development web,1
postgresql94 bdr a role to install and installation postgresql 9 4 bi directional replication on redhat centos enterprise linux database sql,1
mongodb mongodb for archlinux database nosql,1
redis redis for archlinux database nosql,1
sysbench mongodb configurable load testing system for mongodb and variants works with dbaas service as well cloud database system rax nosql,1
mysql this role installs and configures the mysql database sql,1
mongodb mongodb 2 4 role database nosql,1
pgweb an ansible role for installation pgweb database development sql,1
galera an ansible role for galera mariadb clustering database clustering sql,1
aerospike aerospike role roleversiontest database nosql,1
mysql an ansible role for installation and configuring postgresql client server database,1
influxdb install influxdb time series database database nosql,1
psql installs postgresql database development system sql,1
mongodb an ansible role for installation and configuring mongodb database nosql,1
mongodb an ansible role for installation and managing mongodb's system,1
mongodb installs and configures mongodb database nosql,1
mysql ansible role for mysql database ubuntu server database system sql,1
redis set up the latest stable redis server in ubuntu system using chris lea's ppa database system web nosql,1
mysql vagrant mysql on vagrant virtualization database development sql,1
mysql install mysql and allow to adjust some mysql settings also allow to create database user and handle privilleges database development system sql,1
oracle java set up the latest version of oracle java in ubuntu system development system,1
mysql build and install mysql database,1
mongodb install and installation mongodb 2 6 4 or other database with security enabled and best practice configuration cloud database system rax nosql,1
sysbench mongodb configurable load testing system for mongodb and variants works with dbaas service as well cloud database system rax nosql,1
hyperdex install installation an hyperdex clustering using ansible database clustering nosql,1
oracleweblogic11g install oracle weblogic with ansible web,1
oraclewebcentersites11g install oracle webcenter sites with ansible web,1
oracle instantclient an ansible role for installation oracle instant client development,1
neo4j neo4j database nosql,1
mongodb ansible mongodb role database nosql,1
mongodb installs mongodb on rhel centos servers database nosql,1
mongodb installs mongodb on rhel centos servers database nosql,1
psql installs postgresql database development system sql,1
mongodb an ansible role for installation and configuring mongodb database nosql,1
mongodb an ansible role for installation and managing mongodb's system,1
mongodb installs and configures mongodb database nosql,1
couchdb install couchdb database web nosql,1
contrail redis install redis server networking,1
influxdb influxdb cloud database ec2 monitoring nosql,1
xampp install a specific version of xampp database development web,1
redis ansible role for configuring redid web,1
postgresql installs and configures the postgresql database,1
xtradb install percona xtradb database,1
pg failover install postgresql along with components required for automatic failover,1
mongodb ansible role for mongodb database ubuntu server database system nosql,1
postgresql postgresql role database sql,1
postgresql an ansible role for installation and configuring postgresql database sql,1
mysql ansible role for mysql database sql,1
mongodb installs the latest version of mongodb from the 10gen ppa database nosql,1
mysql install and manage a mysql server database system sql,1
redis ansible role for redis database ubuntu server system,1
mysqlbackuprestorer quick and easy mysql backup and restore mysql,1
localcloud redis this will install redis server and redis command-line-interface on an ubuntu box caching redis nosql,1
galera deployment a galera 3 clustering with mariadb 10 1 supports selinux firewalld pacemaker cloud database web clustering sql,1
devrole postgresql,1
postgresql install and manage a postgresql web postgresql org server database sql,1
postgis3d this role installs postgis with 3d capabilities sfcgal plus pointcloud and pdal 3d postgresql postgis,1
mariadb role to manage mariadb database sql,1
postgresql a role for installation and configuring postgresql database sql,1
barman role for postgresql backup and restore manager barman database postgresql,1
pgpool2 role for postgresql load balancer and replication system pgpool2 database postgresql,1
maxscale install and manage mariadb maxscale for debian mariadb replication database clustering mysql packaging monitoring sql,1
mysql user manages user and database for a mysql compatible database server like mysql galera etc system mysql,1
geocouch geocouch module for couchdb geo database web nosql,1
postgresql ansible role for postgresql installation database,1
ansible role mysql mysql server for rhel centos and debian ubuntu database,1
redis ansible role for redis management caching database nosql,1
sa postgresql installs postgresql optionally patch listen address and trusted networks possibility to pre create user for your application ubuntu postgresql,1
percona ansible playbook to install percona mysql server database percona mysql,1
frogy centos7 mariadb installs mariadb on centos 7 development web,1
sa mongodb installs mongodb 2 4 2 6 or 3 on ubuntu based box mongodb ubuntu,1
openapphack php mysql php mysql support for debian ubuntu database web,1
redis an ansible role that installs redis on ubuntu specifically created with phansible in mind database nosql,1
mysql an ansible role that installs mysql on ubuntu specifically created with phansible in mind database sql,1
sa dev pycharm installs oracle java 6 7 8 phpstorm on ubuntu based box python java ubuntu pycharm ide,1
sa dev dbgui installs popular opensource database clients dbeawer and robomongo ubuntu robomongo dbeawer,1
postgresql9 client installs client tools and libraries for postgresql database system,1
redis handle redis system redis,1
postgresql9 extjs postgis postgis extension for postgresql to enable geospatial function system,1
clustercontrol clustercontrol for rhel centos and debian ubuntu database,1
mysql server install mysql server package database sql,1
sa dev percona toolkit java-collections-api of advanced open source command line tools developed and used by the percona technical staff that are engineered to perform a variety of mysql and system task percona toolkit ubuntu mysql tools,1
redis the redis role installs a redis server on the machine monsieurbiz redis,1
galera clustering install mariadb galera clustering mariadb database clustering mysql galera,1
postgresql role to manage postgresql database sql,1
rethinkdb install and installation rethinkdb clustering on linux database rethinkdb nosql,1
openldap common common data for openldap role database system,1
openldap openldap install and configure database,1
scylladb ansible role to deployment scylladb database nosql,1
openldap replica openldap common database system,1
mongodb ansible role for mongodb management database nosql,1
postgresql vhosts ansible role for postgresql virtualhost management database,1
cassandra cassandra clustering role for midonet deployments cloud,1
weblogic install and configure oracle weblogic server oracle web middleware,1
oracle oracle11g client oracle oracle11g client for debian ubuntu database,1
mongodb express handle mongodb express mongodb development web mongodb,1
mysql mysql server for debian ubuntu database,1
mongodb install role to install and locking down mongodb server database mongodb nosql,1
mariadb server ansible role to install mariadb server package database sql,1
postgresql ansible script to install postgresql over ubuntu server database postgresql web sql,1
memtier benchmarking set up memtier benchmarking in debian like system database system web nosql,1
reset mysql root pw this role reset your current mysql root passwords,1
virtualbox installs virtualbox from oracle repository development system,1
postgresql vhosts ansible role for postgresql virtualhost management system,1
mariadb role used to install mariadb on centos with yum,1
postgresql installs and configures postgresql sql,1
mysql mysql server for debian ubuntu database,1
mariadb ansible role for managing a mariadb sql server database sql,1
postgresql a role that installs postresql server database,1
oracle database sql generate and execute oracle database sql scripting database oracle sql,1
oracle weblogic install and configure oracle weblogic server oracle web middleware,1
postgresql manage a basic role useful for creating postgresql user and database database postgresql postgresql sql,1
mongodb installs and configures a single host mongodb service mongodb database mongodb mongodb nosql,1
oracle soa install and configure oracle soa suite oracle soa web middleware,1
oracle wlst generate and execute wlst scripting development execute generate,1
restore sqldump from s3 an ansible role to restore sql dumps from s3 into mysql database sql,1
couchbase server installs and initializes couchbase server clustering clustering database nosql,1
mongodb installs and configures mongodb mongodb,1
postgresql ansible role for installation and configuring a postgresql database server database postgresql,1
mongodb mongodb installation and installation cloud,1
oracle weblogic dns,1
mysql installs and configures mysql database sql,1
mysql ansible role for mysql database ubuntu server database system sql,1
ansible rethinkdb rethinkdb role database nosql,1
influxdb basic install and configure of influxdb a time series database database system clustering monitoring nosql,1
kodi mysql configure and install mysql database for kodi system htpc,1
postgresql install postgresql server development,1
mariadb sql server relational database engine by using a mariadb mariadb database,1
mariadb galera stands up mariadb 10 1 11 and galera on rhel centos mariadb galera,1
mongodb installs the latest version of mongodb from the 10gen ppa database nosql,1
postgresql installs configures the specified version of postgresql and creates the specified list of database database sql,1
influxdb basic install and configure of influxdb a time series database database system clustering monitoring nosql,1
centos7 php instann php56w fpm php56w command-line-interface php56w common php56w gd php56w mbstring php56w mcrypt php56w mysql php56w opcache php56w pdo php56w xml drupal php,1
redis ansible role to install redis system,1
postgresql installs postgresql database sql,1
oracle jvm ansible oracle jvm for debian and ubuntu using webupd8team ppa development system packaging,1
pgbuildfarm member postgresql buildfarm member management database development monitoring sql,1
redis redis is an open source bsd licensed advanced key value caching and store it is often referred to as a data structure server since key can contain string hash ilist set sorted set bitmaps and hyperloglogs database nosql,1
redis dosomething org redis server system,1
influxdb an open source distributed time series database with no external dependencies monitoring,1
tokumx tokumx is a high performance drop in replace for mongodb database nosql,1
redis install and manage redis servers database nosql,1
vertica installs vertica database,1
redis ansible role for installation redis database web nosql,1
mysql mysql for debian ubuntu web,1
redis installs and configures redis database nosql,1
neo4j install neo4j for specific user database nosql,1
influxdb install influxdb 0 9 database nosql,1
redis redis server installation system,1
cassandra cassandra deployment web,1
redis install redis database nosql,1
mongodb ansible role for mongodb installation on a debian machine database nosql,1
mongodb mongodb is a document oriented database database nosql,1
mysql install and configure mysql or mariadb or percona server on debian mariadb replication database percona debian mysql packaging sql,1
mariadb mariadb an enhanced drop in replace for mysql database sql,1
redis highly configurable role to install redis and redis sentinel from source database nosql,1
koji database configures database for koji development system packaging,1
mongodb installs mongodb role database nosql,1
redis installs redis database nosql,1
barman task for postgresql barman database sql,1
mariadb mysql installs mariadb mysql role configurable and cacti monitoring options database sql,1
mysql installs mysql role configurable and cacti monitoring options database sql,1
mycli a terminal client for mysql with autocomplete and syntax highlighting database,1
mysql set up a mysql database database,1
mariadb galera clustering an ansible role to install configure mariadb galera clustering mariadb org configurable options clustering and cacti monitoring ready database sql,1
redis redis is an open source bsd licensed advanced key value caching and store it is often referred to as a data structure server since key can contain string hash ilist set sorted set bitmaps and hyperloglogs database nosql,1
redis redis for debian database nosql,1
mongodb replicator manage mongodb with authentication and replica set database nosql,1
redis3 install redis 3 database nosql,1
percona server set up percona server server in debian like system database system sql,1
mysql client install mysql client and development libraries database development sql,1
vindaloo vindaloo resources inventory system database development system clustering nosql,1
mysql ansible role for mysql database sql,1
postgresql postgresql role for ansible centos database,1
mysql query contains mysql query module to insert update delete a record in a mysql table database sql,1
mariadb wip installs mariadb from the official apt get repos database packaging sql,1
mongodb mongodb is a document oriented database database nosql,1
superlumic mysql ansible role to installation mysql percona on osx this role is part of the superlumic project that aims to simplify repeat computer setups on osx 10 10 and up system,1
mysql server install mysql server package database sql,1
mysql backup configure mysql backup with xtrabackup and mysqldump database sql,1
postgis3d this role installs postgis with 3d capabilities sfcgal plus pointcloud and pdal database,1
xwiki mysql this module should be used to install mysql for xwiki from the set of ansible playbook from git com kanedafromparis the first is ansible xwiki example git com kanedafromparis ansible xwiki example database system sql,1
postgresql server install and manage postgresql server database postgresql,1
adminer installs adminer for database management database development system,1
mysql mysql server for rhel centos and debian ubuntu database,1
postgresql install and configure postgresql dependencies extensions database and user database sql,1
neo4j installs neo4j database nosql,1
mongodb installation and configure mongodb database development web sql,1
postgresql basic installation for postgresql database server database sql,1
phpredis phpredis to be used with redis server development,1
influxdb install and configure influxdb a time series database database clustering nosql,1
redis installs and configures redis database nosql,1
redis configure redis server system redis,1
mysql ansible role for mysql installation system,1
mysql connector java ansible role for mysql connector j installation system,1
postgresql ansible role for postgresql installation system,1
influxdb role which installs and configures influxdb system,1
maxmind geoip installs and keeps up to date maxmind geoip database system,1
localcloud mysql51compiled this role is created for legacy system that need mysql 5 1 and since it's not available from official repository it will compilation it from sourcecode database development web sql,1
percona client ansible role that installs percona client libraries database,1
percona server ansible role to set up percona server server in debian like system database system sql,1
phpmyadmin installs phpmyadmin database web,1
tendenci install and configure tendenci ams database web,1
mongobackuprestorer quick and easy mongodb backup mongodb,1
ora common common oracle server installation task taken from oravirt's oravirt ansible oracle git repository cloud database development system sql,1
ora host host oracle server installation task taken from oravirt's oravirt ansible oracle git repository cloud database development system sql,1
debian cassandra install cassandra for debian system database,1
debian mariadb install mariadb for debian system database,1
debian mysql install mysql for debian system database,1
mysql mysql server for rhel centos and debian ubuntu database,1
sa mariadb alternative fork to mysql with it's own specifics and database engines mariadb database ubuntu mysql database,1
sa redis installs basic redis redis is an open source bsd licensed in memory data structure store used as database caching and message broker it supports data structure such as string hash ilist set sorted set with range queries bitmaps hyperloglo ubuntu redis,1
postgresql postgresql installation postgresql postgresql postgresql,1
mongodb an ansible role that installs mongodb on ubuntu specifically created with phansible in mind database nosql,1
mongodb ansible role that installs and configures mongodb locally networking,1
mysql server preconfigured to support emojis and timezone database sql,1
sa mysql alternative fork to mysql with it's own specifics and database engines database ubuntu mysql database,1
osb install and configure oracle service bus oracle web middleware,1
mongodb containers ansible role to manage mongodb containers containers mongodb mongodb docker,1
caching unattended installation of intersystems caching caching database intersystems,1
redis installation redis development redis,1
redis containers ansible role to manage redis containers containers database redis docker,1
redis this role installs redis on redhat centos and debian ubuntu linux servers ontic server caching database web redis,1
oracle java ansible role to install oracle java using the webupd8team packages on debian development system web,1
telegraf ansible role to install the telegraf agent telegraf influxdb,1
sqlplus install and configure sqlplus tool database oracle system,1
etherpad containers ansible role to manage etherpad containers containers mariadb etherpad docker,1
supervisord installs supervisord database,1
rethinkdb installs rethinkdb database,1
mesos installs mesos database web,1
influxdb installs and configures influxdb database monitoring,1
influxdb influxdb for rhel centos database,1
mariadb galera an ansible role that installs mariadb galera on redhat centos database clustering sql,1
mongodb install and configure the mongodb database nosql,1
mysql hardening this ansible playbook provides security configuration for mysql database hardening security system mysql,1
mysqldump mysql backup using mysqldump,1
redis install and configure redis with testing kitchen serverspec testing system redis,1
postgresql94 server postgresql server postgresql,1
mysql ansible role to install mysql database,1
percona mysql ansible playbook to install percona mysql server database,1
percona ansible playbook to install percona mysql server database,1
aerospike an ansible role that installs configures and runs aerospike on redhat and centos linux amazon server caching database keyvalue aerospike centos nosql,1
monasca schema applies monasca schema to influxdb and mysql and creates apache-kafka topics system clustering,1
mysql ansible role to install mysql database development sql,1
oracle java ansible role which installs a particulat version of oracle java system,1
mysql mysql server for rhel centos and debian ubuntu database,1
mariadb server install and manage a mariadb mysql server database system sql,1
npm provisions node javascript and a java-collections-api of npm packages via nvm database development system,1
oracle java install oracle java system,1
mongodb mongodb is a document oriented database database nosql,1
percona mysql install percona server for mysql 5 7 database percona mysql,1
install mongodb install mongodb database nosql,1
mysql server role for mysql server on osx database,1
riak kv installs and configures riak a distributed highly available nosql database database nosql,1
oracle database ansible role to install oracle database software and create and configure instances and listeners database oracle sql,1
postgresql an ansible role for installation postgresql database sql,1
redis an ansible role for installation redis database nosql,1
oracle java ansible role for installation one or more oracle java homes and jce on redhat java java oracle,1
mysql install simple role for installation the default version of mysql for ubuntu database mysql sql,1
oracle java oracle java 7 8 for centos debian ubuntu suse osx java jvm development java system,1
dynamodb installs the development version of the amazon dynamodb server database development nosql,1
sphinx ansible role for sphinx search engine sphinxsearch com database,1
postgresql install and configure postgresql dependencies extensions database and user database sql,1
mysql mysql install and configuration hardening database user system,1
mysql installs mysql database development,1
mysql handle mysql system mysql,1
redis highly configurable role to install redis and redis sentinel from source database nosql,1
oracle java role to install oracle java development java system,1
mysql mysql server for rhel centos and debian ubuntu database,1
redis redis for linux database development web,1
mariadb ansible role for install mariadb database packaging sql,1
oracle oracle installation configuration role database sql,1
emagent oracle enterprise manager agent deployment role cloud database monitoring,1
neo4j neo4j database nosql,1
mongodb mongoc this role installs and configures the mongodb configuration servers database nosql,1
mongodb shard this role helps in enable sharding across mongodb clustering database nosql,1
web playbooks set of playbooks roles to orchestrate your web servers powered by ansible database development system web packaging,1
oracle client playbook for oracle instant client installation database development web sql,1
mariadb10 installs mariadb 10 database sql,1
quickbooks an ansible role for installation quickbooks on a centos machine database,1
virtuoso virtuoso database nosql,1
mysql manage mysql supports master slave replication installation database sql,1
mysql role to install mysql create database user and handle privilleges database development sql,1
postgresql on el6 a role to install postgresql 8 4 9 x on redhat centos scientific oracle enterprise linux database sql,1
mysql a basic mysql role database sql,1
oracle java oracle java ansible role completely independent from package manager shared-libraries you can use it on any linux distribution system,1
postgresql install a bare bones version of postgresql database sql,1
postgresql server installs postgresql server system,1
postgresql database creates postgresql database system,1
solr ansible role for installation configuring and mantaining solr 4 database development system web nosql,1
wale perform continuous archiving of postgresql wal file system,1
mariadb mariadb for ubuntu database sql,1
mysql snapshot role to create and restore snapshots from mysql database they are stered into s3 bucket to allow restores from any server database development sql,1
mongodb mongodb development web,1
fluentd ansible playbook for fluentd database system web nosql sql,1
postgresql a simple role to create a database with a new postgresql user optional activate hstore extension for the new database database sql,1
redis install redis web,1
mariadb a role to install mariadb database sql,1
redis installs and configures redis database nosql,1
mongodb a role for installation and configuring mongodb database nosql,1
mysql mysql server for rhel centos 6 x and debian ubuntu database,1
postgresql object configure postgresql object user roles database and privileges database sql,1
postgresql installs configures the specified version of postgresql and creates the specified list of database database sql,1
redis installs redis from the rwky ppa and applies the specified configuration database nosql,1
phpmyadmin install and configure phpmyadmin on a mysql database server database system sql,1
phpredis set up phpredis in debian like system database system web nosql,1
mysql mysql database ansible role with user and database creation database sql,1
oracle java install oracle java development system,1
mysql an ansible role for installation mysql database sql,1
phpmyadmin install phpmyadmin web tool for managing mysql database database development system web sql,1
mysql role for installation and manging mysql mysql dbs and mysql user database,1
common schema set up common schema dba's frameworks for mysql database system,1
mariadb mariadb for fedora database sql,1
newrelic redis agent this role installs and configures newrelic redis agent git com kenjij newrelic redis plugins monitoring,1
postgresql ansible role to configure postgresql database sql,1
barman ansible role for installation and configuration of barman database sql,1
dockerized influxdb influxdb cloud database nosql,1
postgresql install minimal postgresql 9 3 on centos database development web sql,1
repmgr ansible role for installation and configuring repmgr database sql,1
mysql set up mysql in debian like system web,1
postgresql an ansible role for installation and configuring postgresql client server database,1
arangodb ansible role for arangodb database nosql,1
postgresql role postgreql database development sql,1
influxdb a role to install and configure influxdb database,1
redis an ansible role for installation redis from the official ubuntu repository or from a ppa database nosql,1
mysql ansible playbook for mysql database,1
mongodb manage mongodb database nosql,1
mongodb replica set manage mongodb replica set database nosql,1
cloudman database installation a postgresql database for galaxy cloudman database,1
ophidia config role to configure ophidia database clustering,1
mongodb mongodb this role installs and configures mongodb daemon database nosql,1
titan an ansible role for installation titan with cassandra and elasticsearch database,1
postgresql postgresql for archlinux database sql,1
pg postegresql and bdr database sql,1
percona mysql an ansible role for percona server mysql database sql,1
flyway install flyway command line tool from web flywaydb org database,1
rds ca bundle an ansible role for installation the amazon relational database service rds certificate bundle system,1
rethinkdb a role to install and configure rethinkdb database,1
redis ansible redis role database nosql,1
mongodb installs and configures mongodb mongodb database mongodb nosql,1
postgresql install and manage a postgresql web postgresql org server database sql,1
mysql mysql server for rhel centos 6 x and debian ubuntu database,1
influxdb installs and installation influxdb system monitoring,1
cassandra install and configure apache cassandra system,1
mongobackuprestorer quick and easy mongodb backup mongodb,1
redis install and configure redis database nosql,1
postgresql installs postgresql for local development development installation postgresql,1
mysqlbix ansible role for deploying the mysqlbix addon for monitoring mysql with zabbix database zabbix mysqlbix mysql monitoring,1
pgbouncer role for postgresql connection pooler pgbouncer database postgresql,1
repmgr role for repomgr postgresql replication administration utility database postgresql,1
postgresql ansible role for installation and configure postgresql database postgresql ubuntu,1
beanstalkd beanstalkd role centos database,1
stouts mongodb manage mongodb mms database nosql,1
powerdns an ansible role that installs configures powerdns web powerdns com mysql clustering ready system networking,1
liferay database mysql installs mysql database database sql,1
mongodb mongodb for redhat centos debian 64bit database nosql,1
mongodb ansible install a simple mongodb no replica no authentication database development nosql,1
mongodb mongodb this role installs and configures mongodb daemon database nosql,1
percona client set up percona server client in debian like system database system sql,1
xhgui xhgui graphical interface for xhprof data built on mongodb web packaging,1
mariadb mariadb an enhanced drop in replace for mysql database sql,1
redis install redis locally for use with ansible fact caching development installation redis,1
mysql install mysql installer database,1
influxdb installs and configures influxdb on rhel centos or debian ubuntu database influxdb monitoring,1
sqlite an ansible role that installs sqlite on ubuntu specifically created with phansible in mind database sql,1
cassandra installs and configures cassandra datastax community edition cassandra nosql,1
postgresql9 server installs and configures postgresql server system,1
sa dev phpstorm installs oracle java 6 7 8 phpstorm on ubuntu based box java phpstorm ubuntu php ide,1
sa dev rubymine installs oracle java 6 7 8 phpstorm on ubuntu based box java ubuntu ide rubymine ruby,1
sa dev intellij-idea installs oracle java 6 7 8 phpstorm on ubuntu based box java ubuntu ide rubymine ruby,1
tokudb install tokudb mariadb while-loop completely removing innodb database sql,1
postgresql postgresql installation and installation cloud,1
mongodb handle mongodb system mongodb,1
postgresql handle postgresql system postgresql,1
redis install redis in in memory data structure store database redis,1
mysql mysql server for rhel centos and debian ubuntu database,1
php56 mysql php 5 6 mysql support for redhat centos 6 x database web,1
mysql a mysql server role for elao symfony2 standards vagrant box development web,1
postgresql a postgresql role for elao symfony2 standards vagrant box database development web sql,1
redis installation and configure redis development web,1
influxdb influxdb role development web,1
cassandra cassandra role database cassandra,1
oracle mysql install mysql oracle database sql,1
pgcluu install configure pgcluu database postgresql,1
redis an ansible role that installs and configures redis database nosql,1
behat provisions behat database development system,1
mariadb mariadb an enhanced drop in replace for mysql database sql,1
postgresql postgresql is a powerful open source object relational database system it has more than 15 years of active development and a proven architecture that has earned it a strong reputation for reliability data integrity and correctness database sql,1
tt rss creates a tt rss instance using postgresql web,1
mariadb manage mariadb on a redhat based linux distribution database sql,1
mysql ansible install mysql on an ubuntu trusty server set the default mysql root passwords database development sql,1
influxdb an open source distributed time series database with no external dependencies monitoring,1
mongodb mongodb is a document oriented database database nosql,1
tokumx tokumx is a high performance drop in replace for mongodb database nosql,1
mysqlbackup mysql mariadb backup role for rhel centos database,1
postgresql postgresql is a powerful open source object relational database system it has more than 15 years of active development and a proven architecture that has earned it a strong reputation for reliability data integrity and correctness database sql,1
mysql mysql for ubuntu 14 04 database sql,1
percona clustering percona xtradb clustering configuration database sql,1
influxdb influxdb role development web,1
mariadb ansible mariadb role sql,1
influxdb installs and configures influxdb database monitoring nosql,1
postgresql on el6 a role to install postgresql 8 4 9 x on redhat centos scientific oracle enterprise linux database sql,1
freebsd jailed mariadb provides a jailed mariadb server cloud mariadb ec2 jails freebsd database,1
postgresql role to build and install postgresql from sources installer database postgresql,1
mongodb manage a simple role for managing mongodb user database database mongodb nosql,1
mysql this role installs and configures mysql for ubuntu trusty 14 04 development system ansidev web,1
mysql ansible script to install mysql over ubuntu server database web mysql sql,1
influxdb an open source distributed time series database with no external dependencies database nosql,1
redis install redis and allow to configure it system,1
percona server installation install percona server 5 6 on centos database percona mysql database,1
redis redis installer database nosql,1
mysql vhosts ansible role for mysql virtualhost management system,1
postgresql install and configure postgresql dependencies extensions database and user database sql,1
percona install and configure percona server database percona debian mysql,1
mysql this role installs mysql on redhat centos and debian ubuntu linux servers mariadb ontic server database mysql,1
postgresql install and configure postgresql dependencies extensions database and user forked from anxs postgresql database sql,1
puppetdb module installs puppetlabs puppetdb 2 x system,1
mariadb install and configure mariadb10,1
debian recent mongodb a role that installs mongodb on debian using mongodb repository only supported version is debian wheezy database nosql,1
casalibs src install casacore and associated libraries compiled from source database web sql,1
adminer installs adminer for database management database development system,1
postgresql install and configure postgresql dependencies extensions database and user database sql,1
couchbase installs couchbase database web couchbase com database,1
short stack mongodb installs mongodb and adds launch agent system,1
oracle weblogic dns,1
redis redis for debian database nosql,1
mongodb ansible role for mongodb database ubuntu server database system nosql,1
redis ansible role for redis database ubuntu server system,1
influxdb role to install influxdb development,1
cassandra apache cassandra role development,1
mysql role to install mysql database mysql,1
redis role to install redis database redis nosql,1
mariadb,1
mariadb galera haproxy keepalived stands up high-availability keepalived haproxy in front of mariadb galera on rhel centos keepalived mariadb haproxy galera,1
redis installs redis from the rwky ppa and applies the specified configuration database nosql,1
oracle java oracle java ansible role development system,1
mysql mysql 5 6 provision role mysql centos7,1
mariadb mariadb 10 1 role for ubuntu trusty mariadb mysql,1
redis redis redis,1
oradb create create oracle database taken from oravirt's oravirt ansible oracle git repository cloud database development system sql,1
oraswdb install oracle server installation task taken from oravirt's oravirt ansible oracle git repository cloud database development system sql,1
debian influxdb install influxdb for debian system database,1
debian mongodb install mongodb for debian system system,1
debian redis install redis for debian system system,1
mongodb exporter install and configure mongodb exporter for prometheus database system prometheus monitoring mongodb nosql,1
mariadb mariadb server role database,1
postgresql ansible playbook to install postgresql database,1
beanstalkd beanstalkd role centos database,1
stouts mongodb manage mongodb mms database nosql,1
powerdns an ansible role that installs configures powerdns web powerdns com mysql clustering ready system networking,1
liferay database mysql installs mysql database database sql,1
mongodb mongodb for redhat centos debian 64bit database nosql,1
mongodb ansible install a simple mongodb no replica no authentication database development nosql,1
mongodb mongodb this role installs and configures mongodb daemon database nosql,1
percona client set up percona server client in debian like system database system sql,1
xhgui xhgui graphical interface for xhprof data built on mongodb web packaging,1
graylog containers ansible role to manage graylog containers containers graylog2 mongodb elasticsearch graylog mongodb docker,1
mysql mysql 5 x for debian ubuntu redhat centos database web sql,1
ansible jira ansible role to install jira and set up either mysql or postgresql to act as the backend datastore system ubuntu debian jira,1
gitlab containers ansible role to manage gitlab containers containers postgresql gitlab redis docker,1
postgresql containers ansible role to manage postgresql containers containers database postgresql docker,1
postgresql install and configure postgresql dependencies extensions database and user database sql,1
influxdb handle influxdb database influxdb,1
mariadb containers ansible role to manage mariadb containers containers mariadb database docker,1
influxdb an ansible role to install and configure influxdb influxdata com time series platform influxdb database influxdb monitoring,1
roshi installs roshi database,1
redis installs redis and redis sentinel from source database nosql,1
influxdb role to installation influxdb database nosql,1
mysql install and configure mysql or mariadb server on rhel centos database,1
postgresql install and configure postgresql dependencies extensions database and user database sql,1
postgresql 9 4 server postgresql server postgresql,1
folders ansible script to install postgresql debian,1
cassandra installs and configures cassandra datastax community edition cassandra nosql,1
postgresql9 server installs and configures postgresql server system,1
sa dev phpstorm installs oracle java 6 7 8 phpstorm on ubuntu based box java phpstorm ubuntu php ide,1
sa dev rubymine installs oracle java 6 7 8 phpstorm on ubuntu based box java ubuntu ide rubymine ruby,1
sa dev intellij-idea installs oracle java 6 7 8 phpstorm on ubuntu based box java ubuntu ide rubymine ruby,1
tokudb install tokudb mariadb while-loop completely removing innodb database sql,1
postgresql postgresql installation and installation cloud,1
mongodb handle mongodb system mongodb,1
postgresql handle postgresql system postgresql,1
redis install redis in in memory data structure store database redis,1
cassandra apache cassandra role development,1
mysql role to install mysql database mysql,1
redis role to install redis database redis nosql,1
mariadb,1
mariadb galera haproxy keepalived stands up high-availability keepalived haproxy in front of mariadb galera on rhel centos keepalived mariadb haproxy galera,1
oracle mysql install mysql oracle database sql,1
pgcluu install configure pgcluu database postgresql,1
redis an ansible role that installs and configures redis database nosql,1
localcloud mysql this is a simple role to install mysql on ubuntu and manage user no replication or table management here database development web sql,1
redis a role that installs redis database nosql,1
mongodb role which installs and configures mongodb system,1
oracle client playbook for oracle instant client installation database development web sql,1
oracle java installs oracle java java development system,1
mariadb server mariadb server installer mariadb mysql,1
mysql this role installs mysql on redhat centos and debian ubuntu linux servers mariadb ontic server database mysql,1
postgresql install and configure postgresql dependencies extensions database and user forked from anxs postgresql database sql,1
puppetdb module installs puppetlabs puppetdb 2 x system,1
mariadb install and configure mariadb10,1
debian recent mongodb a role that installs mongodb on debian using mongodb repository only supported version is debian wheezy database nosql,1
casalibs src install casacore and associated libraries compiled from source database web sql,1
adminer installs adminer for database management database development system,1
mongodb install and configure mongodb database nosql,1
mongobackuprestorer quick and easy mongodb backup mongodb,1
redis install and configure redis database nosql,1
postgresql installs postgresql for local development development installation postgresql,1
mysqlbix ansible role for deploying the mysqlbix addon for monitoring mysql with zabbix database zabbix mysqlbix mysql monitoring,1
pgbouncer role for postgresql connection pooler pgbouncer database postgresql,1
repmgr role for repomgr postgresql replication administration utility database postgresql,1
postgresql ansible role for installation and configure postgresql database postgresql ubuntu,1
mariadb ansible galaxy role to install mariadb mariadb database rdbms web sql,1
mysql s3 backup mysql to amazon s3 backup amazon backup web mysql aws,1
percona toolkit role to installation the mysql percona toolkit database,1
percona xtrabackup role to installation the percona xtrabackup tool database,1
postgresql install and configure postgresql dependencies extensions database and user database sql,1
postgresql 9 4 server postgresql server postgresql,1
folders ansible script to install postgresql debian,1
redis basic standalone redis install database nosql,1
mongodb manage a simple role for managing mongodb user database database mongodb nosql,1
mysql this role installs and configures mysql for ubuntu trusty 14 04 development system ansidev web,1
mysql ansible script to install mysql over ubuntu server database web mysql sql,1
influxdb an open source distributed time series database with no external dependencies database nosql,1
percona ansible playbook to install percona mysql server database,1
mysql server,1
mysql installs mysql or mariadb database,1
redis redis for debian caching database web debian keyvalue nosql,1
mongodb backup mongodb backup mongodb backup mongodb,1
mongodb replica set mongodb replica set module mongodb replication database nosql,1
mongodb mongodb server mongodb database,1
transparent huge pages disable transparent huge pages mongodb database system mongodb,1
postgresql manage local or remote postgresql roles and database database postgresql,1
couchdb couchdb for debian ubuntu database development web nosql,1
el postgresql role postgresql on one or two centos rhel boxes database,1
postgresql install postgresql server development,1
mariadb install and manage a mariadb mysql client database system sql,1
redis install and manage redis clustering database system nosql,1
redis redis is an open source bsd licensed advanced key value caching and store it is often referred to as a data structure server since key can contain string hash ilist set sorted set bitmaps and hyperloglogs database nosql,1
mongodb manage mongodb with authentication and replica set database nosql,1
mongodb mongodb for redhat centos debian 64bit database nosql,1
mariadb installs mariadb on debian ubuntu linux servers development phpstorm debian php,1
redis installs and configures redis on debian ubuntu linux servers ubuntu debian redis,1
postgresql server role for postgresql server on osx database,1
mysql ansible role for mysql database sql,1
oracle database instance ansible role to create and configure oracle database instances database oracle sql,1
postgresql support an ansible role for installation libraries that support postgresql ansible module database sql,1
postgis an ansible role for installation postgis database sql,1
postgresql postgresql is a powerful open source object relational database system it has more than 15 years of active development and a proven architecture that has earned it a strong reputation for reliability data integrity and correctness database sql,1
mongodb manage mongodb with authentication and replica set database nosql,1
mariadb mariadb an enhanced drop in replace for mysql database sql,1
mysql manage a simple role for creating either mysql administrators or database owners database mysql sql,1
redis installs redis on a server database clustering nosql,1
mongodb installs and configure mongodb database nosql,1
mongodb manage mongodb mms database nosql,1
adminer installs adminer for database management database development system,1
postgresql install simple role to install and security default version of postgresql on ubuntu database postgresql postgresql sql,1
puppetdb installs postgresql and puppetdb set up the connection to puppet master puppet puppetdb storeconfig,1
mysql installs configures and manages the mysql service mysql-database mysql-user mysql-grant mysql database percona mariadb centos rhel ubuntu debian providers,1
postgresql offers support for-loop basic management of postgresql database database postgresql postgresql centos rhel ubuntu debian postgresql,1
mongodb installs mongodb on rhel ubuntu debian sharding nosql clustering database mongodb mongodb,1
redis redis module sentinel loadbalancing failover redis clustering,1
sql-server puppet labs microsoft sql server module database windows sql-server sql-server-2008,1
cassandra installs cassandra datastax agent opscenter on rhel ubuntu debian nosql database clustering opscenter datastax-agent datastax cassandra,1
redis install and configure redis debian ubuntu redis,1
puppetdbquery query function for-loop the puppetdb api function puppetdb query,1
redis puppet module for-loop redis server nosql caching memcached redis,1
puppet resources types for-loop managing puppet master and agent puppet agent puppetdb master storedconfigs terminus,1
mongodb mongodb module with sharding database clustering nosql mongodb sharding centos debian ubuntu rhel,1
oradb oracle database 11 2 12 1 linux solaris enterprise manager 12c goldengate oracle11g rcu installer enterprise-manager 11gr2 oracle11g 121 fusion fmw rcu goldengate oracle database 12c,1
mysql puppet module for-loop mysql example42 mysql,1
orawls oracle weblogic puppet module v2 for-loop linux solaris with wls puppey types providers optimized for-loop hiera 1221 weblogic oracle middleware java fusion osb soa fmw oracle11g 12c 103 1213 service-bus soa-suite oam oim,1
oracle the custom types needed to manage the basic installation of an oracle database database types oracle resources easy custom,1
redis install and configure redis and sentinel from repository or source sentinel rhel centos debian ubuntu redis,1
explorer manage the puppet explorer web application puppetexplorer puppetdb,1
redis manages redis redis,1
wls oracle weblogic fusion middleware adf osb webcenter soa suite webcenter java webserver application server oracle weblogic fmw soa osb fusion middleware jdeveloper oepe eclipse soasuite webcenter content solaris redhat rhel centos applications ubuntu debian centos,1
orautils oracle weblogic utilities scripting soa osb middleware fmw java fusion oracle weblogic,1
redis puppet module for-loop redis redis database example42,1
sqlite manage a sqlite installation and database database sqlite,1
redis installs redis server redis,1
influxdb manage influxdb version 0 9 x for-loop previous versions support check readme md metrics influxdb,1
cassandra configure and install datastax cassandra distribution datastax cassandra midonet,1
cassandra puppet module to install apache cassandra from the datastax distribution cassandra ubuntu debian datastax nosql,1
myst oracle fusion middleware - weblogic soa bpm idm webcenter siebel weblogic soa osb bpm webcenter java fmw fusion idm oracle middleware soasuite myst jenkins tomcat siebel 12c oracle11g,1
cassandra puppet module to install apache cassandra from the datastax distribution forked from gini cassandra module cassandra,1
virtualbox puppet module to install oracle virtualbox from the official oracle linux repository desktop virtualization debian ubuntu fedora rhel centos redhat oracle virtualbox,1
pureftpd manages the pure-ftpd package with comprehensive configuration support postgresql mysql ldap ftp pureftpd pure-ftpd redhat rhel centos scientific pure-ftp pureftp,1
exports puppet face for-loop querying puppetdb exports puppetdb exports resources advanced,1
rrd a puppet module to install and configure the rounding robin database tools caching and binding rrd rrdtool rrdcache rrdcached,1
couchbase puppet couchbase module couchbase redhat centos nosql,1
redis redis and sentinel config management sentinel redis,1
puppetboard install and configure puppetboard voxpupuli puppetdb puppetboard,1
mysql deployment automysqlbackup via puppet centos mysql ubuntu backup automysqlbackup debian,1
postgresql install and configure the postgresql database system database postgresql postgresql,1
mariadb a puppet module that configure the mariadb repository on an enterprise linux and relatives system fedora mariadb redhat centos yum,1
mongodb ubuntu database nosql mongodb,1
postgresql postgresql defined resources types database postgresql,1
postgresql puppet module for-loop postgresql postgresql example42,1
mysql installs the mysql yum repository for-loop enterprise linux rhel centos clients yum repository centos fedora rhel mysql,1
puppet manage puppet agent master module and hiera with puppet puppetserver puppet-agent facter puppetdb r10k hiera puppet,1
mysql this class runs mysql function from the command line mysql command-line debian ubuntu centos redhat fedora,1
influxdb installation and manage influxdb tsdb redhat debian ubuntu influxdb,1
deployment puppet deployment management for-loop applications mysql and postgresql database,1
mongodb puppet module for-loop mongodb example42 mongodb,1
mongodb mongodb simple module nosql mongodb,1
openshift installs openshift clustering using the official ansible installer from redhat clustering nodes are collected by querying the puppetdb openshift,1
puppetdb puppet module for-loop puppetdb example42 puppetdb,1
ezpublish ez publish module ezpublish content-management-system php mysql apache,1
dcm4chee manage dcm4chee on oracle solaris 11 applications solaris oracle,1
couchbase couchbase module couchbase database,1
puppetdb module that installs and manages the puppetdb_rundeck rubygems to provide a puppetdb resources for-loop rundecks rundeck puppetdb,1
marklogic puppet marklogic management module marklogic xquery xml nosql,1
catalog_diff compares two catalogs and shows the differences rest puppetdb face upgrades pe rhel,1
riak riak module ubuntu riak networking,1
mysql puppet module for-loop mysql community yum repository repository mysql yum,1
mysql hiera backend for-loop mysql data sources hiera backend mysql,1
pgpool a puppet module to configure pgpool postgresql database pgpool,1
phppgadmin install and configure phppgadmin phppgadmin postgresql php,1
mysql manage your percona mariadb or oracle mysql applications mysql percona mariadb,1
icingaweb2 module to install and maintain icingaweb2 postgresql nagios mysql monitoring idoutils ido icingaweb2 icinga2 icinga,1
puppetdb expose puppetdb node data to rundeck rundeck puppetdb,1
mysql configures mysql for-loop security hardening mysql hardening,1
riak a module for-loop managing riak with puppet that supports cluster-analysis of the riak nodes centos debian ubuntu database rhel nosql hiera riak,1
percona manage mysql percona server configuration mysql percona hiera,1
mongodb mongodb module centos rhel mongodb mongodb fedora,1
couchdb installs and manages couchdb database centos nosql couchdb rhel,1
oracle module for-loop installation oracle,1
xtrabackup configure and schedule mysql backups with percona xtrabackup,1
sqlserver module for-loop installation and configuration of sql server 2012 sp1 r2 2012 sql-server sql server windows,1
couchdb database couchdb ubuntu debian nosql,1
phppgadmin deprecated! use velaluqa phppgadmin phppgadmin postgresql,1
neo4j a module installation and configuring neo4j community or enterprise editions relationship database graph nosql neo4j neo,1
postgresql postgresql defined resources types,1
riakdev installs a riak n node development clustering riak,1
orientdb puppet module for-loop orientdb orientdb database nosql example42,1
pe_external_postgresql a module for-loop installation an external postgresql node for-loop puppet enterprise,1
mysql resources to manage a mysql server installation and its database mysql database,1
atlassian-crowd atlassian atlassian-crowd puppet module atlassian-crowd atlassian ubuntu mysql,1
mysql manage mysql server on osx operating-system x mysql database database osx apple osx,1
innodb_buffer_pool_size adds custom fact to display mysql innodb_buffer_pool_size setting mysql puppetmaster,1
rethinkdb puppet rethinkdb management module rethinkdb database ubuntu,1
mysql mysql proxy sql firewall puppet module mysql-proxy ubuntu mysql sql firewall mysql-proxy lucid,1
redis configure redis-sentinels redis-sentinel redis,1
gitlab set up gitlab and mysql on centos rhel centos gitlab,1
twemproxy this module helps configure twemproxy caching redis nutcracker twemproxy,1
jrockit oracle jrockit puppet module java jrockit oracle java java,1
percona puppet module for-loop percona percona mysql server,1
innotop innotop 1 8 1 centos debian ubuntu mysql innotop,1
riak manages riak riak,1
puppetdb puppetdb module centos puppetdb hiera redhat,1
riakcs riakcs ubuntu debian riakcs riak,1
sqlserver microsoft sql server installer and provider,1
stanchion stanchion serialization server ubuntu debian stanchion riak,1
clustercontrol installs clustercontrol for-loop your new database node clustering deployment or on top of your existing database node clustering tokumx mariadb mongodb mysql clustercontrol pxc mysql-cluster database dbaas galera replication management monitoring scaling,1
mysql manage amanda mysql-zrm with puppet,1
mysql proxy mysql mysqlproxy mysql-proxy,1
baseline dev box with batteries included clojure couchdb elixir erlang go haskell io java lua mongodb nodejs nodots postgresql prolog python redis ruby rust scala,1
redis redis module ubuntu redis networking applications,1
postgresql a basic types for-loop managing postgresql droppod,1
glassfish puppet module for-loop glassfish 3+ glassfish oracle java,1
redis redis installation and configuration module redis-sentinel redis-server database database sentinel redis,1
galera install configure mysql with galera database galera mariadb percona mysql,1
riak riak key-value store ubuntu debian riak,1
letschat this module deploys let's chat a self-hosted chat app for-loop small teams npm nodejs node mongodb web-applications chat,1
titan install and run the titan graph database using aurelius packages,1
mysql mysql master for-loop cloudstackbyikoula instance deployment mysql master replication replicator cloudstack cloudplatform,1
wal_e installation wal_e wal-e postgresql pitr ubuntu replication,1
daticaldb4puppet yolo liquibase database devops datical,1
redis latest stable redis-server from ppa:chris-lea redis-server on ubuntu redis-server ubuntu,1
mysql mysql slave replication replicator cloudstack cloudplatform ikoula,1
virtualbox a puppet module to install virtualbox virtualbox virtualization oracle darwin osx,1
aerospike puppet module to install aerospike server ubuntu nosql aerospike,1
proftpd puppet module for-loop proftpd + proftpd mod mysql proftpd-mysql proftpd,1
tayu puppet module for-loop managing tayu tayu puppetdb debian,1
mongodb puppet module to install and manage mongodb from 10gen repository,1
mysql module for-loop mysql nfs wordpress cloudstack by ikoula instance deployment mysql nfs wordpress cloudstack ikoula,1
redis puppet module for-loop building a multi-node redis failover group with sentinel redis database clustering centos redhat ubuntu debian,1
influxdb puppet module to manage influxdb,1
mysql a puppet module for-loop installation and configuring mysql mysqlserver database database mysql,1
mysql deprecated! use puppetlabs mysql database create install mysql,1
postgresplus installation and confgiuration of a postgresql plus server with replication postgresql postgresplus enterprisedb,1
influxdb puppet module to manage influxdb > 0 9 x and its plugins like graphite or collectd collectd graphite tsdb monitoring influxdb,1
mongodbmms mongodb mms monitoring installation on ubuntu mms mongodb,1
redis puppet module for-loop installation and configuring a redis server redis-server redis,1
mysql manage your percona mariadb or oracle mysql debian ubuntu apt percona mariadb mysql,1
riak deployment a riak clustering storage dynamodb erlang cassandra database nosql riak,1
postgresqlxc postgresql xc defined resources types,1
redis install and configure redis build from thomas"s module redis source,1
sql-server this module adds a odbc system dsn for-loop a ms sql 2008 or 2012 database dsn odbc sql-server windows,1
foreman_puppetdb foreman with puppetdb foreman puppet puppetdb puppetmaster,1
phppgadmin puppet phppgadmin module postgresql postgresql phppgadmin,1
mongodb mongodb puppet module mongodb,1
database manages database schema configuration via standards schema migration tools mariadb postgresql postgresql postgresql mysql database,1
postgres_xc postgres-xc module database postgresql postgresql debian postgresql pg-xc postgres-xc,1
hiera_redis redis backend for-loop hiera redis hiera,1
redis puppet module to install manage and configure redis redis,1
webgate install and configure oracle webgate,1
sqltable manage configuration stored as sql table,1
mysql download and installs mysql's sakila sample database http: dev mysql com doc sakila en database sakila mysql,1
riak a module for-loop managing riak with puppet that supports cluster-analysis of the riak nodes this is v0 1 2 of the haf-riak module released into puppetforge as only 0 1 1 was available on puppetforge haf-riak,1
postgresq a puppet module that configure the postgresql repository on an enterprise linux and relatives system el6 postgrelsql,1
dbfs configure oracle dbfs,1
mysql mysql installation and configuration module ubuntu rhel centos mysql mysql,1
presto install facebook presto distributed sql engine,1
redis puppet module for-loop redis service,1
mongodb mongodb module with sharding,1
redis a basic types for-loop managing redis droppod redis,1
mysql a basic types for-loop managing mysql droppod mysql,1
neo4j installs neo4j graph database on linux system,1
mariadb puppet module for-loop mariadb,1
oracle manage the oratab through puppet oratab oracle,1
postgresql manage postgresql roles and database through puppet postgresql postgresql,1
influxdb a puppet report processor for-loop sending metrics to an influxdb server,1
puppetdb generate and distribute a shared cert to your puppetdb nodes,1
mongodb_ops_manager mongodb ops manager mms on premise server and agent installs,1
maxscale installs mariadb maxscale,1
redis installation latest stable redis-server on ubuntu,1
redis configure redis and or sentinel only for-loop systemd! sentinel redis,1
hudson download and installs oracle's hudson continuous-integration server using native unix linux installation packages oracle continuous-integration hudson,1
mysql installs configures and manages the mysql service,1
mysql my mysql configuration,1
pgtune configures postgresql instance for-loop optimal usage of system resources optimization performance pgtune postgresql,1
examdb installation and configure exam database database exam,1
mha manage mha for-loop mysql install and configuration,1
riak manage riak 2 x,1
riak2 for-loop management of riak 2 0 nodes,1
backupninja install and configure backupninja postgresql mysql ldap snapshot lvm rsync backup backupninja,1
freetds puppet module for-loop managing freetds freetds database sql-server,1
mysql this module manages the upstream mysql java connector connector j,1
influxdb installation and manage influxdb 0 9 x monitoring influxdb,1
percona_galera a module for-loop installation and configuring percona-galera-cluster percona-cluster mysql,1
providers oracle solaris providers,1
pgbouncer installs and configure pgbouncer postgresql pgbouncer,1
redis this module will install and configure redis server redis,1
redmine multi redmine installation with mysql apache and rbenv redmine,1
sqlserver the `sqlserver` module installs and manages ms sql server 2012 and 2014 on windows system database tsql sql2014 sql2012 microsoft sqlserver sql sql-server,1
