cowsay install ansible most important prerequirement software this can be used from ansible galaxy development,1
user management ansible role to manage user accounts on hosts development,1
boost install install boost c libraries from source development,1
foreman install foreman ddollar git io foreman system,1
git install git add git and bitbucket to etc ssh ssh known hosts system,1
deployment update code git clones repository to fresh release directory system web,1
gitlab gitlab git web interface development web,1
svn svn web server development,1
svn2git svn2git versioncontrol conversion software for linux development system,1
magento manage magento installation development web,1
git role to create a bare git repository with hook development,1
jenkins ubuntu installs jenkins on ubuntu development,1
jboss ubuntu installs jboss on ubuntu development,1
drone simple role to install drone development,1
rbenv ansible role to install rbenv development,1
nexus deployment nexus on ubuntu 12 04 development,1
source get application source code from git or mercurial repositoires cloud development system web,1
beanstalkd an ansible role for the installation of the beanstalkd networking work queue kr git io beanstalkd networking,1
git install a specific version of git from source development system,1
lider ejabberd lider ejabberd installation development,1
lider openldap lider openldap installation development,1
dotfiles dotfile installation for unix linux development system,1
android sdk installs the android sdk tools sdks themselves and applicable application build dependencies development system,1
galaxy init testing testing role of galaxy init testing,1
node installs latest nodejs and the latest npm git com npm npm fancy install unix development system,1
visualvm a role for installation visualvm development,1
pyenv install pyenv development,1
jpegoptim installs jpegoptim from sources development system,1
oraclejdk installs oraclejdk from webupd8 team's ppa development system,1
meetme newrelic plugins agent this role installs and configures meetme newrelic plugins agent git com meetme newrelic plugins agent monitoring,1
laravel5 deployment deployment role for laravel5 apps development web,1
jira an ansible playbook to automate the installation of atlassian jira could posibly be used to keep it updated development,1
motd an ansible role for configuring motd system,1
zend-framework opcache zend-framework opcache development web,1
synergy a role for installation synergy development,1
standards deployment deployment role for standards apps development web,1
symfony2role ansible role for deploying symfony2 applications development system,1
azulinho jenkins server ansible role for installation a jenkins server packaging,1
ansible jenkins maven jenkins server maven githubconnection development,1
azulinho git ansible role for installation the latest git on rh system,1
azulinho jenkins jobs builder ansible role for install the python tool jenkins jobs builder packaging,1
ionic-framework install ionic-framework and cordova npm packages development web,1
kernel header installs kernel header development system,1
oauthd install oauth daemon git com oauth io oauthd cloud web,1
jboss a role for installation jboss development,1
common installs default packages on host machine development web,1
gitchatploy ansible hipchat deployment notifications for git things development,1
bitcoind install and configure a bitcoind service development,1
pyenv install pyenv development,1
jpegoptim installs jpegoptim from sources development system,1
rbenv rbenv role development,1
openerp ansible role to install openerp from a git or mercurial repository and configure it web,1
virtualenv a role that installation virtualenv and its dependencies globally development system,1
elixir install elixir development,1
iojs install the latest stable version of io javascript and npm development system web,1
sublimetext a role for installation sublimetext development,1
evm an ansible role to install evm git com rejeep evm development system packaging,1
squirrel a role for installation squirrel development,1
artifactory ansible role to install artifactory the maven repository manager by jfrog development web packaging,1
smartgit installs smartgit development,1
komodoedit installs komodo edit development,1
rbenv install rbenv development,1
etherpad etherpad role development,1
dart ansible script to install dart dartium development,1
homebrew installs and updates homebrew or linuxbrew development system packaging,1
sublimetext3 packagecontrol install sublime text 3 package control and configure packages list development,1
iojs a role to install and configure io javascript and npm development web,1
iojs simple ansible role to build and install io javascript from source development system web,1
netatalk simple ansible role to build and install netatalk from source development system web,1
drfmicroservice an opinionated ansible script for installation deploying and testing a django rest frameworks microservice web,1
git installs git and related utilities development system,1
ionic-framework install ionic-framework and cordova npm packages development web,1
kernel header installs kernel header development system,1
aptly ansible role for aptly development packaging,1
gitlab omnibus install the gitlab omnibus package development web,1
maven manage maven installation development,1
certified install certified git com rcrowley certified system,1
gitlab a role that clones and installs gitlab development web,1
s3fs ansible role to install s3fs git com s3fs fuse s3fs fuse system networking,1
gitlab gitlab git web interface development web,1
autoenv install and configures autoenv development web,1
user git configures git for user system,1
latest git set up the latest version of git in ubuntu system development system,1
jenkins centos jenkins continuous-integration development packaging,1
anyenv an ansible role to install anyenv development,1
jenkins ansible jenkins role development,1
svn a role for installation svn development,1
gitlab continuous-integration runner install gitlab continuous-integration runner instance development,1
zap a role for installation zap development,1
pulsar install and manage a pulsar git com galaxyproject pulsar server web clustering,1
common env create a common env for all of your dotfiles development system,1
letsencryptsh install and configure letsencrypt sh git com lukas2511 letsencrypt sh create user for privilege dropping and cron configuration for certificate renewals x509 certificate acme openssl certificate ssl letsencrypt ssl ca,1
merge a merge role development web,1
cloudmesh osx dev some useful development tools and libraries for big data analytics,1
githook for jira installs a local githook for jira git jira,1
rancid git rancid 2 fork with git support also include customizations for snapshotting many more devices than the main project such as vyatta f5 dell and ubiquiti edgeswitch to name a few nexus brocade junos juniper rancid dell f5 networking vyatta git pfsense arista ubiquiti cisco fortigate,1
registrator run registrator development system,1
githubhooks adds a web hook to all an organizations git repository automation system,1
githubwebhooks adds a web hook to all an organizations git repository automation system,1
git mfa checker checks all admin user of a git org have their 2 factor authentication enabled automation system,1
git webhooks adds a web hook to all an organizations git repository automation system,1
jenkins jenkins continuous-integration development packaging,1
dotfiles dotfile installation for unix linux development system,1
git webhooks adds a web hook to all an organizations git repository automation system,1
xcode ansible role for installation and configuring xcode development system,1
php7 install php7 to centos6 development web,1
motd handle motd motd system,1
makefile handle makefile development system makefile,1
testing,1
npm handle npm development web npm,1
bamboo agent installation build environment for development and continuous-integration system,1
concourse lite install concourse lite easily on your host cloud continuous-integration testing,1
slack deployment slack integration for ansible deployments development automation slack,1
homebrew homebrew for osx operating-system x development system packaging,1
gitlab gitlab git web interface development web,1
eclipse a role for installation eclipse development,1
phpmyadmin handle phpmyadmin development phpmyadmin,1
phpredisadmin handle phpredisadmin development phpredisadmin,1
dotfiles personal dotfiles development system,1
sa dev worktools cleanups default ubuntu 14 04 install recipe for visual ubuntu boxes used for provision testing also usable for developer's notebook installation gitflow multitail googlechrome ubuntu mc jq terminator atom unzip sublimetext2 zeal p7zip,1
platinumsearcher install latest the platinum searcher on linxu x86-64 development system,1
jenkins ansible role for jenkins development osx alpine,1
git install configure git packages that enchance git git git dotfiles,1
xcode configure xcode development osx xcode,1
gitlab gitlab git web interface development web,1
ndenv ansible role for ndenv development osx alpine,1
maven colors role for installation maven colors extension for maven ubuntu maven,1
jenkins install and configure jenkins and some plugins development web,1
platformsh command-line-interface platform sh command-line-interface development web,1
android ansible role for android development osx,1
jenkins jenkins continuous-integration oracle java development packaging,1
git ansible role to service git development,1
uwsgi ansible role to service uwsgi development,1
compizconfig settings manager installs and configures compizconfig settings manager development system,1
tree tree recursion directory display development system,1
xclip xclip clipboard command line tool development system,1
komodo ide set up komodo ide by activestate in debian like system development system ide,1
motd dynamic motd system,1
oclint oclint development,1
beetbox backdrop backdrop project role for beetbox development installer backdrop web beetbox,1
beetbox slim slim project role for beetbox development installer web beetbox slim,1
beetbox kohana kohana project role for beetbox development installer kohana web beetbox,1
beetbox cakephp cakephp project role for beetbox cakephp development installer web beetbox,1
beetbox concrete5 concrete5 project role for beetbox development installer web beetbox concrete5,1
jenkins jenkins continuous-integration development packaging,1
hashicorp pack install hashicorp's apps development system,1
nvm this role installs and configure node through nvm for ubuntu trusty 14 04 development system ansidev web,1
swig swig role development,1
libyajl role to build and install libyajl from source development,1
supervisord supervisord role development,1
passwordsafe installs passwords safe from copr helber simger development system,1
imagemagick from source imagemagick role for building it from source with specific configure options development system,1
jupyter profile creates a jupyter notebook profile config development,1
pa11y pa11y web accessibility tool development web,1
hashicorp toolbox installs various hashicorp utilities hashicorp com development,1
shellinabox shellinabox support for openapphack development web,1
shellinabox shellinabox support for openapphack development web,1
ubuntu awesome motd an awesome motd for your ubuntu box motd ubuntu,1
iperf iperf service development,1
jenkins slave an ansible role that installs jenkins slave server web,1
git ansible role for installation git and nginx for self hosted repository server git nginx,1
git ansible role for installation git and nginx for self hosted repository server git nginx,1
julia-lang build julialang build role development,1
devdotfiles dotfiles for den env development system,1
common centos rhel common development system packaging,1
neovim install configure neovim development neovim,1
git install configure git packages that enchance git git git dotfiles,1
xcode configure xcode development osx xcode,1
hoodie basic hoodie web application development platform role web,1
jepsen a jepsen testing clustering role database system clustering networking nosql sql,1
luarocks luarocks role development,1
ansible role jenkins jenkins continuous-integration development packaging,1
sentry install and installation sentry development system web,1
couchdb replication role to installation replication between couchdbs development,1
nvm install nvm and node javascript development web packaging,1
xfce installs the xfce window manager and lightdm login manager on generics linux development system,1
mapr hive testing,1
mapr post install testing,1
mapr apache-spark testing,1
gitlab runner gitlab runner development,1
sonarqube ansible role to install and configure sonarqube development quality,1
mosh role to install mosh via package manager development,1
fig an ansible role for installation fig development system,1
motd role to manage motd motd system,1
jenkins extra extra jenkins config like create jobs credentials set aws credentials profile copy ssh key continuous-integration jenkins,1
jenkins install and configure jenkins continuous-integration server continuous-integration jenkins,1
eclipse director provides an 'eclipse' ansible module that wraps the eclipse director application for installation or uninstalling eclipse feature groups development,1
unison installs and configures unison development unison,1
eclipse ccw ansible role to install counterclockwise clojure plugins for eclipse development,1
eclipse m2e dependencies ansible role to install m2e connector for the maven dependencies plugins development,1
eclipse moreunit ansible role to install moreunit for java development,1
git deployment git client from source let you choose the version require build tools development git system,1
virtualbox ansible role for virtualbox development osx,1
dosomething dev development and testing suite for dosomething org website system,1
mercurial installs mercurial development,1
jenkins jenkins master plugins development,1
nvm install nvm and node javascript development web packaging,1
sonarqube ansible role to install sonarqube the code quality tool development,1
sbt extras ansible script to automate installation of sbt extras development system,1
jitsi jitsi dev env development,1
zsh zsh installation role development,1
magerun magerun magento taskrunner for linux development web,1
plone jenkins node jenkins continuous-integration node development,1
silversearcher the silver searcher a code search tool similar to ack with a focus on performance development,1
jenkins jenkins continuous-integration development packaging,1
sinopia sinopia npm registry development web,1
nvm nvm installation role development,1
phpvirtualbox a role for installation phpvirtualbox development web,1
rustlang ansible role for installation the rust compiler-construction development,1
jenkins ansible small ansible role designed to install jenkins on an ubuntu server behind an apache2 reverse proxy development web,1
redshift redshift installation role development,1
newrole create an ansible scaffold for a new role development packaging,1
composer-php composer-php for ubuntu 14 04 development system web packaging,1
git git for ubuntu 14 04 development system packaging,1
slack send slack notifications from playbooks development,1
autodeploy simple deployment tool development,1
rust installs rust development,1
confluence installs confluence development,1
webmin webmin installation for red hat centos development web,1
plenv install plenv development,1
sbt ansible role for installation sbt development,1
composer-php composer-php installation development packaging,1
npm npm installation development packaging,1
jenkins jenkins continuous-integration server development system web,1
gruntjs gruntjs installation development,1
rvm ignore gemsets role to ignore gemsets development system,1
jpegoptim installs jpegoptim from sources development system,1
git install and set up git package for centos debian ubuntu and osx if-statement brew available development system,1
rbenv deployment rbenv locally for the user development system web,1
pycharm set up pycharm development system,1
pm2 pm2 installation development,1
git install git git version-control com in a cross platform way networking packaging,1
koji kojira installs koji's koji builder for redhat development system packaging,1
koji ca installs koji's koji builder for redhat development system packaging,1
koji hub installs and configures koji's koji hub development system packaging,1
data science toolkit data science toolkit development,1
aberdeencloud command-line-interface aberdeencloud command-line-interface for linux operating-system x development web,1
http2 build and installs several bleeding edge http 2 compliant tools from git repository development system web,1
rundeck installs rundeck role development system,1
jenkins installs and configures jenkins continuous-integration jenkins continuous-integration org development,1
rancid git installs rancid really awesome new cisco config differ configurable git enabled system networking,1
gvm manage your groovy ecosystem with gvm gvmtool net development system web packaging,1
autodeploy simple deployment tool development,1
2 role 2 dependencies chain testing development,1
4 role 1 dependencies chain testing development,1
jenkins jenkins continuous-integration development packaging,1
biicode playbook to install and configure biicode development,1
debugging variables a role for debugging ansible variables development debugging system variables,1
phpstorm set up phpstorm development system,1
debugging a role for managing a debugging user debugging tools and debugging ansible variables development variables debugging system debugging user,1
git debian lucid git version control software development system,1
fabric configure fabric development,1
jmeter a role for installation jmeter development,1
git code pull ansible role to pull a git repository cloud system,1
rvm prerequisites install prerequisites required by rvm development,1
rstudio set up the latest version of rstudio ide in debian like system development system,1
jenkins slave jenkins slave for the swarm plugins development,1
gruntjs install gruntjs development web,1
dockerized jenkins dind ansible role to run jenkins in docker with docker in it cloud,1
justniffer build and installs justniffer from git repository system networking monitoring,1
jenkins jenkins continuous integration server system,1
atlassian confluence ansible rols which installs and configures a basic atlassian confluence installation development system,1
rbenv rbenv role development,1
libsass ansible role that installs libsass on ubuntu development system web,1
gitlab gitlab git web interface development web,1
bower bower installation development,1
autodeploy simple deployment tool development,1
workspace creates my basic develop directory tree development system,1
git git version control software development system,1
mailhog mailhog for linux development system web,1
git git version control software development system,1
magento manage magento installation development web,1
julia-lang julialang role development,1
makefile installation makefile package development web,1
env configure environment variables development web,1
phantomjs a phantomjs role to install phantomjs development web,1
opcache dashboard install and config opcache dashboard via composer-php development web,1
phpmyadmin install and config phpmyadmin via composer-php development web,1
phppgadmin install and config phppgadmin via composer-php development web,1
jenkins php jenkins php for debian development web,1
gearman installation gearman development web,1
vsftpd installation and config vsftpd development web,1
heka heka role development web,1
gerrit installs gerrit development,1
gcc installs gcc and g version 5 and set them as default also installes gdb development,1
bundler installs bundler development web,1
hivemind ansible galaxy role for hivemind development system,1
bamboo atlassian bamboo for rhel6 centos6 development,1
elixir simple role for deploying elixir exrm based releases development,1
logmon install logmon use git com kuchitama logmon kuchitama logmon is fork of moomindani logmon monitoring,1
elrepo configures elrepo development,1
useraccounts configures user accounts and groups development,1
emacs emacs a bunch of emacs packages development,1
git release infra role for installation released binaries from git development,1
unarchive deps role to install deps needed for the ansible unarchive module development packaging,1
homebrew osx operating-system x homebrew manager development system osx homebrew brew,1
bamboo ansible role for atlassian bamboo installation system,1
motd customizable message of the day motd system,1
apache-flink role to install apache-flink development,1
hbase hbase role development,1
project installation creates user groups and set up the project folder structure development,1
apache2 this role installs the following packages apache2 php php gd git curl wget,1
confd confd role development,1
solr solr role development,1
scala sbt role development,1
openwga a role to install openwga development web,1
intellij-idea intellij-idea role development,1
subgit subgit role development,1
fluentd fluentd role development,1
waf waf role development,1
haskell haskell role development,1
dotfiles ansible role to install your dotfiles development system,1
jenkins jenkins continuous-integration development packaging,1
pspsdk ansible role to build open source sdk for psp homebrew development development,1
composer-php global packages install globally required composer-php packages development web packaging,1
crystalspace ansible role to build open source 3d sdk crystal-reports space development,1
mesosphere mesos mesosphere mesos role development,1
mesosphere bamboo mesosphere bamboo role development,1
mesosphere mesosmaster mesosphere mesos master role development,1
mesosphere marathon mesosphere marathon role development,1
watchman installs watchman development,1
node n node n installer based role development,1
mailhog installation and configure mailhog development web,1
ansible role for installation ansible development,1
jessie role a simple role that updates sources list for debian shared-libraries packages are installed from stable distribution while-loop one can install single packages from testing 1 jessie is a default distribution 2 stretch packages are available but not installed by defa packaging,1
luajit luajit role development,1
rstudio rstudio role development,1
atlassian confluence install upgrade atlasssian conflunce development,1
flocker clusterhq flocker role development,1
openresty openresty role development,1
rbenv installs and configures rbenv development system,1
pypy aims to install pypy development,1
git git version control software development system,1
gitlab continuous-integration multi runner gitlab continuous-integration multi runner role development,1
atop installs atop development system packaging,1
maven notifier role for installation maven notifier extension for maven ubuntu maven,1
s rbenv install rbenv development,1
rbenv install rbenv development,1
debian git install git for debian system system,1
hibernatus ansible hibernatus core internal role to installation hibernatus dependencies development system,1
sublime config configure sublime text 3 package control and preferences development system,1
installation installation aliases hostname motd and timezone for rhel centos motd hostname aliases system timezone,1
fubarhouse pm2 provisions node applications via pm2 development system,1
testing testing role testing,1
jboss common common installation role for red hat jboss family of roles java common jboss,1
compiz config configures compizconfig settings manager development system,1
sublime install sublime text 3 development system,1
testing,1
vault hashicorp vault role development,1
hawkular service role to deployment and start hawkular service jboss timeseries hawkular monitoring,1
sublimetext install sublime text 3 from tarball and create a desktop shortcut development texteditor ide,1
jboss bxms role to install jboss brms or bpm suite bxms java jboss eap brms bpms,1
xsel xsel clipboard command line tool development system,1
jupyter nbextensions install jupyter extensions development jupyter system anaconda conda ipython,1
jenkins jenkins installation continuous-integration jenkins,1
continuous-integration versioncontrol versioncontrol for continuous-integration for linux server server development git system svn continuous-integration webserver,1
sa git helps you to install recent version of git core software on your ubuntu 16 04 lts 15 10 15 04 14 10 14 04 lts 12 04 lts system using ppa git ubuntu,1
tmux tmux installation for ubuntu development tmux,1
proftpd installation and config proftpd development web,1
testing,1
homebrew homebrew for osx operating-system x development system packaging,1
rkt install this role for install rkt into server testing with ubuntu containers rkt,1
nsq installs nsq development,1
voltdb build todo name this role development,1
buildbranchessites build sites from git branch cloud system,1
jboss fuse install jboss fuse on eap fuse java jboss eap,1
robophilosopher cent7 elixir install the latest elixir from source on centos7 development,1
gitautodeploy machines with this role will have a small http server that listens for web hook python-requests sent from git gitlab or bitbucket servers see this hyperlink olipo186 git io git auto deployment development,1
gitolite install gitolite from upstream git development,1
libsass ansible role install libsass development system sassc libsass sass,1
pyenv ansible galaxy role for pyenv git com yyuu pyenv development system,1
concrete5 concrete5 project role for beetbox development installer web beetbox concrete5,1
backdrop backdrop project role for beetbox development installer backdrop web beetbox,1
modx modx project role for beetbox development installer modx web beetbox,1
slim slim project role for beetbox development installer web beetbox slim,1
uwsgi install uwsgi development web,1
gitlab install upgrade and manage gitlab instance development web,1
clojure install clojure version s and leiningen development system,1
sublimetext install sublime text with ansible development,1
pre deployment display a message when the deployment starts and set a nice motd pre,1
commoncentos prepares a centos box by hashicorp for virtualbox development system packaging,1
scala an ansible role for installation scala development,1
sources ansible role for deploying sources from git repository system,1
jenkins2 this ansible role can be used to install and manage jenkins 2 continuousintegration jenkins cd development continuous-integration continuousdelivery,1
jboss eap role for red hat jboss enterprise application platform eap java jboss eap,1
pip installs pip development,1
git an ansible role for installation git development,1
maven3 an ansible role for installation maven 3 system,1
gitconfig configure gitconfig and your gitignore global development system packaging,1
motd installs motd on debian ubuntu linux servers motd ubuntu debian,1
homebrew homebrew for osx operating-system x development system packaging,1
swap this role configure's swap for ubuntu trusty 14 04 development system ansidev web,1
gunicorn an ansible role for installation and configuring gunicorn development,1
cmake install the latest cmake binary tarball in opt kitware development,1
gcc an ansible role for installation gnu c compiler-construction development,1
pip an ansible role for installation pip development,1
slack send slack notifications from playbooks development,1
git install git,1
jenkins jenkins continuous-integration development packaging,1
git install git package source server development system,1
fakesqs installs the development version of the amazon amazon-sqs server development,1
build essential install packages required for compilation c software from source development system,1
git git version control software development system,1
base a basic role providing some common development tools and system configurations for doing full stack web development gruntjs node development gulp git system web bash sass bower ruby,1
cpanminus install cpanminus on centos development,1
html-table agent development web,1
jenkins jenkins basic installation development monitoring,1
jenkins git jenkins git and git support development monitoring,1
jenkins perl jenkins perl role development monitoring,1
gitlab undev gitlab installation development system web,1
autoconf ansible role to encapsulate building autoconf generated packages development packaging,1
drush ansible role for installation drush development system packaging,1
ipython ipython notebooks deployment role development web,1
prm ansible role that creates and synchronizes a deb or rpm repository using prm git com dnbert prm packaging,1
freight a role that install freight development,1
rbenv rbenv ansible role development,1
motd manipulates motd system,1
deployment bundle setups bundler and installs gems development web,1
core ansible core role development,1
scala install scala version s and sbt development system,1
jenkins installs the jenkins system,1
bootstraps run a list of bootstrap command e g dotfiles development system,1
sonarqube deployment sonarqube qube on ubuntu 12 04 development,1
scipy the scipy stack including numpy matplotlib ipython and pandas development,1
motd dq2 an ansible role to edit motd to show pixel arts of dq2 character system,1
package client a role to install packages from your own software channel development packaging,1
package server a role to pack projects from git repository into deb packages and makefile then available as debian software channel to install with apt get development packaging,1
gogs gogs go git service development web,1
django ansible role whith installation django projects development system web,1
jenkins ansible role for jenkins continuous-integration development system,1
atom atom io installation development system,1
pull manage ansible pull development system,1
rbenv ansible role to deployment rbenv and rbenv plugins git com sstephenson rbenv development system packaging,1
ant manage ant installation development,1
galaxy hack'y role to download roles development system packaging,1
macsetup ansible galaxy role for installation your osx operating-system x development,1
phpstorm install phpstorm development system web,1
git install git and provide usefull settings for it development system,1
git user installation user with git users' ssh key system networking,1
dotfiles a role for installation and managing my dotfiles development,1
stationmaster ansible playbook to support git com radify stationmaster takes care of updating stationmaster's csv monitoring,1
xvbf a role for installation xvbf development,1
plone jenkins server jenkins continuous-integration development,1
virtualenvwrapper install and configures virtualenvwrapper development web packaging,1
build essential install packages required for compilation c software from source development system,1
html-table agent role for html-table agent development system,1
git installs git and set global options development,1
rbenv ansible role to install rbenv development,1
osx node javascript an ansible role to installation node javascript on operating-system x development,1
osx rbenv an ansible role to install rbenv development,1
osx git an ansible role to installation git development,1
git an ansible role for installation and configuring git development,1
conky a role for installation conky development,1
ansible build and install ansible debian package configure ansible development system packaging,1
backporter helper role to create backported packages in debian or ubuntu development system packaging,1
gitlab continuous-integration install upgrade and manage gitlab continuous-integration instance development web,1
gitusers manage user accounts based around git shell system,1
cmake a role for installation cmake development,1
homebrew ensure that homebrew is installed on a osx development system packaging,1
packages install packages on your osx from different sources development packaging,1
composer-php install composer-php development system web packaging,1
mercurial an ansible role for installation mercurial development,1
flashplayer standalone ansible role to install standalone flash player development web,1
cacert installs cacert root certificate development system web,1
 install and configure ansible development system,1
gulp install the latest stable version of gulp development web,1
buildbot installs and configures buildbot development web,1
adobemediaserver install adobemediaserver with default settings development web,1
helga ansible role for helga the irc bots git com shaunduncan helga networking,1
eclipse a role for installation eclipse development,1
wp command-line-interface installs wp command-line-interface development web,1
gogs installs gogs development web,1
gradle install gradle development system,1
fpm an ansible role for installation fpm development system,1
medrecord medrecord development system,1
medrecord medrecord development system,1
virtualenv ansible role for installation virtualenv development packaging,1
jenkins slave a role for installation jenkins slave development,1
vertx3 role to install vertx3 development,1
symfony2 deployment deployment role for symfony2 apps development web,1
dotdeb this role installs and configures the dotdeb development,1
boundary agent install and installation boundary agent development system,1
laravel4 deployment deployment role for laravel4 apps development web,1
stouts jenkins ansible role for manage jenkins continuous-integration installation plugins roles development system,1
nvm ahmed install nvm and node javascript development web packaging,1
azulinho devel packages ansible role for installation the development tools on rh packaging,1
azulinho jenkins plugins ansible role for installation jenkins plugins packaging,1
azulinho jenkins reconfigure jobs using jinja2 ansible role for configuring jobs in jenkins using jinja2 templating packaging,1
azulinho jenkins reconfigure jobs using jobs dsl ansible role for configuring jobs in jenkins using the dsl packaging,1
seafile install and configure seafile an open source cloud storage homepage seafile comsee git com dresden weekly ansible seafile example for usage and development web,1
symfony2 roles a custom role for easy symfony2 deployement forked version from servergrove symfony2 development web,1
rvm ignore gemsets role to ignore gemsets development system,1
start nodeapp ansible playbook that starts a given node app with args development system,1
git publisher git deployment development system,1
iojs install io javascript from source development system,1
yourkit a role for installation yourkit development,1
jdiskreport a role for installation jdiskreport development,1
private bower a role for installation private bower development,1
optipng installs optipng from sources development system,1
jetty installs jetty from distribution package development system,1
cdh5 yarn pseudo install cdh 5 with yarn on a single linux node in pseudo distributed mode development,1
npm global deps install global npm dependencies development system,1
jbroadway plasticscm an ansible role for installation plastic version-control development,1
openerp ansible role to install openerp from a git or mercurial repository and configure it web,1
phantomjs an ansible role for installation phantomjs development,1
gogs an ansible role for installation and configuring gogs development web,1
mailcatcher ansilble role to installation mailcatcher web mailcatcher me development web,1
pyenv installs and configures pyenv development system,1
jekyll ansible role for install jekyll on debian ubuntu development web,1
intellij-idea ansible role to install intellij-idea idea community edition development,1
dotfiles installs and updates dotfiles development system,1
jenkins set up jenkins in ubuntu system development system packaging,1
svn apache svn for rhel centos 6 x development,1
mate desktop installs mate desktop development,1
upstart node upstart for bastly development system,1
hhvm installs facebook's hhvm on centos 7 servers development system web,1
ddg hack duckduckgo hack env development,1
wp command-line-interface wp command-line-interface development web,1
phpunit a phpunit role dependent on geerlingguy composer-php development web,1
motd generates motd file system,1
svn installs svn development,1
gitlab install gitlab windows-ce omnibus development git,1
testing role,1
ansible osx dev some useful development tools and libraries for big data analytics,1
atom atom role development,1
intellij-idea ansible role for intellij-idea development osx,1
orientdb orientdb development,1
jenkins jenkins installation development system,1
homebrew homebrew for osx operating-system x development system packaging,1
git mfa checker checks all admin user of a git org have their 2 factor authentication enabled automation system,1
koji client installs koji client for redhat development system packaging,1
build installation build environment for development and continuous-integration system,1
scala ansible role for scala development,1
pip pip installation development system,1
jenkins set up jenkins continuous integration server system,1
1 role 1 dependencies chain testing development,1
3 role 3 dependencies chain testing development,1
motd set up message of the day motd system,1
pycharm set up pycharm development system,1
testing debian lucid ansible role for installation and configuring testing tools,1
jenkins master a simple jenkins install with options for using an nginx proxy and restoring from a backup file development system monitoring,1
testing testing my first ansible role system networking packaging,1
redmine ansible role to install redmine development web,1
openapphack shellinabox shellinabox support for openapphack development web,1
jenkins jenkins development packaging,1
jenkins jenkins continuous-integration development packaging,1
dotfiles dotfile installation for unix linux development system,1
letsencrypt install let s encryption client and provide usefull settings and action for it development system,1
sa tool veracrypt veracrypt fork of the truecrypt under active development backward compatible truecrypt ubuntu crypt veracrypt,1
opcache dashboard handle opcache dashboard development,1
phppgadmin handle phppgadmin development phppgadmin,1
magento manage magento installation development web,1
deployment handle deployment development deployment,1
alternatives alternatives development web,1
git this role will assume the installation and configuration of git installation git package define the gitconfig file allow installation of the giconfig file system developpement,1
curl install curl development web,1
mailcatcher installation and configure mailcatcher development web,1
phpredisadmin install and config phpredisadmin via composer-php development web,1
ffmpeg installation ffmpeg development web,1
logentries install and configure logentries development web,1
shorewall shorewall development web,1
openvz openvz development web,1
rtail installation rtail development web,1
base simple base providing git pip wheel virtualenv various utils system,1
nvm install nvm and node javascript development web packaging,1
hugo ansible role to install hugo performance and flexible static site generator gohugo io development system web,1
bamboo elastic agent installs bamboo elastic agent cloud,1
git installs and configures lastest git development,1
moodle role moodle install from git web,1
sa teamcity installs teamcity continious integration server from jetbrains ubuntu jetbrains teamcity,1
trellis deployment locally this role can be swapped in into a trellis project if-statement the webserver has no access to the git repository trellis deployment,1
konsole konsole terminal emulator development system,1
unity3d tweak tool install and configure unity3d tweak tool development system,1
xkb key binding configure xkb key binding development system,1
git git installation and cloning for rhel centos git system,1
gocd ansible playbook to install gocd development,1
atlassian jira ansible rols which installs and configures a basic atlassian jira installation development system,1
emacs snapshot emacs snapshots development,1
google google-chrome google google-chrome installation role development,1
maven an ansible role for installation maven web,1
nodebrew nodebrew development,1
kallithea ansible role to install kallithea and configure it development git system web mercurial mercurial,1
buildpack deps build dependencies development system,1
jhipster ansible role for create dev enviroment for jhipster development,1
haskell haskell installation role development,1
buildpack deps version-control git bazaar mercurial svn system,1
dotfiles a role to manage your dotfiles and bootstrap new osx and debian ubuntu machines development,1
jenkins a continuous integration platform for when there's no other choice web,1
mailcatcher mailcatcher for debian rhel operating-system families development web,1
rkt runner an ansible role for creating a systemd service unit that runs an aci using rkt development system packaging,1
pyenv install pyenv development,1
devenv developement environment installation role development,1
rtail installation rtail development web,1
base simple base providing git pip wheel virtualenv various utils system,1
nvm install nvm and node javascript development web packaging,1
hugo ansible role to install hugo performance and flexible static site generator gohugo io development system web,1
bamboo elastic agent installs bamboo elastic agent cloud,1
git installs and configures lastest git development,1
intellij-idea ansible role to install intellij-idea idea community edition development,1
git installs git of version you want by compilation source for centos 7 development system,1
git git a distributed version control system development,1
virtualbox guest build and installs virtualbox guest additions development system packaging,1
gerrit installs and configures gerrit code review web gerritcodereview com development,1
ohmyzsh installs ohmyzsh on a user basis development web,1
dvm provisions drush version manager development system,1
psptoolchain ansible role to build open source toolchain for psp homebrew development development,1
virtualbox role that installs virtualbox development,1
beetbox wordpress wordpress project role for beetbox development installer web wordpress beetbox,1
beetbox modx modx project role for beetbox development installer modx web beetbox,1
git server installation bare git repositors system web,1
terminal notifier awareness and notifications development,1
jekyll3 installs jekyll 3 static site generator development,1
jekyll installs jekyll jekyllrb com development web,1
composer-php this role installs composer-php for ubuntu trusty 14 04 development system ansidev web,1
casalibs ppa installs casacore libs as per radio astro git io packaging,1
gitlab installation and config gitlab windows-ce development web,1
xcode configure xcode development osx xcode,1
swift apple swift for ubuntu development,1
jenkins oracle java jenkins continuous-integration development packaging,1
galaxify role to deployment galaxify sh development,1
collectd collectd role development,1
xfce installs the xfce window manager and lightdm login manager on ubuntu development system,1
gitconfig configures git for various user system,1
shellinabox role for git com shellinabox shellinabox development,1
atom installs atom from copr helber atom development system,1
git git lfs git large file storage development system,1
testing ansible role for configuring logging rotation of your app system,1
mesosphere chronos mesosphere chronos role development,1
mesosphere mesosslave mesosphere mesos slave role development,1
buck installs buck development,1
node node javascript role development,1
azulinho jenkins server ansible role for installation a jenkins server packaging,1
git install configure git packages that enchance git git git dotfiles,1
r r role development,1
atlassian jira install upgrade atlasssian jira development,1
lua lua role development,1
atlassian atlassian-crowd install upgrade atlasssian atlassian-crowd development,1
serf serf role development,1
jenkins jenkins continuous-integration development packaging,1
buildkite agent install the buildkite com agent on ubuntu development,1
dotfiles install kse201's dotfiles development system,1
neovim install configure neovim dotstrap development neovim,1
dotfiles installs dotfiles development system web,1
mesosphere rsyslogd rsyslogd config for mesosphere hosts role development,1
miniconda miniconda role development,1
rust rust lang role development,1
emacs build emacs builder a bunch of emacs packages development,1
couchdb installs couchdb development,1
couchdb lucene couchdb lucene roles development,1
ansible ansible role for ansible development osx alpine,1
jenkins install and configure jenkins continuous-integration,1
sources ansible role for deploying sources from git repository system,1
hub role to install hub development,1
mapr drill testing,1
mapr mapreducev1 testing,1
mapr pre install testing,1
git application a role for deploying applications using git cloud development system web packaging,1
jq installs jq development system,1
eclipse data tools ansible role to install data tools platform extender sdk and data tools platform enablement extender sdk development,1
eclipse m2e egit ansible role to install maven version-control handler for egit development,1
eclipse sts quicksearch ansible role to install eclipse quicksearch development,1
bas motd configures the message of the day shown when logging into a machine system,1
eclipse yedit ansible role to install yedit yaml editor development,1
templates homebrew for osx operating-system x development system packaging,1
uwsgi ansible role for uwsgi development web,1
homebrew installs homebrew homebrew cask on osx development system macsible osx cask homebrew packaging osx,1
dnsmasq dnsmasq role development web,1
jenkins jenkins continuous-integration ansible role development packaging,1
jupyterhub config configure jupyterhub development jupyter system jupyterhub anaconda conda ipython,1
netbeans ide set up netbeans ide in debian like system development system ide,1
jboss eap jboss eap 6 x deployment cloud development system web,1
jupyter config configure jupyter development jupyter system jupyterhub anaconda conda ipython,1
koji web installs koji's koji web development system packaging,1
koji builder installs koji's koji builder for redhat development system packaging,1
phabricator phabricator installer development system web,1
osx dnsmasq dnsmasq for osx operating-system x via homebrew development system packaging,1
pip pip installation development system,1
jenkins set up jenkins continuous integration server system,1
1 role 1 dependencies chain testing development,1
3 role 3 dependencies chain testing development,1
motd set up message of the day motd system,1
hawkular wildfly agent role to deployment hawkular agent on an existing wildfly server jboss hawkular wildfly monitoring,1
redhat csp download download resources from the red hat customer portal development system packaging,1
goss module use goss in your roles testing goss,1
ngrok role for ngrok installation and tunnel configuration development system ubuntu ngrok tunnel,1
jboss fuse role for red hat jboss fuse esb fuse java jboss,1
user custom user management role for linux based system with testing kitchen serverspec testing system user,1
veradev configure a dev env for mios vera development,1
ubuntu git latest installs the latest git version on ubuntu git ubuntu latest,1
oraclejdk installs oraclejdk from webupd8 team's ppa development system,1
alpine python install python 2 3 runtime under alpine linux development python alpine,1
jboss eap install red hat jboess eap java jboss eap,1
kubectl installs kubectl to usr local bin development,1
git installs git version control system system,1
gitlab gitlab git web interface development web,1
docbuilder installs the pentext documentation builder toolchain development,1
jenkins2 ready to use jenkins with set of optional bundled plugins cd prudentia ubuntu continuous-integration jenkins webdriver buildserver,1
jq installs jq to usr local bin development,1
dotfiles dotfile installation for unix linux development system,1
letsencrypt install let s encryption client and provide usefull settings and action for it development system,1
sa tool veracrypt veracrypt fork of the truecrypt under active development backward compatible truecrypt ubuntu crypt veracrypt,1
opcache dashboard handle opcache dashboard development,1
phppgadmin handle phppgadmin development phppgadmin,1
magento manage magento installation development web,1
deployment handle deployment development deployment,1
pyenv ansible galaxy role for pyenv git com yyuu pyenv development system,1
gitlab runner manage gitlab runner instances development,1
textadept a role for a favored texteditor textadept development textadept texteditor,1
mapr drill testing,1
mapr mapreducev1 testing,1
mapr pre install testing,1
git application a role for deploying applications using git cloud development system web packaging,1
jq installs jq development system,1
eclipse data tools ansible role to install data tools platform extender sdk and data tools platform enablement extender sdk development,1
eclipse m2e egit ansible role to install maven version-control handler for egit development,1
eclipse sts quicksearch ansible role to install eclipse quicksearch development,1
bas motd configures the message of the day shown when logging into a machine system,1
eclipse yedit ansible role to install yedit yaml editor development,1
templates homebrew for osx operating-system x development system packaging,1
moodle role moodle install from git web,1
sa teamcity installs teamcity continious integration server from jetbrains ubuntu jetbrains teamcity,1
trellis deployment locally this role can be swapped in into a trellis project if-statement the webserver has no access to the git repository trellis deployment,1
konsole konsole terminal emulator development system,1
unity3d tweak tool install and configure unity3d tweak tool development system,1
xkb key binding configure xkb key binding development system,1
git git installation and cloning for rhel centos git system,1
virtualbox role that installs virtualbox development,1
ansible deps install ansible needed dependencies for integration testing,1
interactive environments install and manage galaxy galaxyproject org interactive environments development web,1
gcc arm ansible role to install gnu c compiler-construction for arm development,1
psplibraries ansible role to build open source libraries for psp homebrew development development,1
hugo this role will assume the installation the static site generator hugo gohugo io development web,1
common installs some basic packages on all hosts development system,1
typesafe activator typesafe activator role development,1
corkscrew corkscrew role development,1
terraform terraform role development,1
flannel flannel role development,1
filezilla filezilla role development,1
atom atom role development,1
git git version control software development system,1
gitlab gitlab git web interface development web,1
psp ports ansible role to build java-collections-api of open source software ported to the psp development,1
git git lfs git large file storage development system,1
testing ansible role for configuring logging rotation of your app system,1
mesosphere chronos mesosphere chronos role development,1
mesosphere mesosslave mesosphere mesos slave role development,1
buck installs buck development,1
node node javascript role development,1
azulinho jenkins server ansible role for installation a jenkins server packaging,1
git install configure git packages that enchance git git git dotfiles,1
r r role development,1
atlassian jira install upgrade atlasssian jira development,1
lua lua role development,1
atlassian atlassian-crowd install upgrade atlasssian atlassian-crowd development,1
serf serf role development,1
jenkins jenkins continuous-integration development packaging,1
buildkite agent install the buildkite com agent on ubuntu development,1
dotfiles install kse201's dotfiles development system,1
neovim install configure neovim dotstrap development neovim,1
dotfiles installs dotfiles development system web,1
mesosphere rsyslogd rsyslogd config for mesosphere hosts role development,1
git repos clones any numbers of git repos with less configuration git osxstrap osx,1
locale this role installs and configure locale's for ubuntu trusty 14 04 development system ansidev web,1
cachefilesd this role installs cachefilesd for ubuntu trusty 14 04 development system ansidev web,1
gitlab gitlab community edition role development,1
phantomjs ansible role for phantomjs development web,1
git git role development,1
gitlab install gitlab windows-ce omnibus development git,1
testing role,1
ansible osx dev some useful development tools and libraries for big data analytics,1
atom atom role development,1
intellij-idea ansible role for intellij-idea development osx,1
orientdb orientdb development,1
jenkins jenkins installation development system,1
homebrew homebrew for osx operating-system x development system packaging,1
git mfa checker checks all admin user of a git org have their 2 factor authentication enabled automation system,1
koji client installs koji client for redhat development system packaging,1
build installation build environment for development and continuous-integration system,1
scala ansible role for scala development,1
git handle git git system developpement,1
sa box jenkins ready to use jenkins with set of optional bundled plugins backup restore on a board ubuntu jenkins buildserver,1
docbuilder installs the pentext documentation builder toolchain development,1
jenkins2 ready to use jenkins with set of optional bundled plugins cd prudentia ubuntu continuous-integration jenkins webdriver buildserver,1
jq installs jq to usr local bin development,1
gitlab gitlab git web interface development web,1
shellinabox shellinabox support for virtualenv development web,1
jira an ansible playbook to automate the installation of atlassian jira could posibly be used to keep it updated development,1
beetbox silverstripe silverstripe project role for beetbox development installer web silverstripe,1
beetbox wordpress wordpress project role for beetbox development installer web wordpress beetbox,1
beetbox modx modx project role for beetbox development installer modx web beetbox,1
git server installation bare git repositors system web,1
terminal notifier awareness and notifications development,1
jekyll3 installs jekyll 3 static site generator development,1
jekyll installs jekyll jekyllrb com development web,1
composer-php this role installs composer-php for ubuntu trusty 14 04 development system ansidev web,1
casalibs ppa installs casacore libs as per radio astro git io packaging,1
gitlab installation and config gitlab windows-ce development web,1
django deployment deployment django on plesk development system web,1
motd installation your message of the day for your linux boxes development web,1
npm installation and configure npm development web,1
cakephp cakephp project role for beetbox cakephp development installer web beetbox,1
phantomjs phantomjs role for beetbox development installer phantomjs web beetbox,1
kohana kohana project role for beetbox development installer kohana web beetbox,1
known hosts known hosts role for beetbox development web beetbox,1
silverstripe silverstripe project role for beetbox development installer web beetbox silverstripe,1
symlinks symlinks role for beetbox development beetbox symlinks,1
pantheon command-line-interface pantheon command-line-interface for linux operating-system x development web,1
swapfile an ansible role for creating a swapfile development,1
git this role installs git on redhat centos and debian ubuntu linux servers ontic git system control version,1
nvm install nvm and node javascript development web packaging,1
heroku toolbelt role to install heroku toolbelt and plugins development system,1
git installs git development,1
git git installation development system,1
post deployment display a message when the deployment ends and update the motd post,1
maven manage maven installation development,1
build essential an ansible role for installation packages required for compilation c software from source development,1
mapnik an ansible role for installation mapnik development,1
slack notify slack integration for ansible deployments development automation slack,1
sentry install and installation sentry development system web,1
bucky install bucky development system web,1
drush ansible role for configuring drush development system packaging,1
bower install the latest stable version of bower development web,1
jenkins role to install jenkins and install update plugins development,1
phantomjs phantomjs role development web,1
rbenv rbenv development system,1
uwsgi install uwsgi in emperor mode and configure vassals development web,1
silversearcher the silver searcher a code search tool similar to ack with a focus on performance development,1
autodeploy simple deployment tool with hook development,1
selenium installation selenium on debian web testing,1
anaconda anaconda role development,1
jenkins ansible role for manage jenkins continuous-integration installation plugins roles development system,1
maven maven ansible role development maven,1
git installs git development,1
epel configures epel development,1
dcos deployment todo name this role development,1
dcos bootstrap configure a node for bootstrapping a dc operating-system development,1
blackfire blackfire installation for linux development web,1
curl curl role development,1
sonarqube deployment sonarqube qube on ubuntu 12 04 development,1
vcsrepo puppet module providing a types to manage repository from various version control system cvs version-control repository svn svn git mercurial bazaar,1
motd a simple module to demonstrate managing etc motd or windows authentication message as a templates testing,1
motd manages the message of the day motd,1
git module for-loop installation git or gitosis,1
jenkins manage the jenkins continuous integration service with puppet jenkinsci jenkins,1
git git installation and configuration foreman git,1
maven apache maven module for-loop puppet maven apache,1
r10k module for-loop setting up dynamic environments using r10k r10k pe git environment mcollective,1
testing testing puppet module operations,1
vcsrepo cvs version-control repository svn svn git mercurial bazaar,1
sonarqube sonarqube installation and configuration sonarqube qube maven report sonarqube,1
gitlab puppet gitlab module version-control git gitlab,1
jboss puppet module for-loop jboss jboss example42,1
git git client module to clone repos git module puppet client,1
artifactory download maven artifacts from artifactory package management artifactory,1
wildfly jboss wildfly puppet module as eap java java java wildfly jboss,1
motd manage 'message of the day' via puppet suse centos gentoo debian ubuntu redhat rhel motd fedora,1
git maestrodev git git,1
maestro maestrodev maestro maestro devops automation continuous delivery,1
maestro maestro related service maestrodev maestro sonarqube archiva jenkins,1
motd manage motd motd issue banner,1
gms git management system api types providers gms stash gitlab git git,1
gitlab installation and configuration of gitlab omnibus gitlab git,1
bamboo advanced management of atlassian bamboo agents bamboo agent,1
git puppet module for-loop git git example42,1
jenkins a puppet module for-loop installation jenkins jenkins continuous-integration,1
svn puppet module for-loop configuring a svn client svn svn,1
sonarqube sonarqube installation and configuration sonarqube maven report,1
maestro maestrodev maestro demo compositions and projects maestrodev maestro demo,1
git a module for-loop installation and managing git git,1
environment puppet module to change environment and install tools: mc lynx etc change-home-directory mc tree ab apache-utils git lynx curl environment,1
vcsdeploy feature rich deployment of file and templates from your version-control repository to your nodes unlike other module which implement types and providers which execute locally on each node vcsdeploy runs on the puppet master increasing security enhancing the visibility of changes via the report and with less load on your version control system svn git version-control deployment templates export version svn revision commit tags branch repository puppet linux,1
trocla this module allows you to use trocla https: git com duritong trocla from puppet trocla,1
etckeeper install and configure etckeeper using git centos debian ubuntu redhat fedora etckeeper,1
git provide basic git packages git gitolite gitosis,1
sipp a puppet module to install and manage sipp sipp sip voip load stress testing,1
perforce perforce client and server perforce version-control,1
katellovirt installs a libvirt hypervisor for-loop testing provisioning libvirt foreman katello,1
gitolite install and configure gitolite gitolite ubuntu debian redhat centos,1
puppetci jenkins continous integration server config for-loop puppet continuous-integration parsing continuous-integration jenkins puppet,1
gitolite host git repository with gitolite version-control git gitolite,1
motd manages the message of the day puppet motd facter,1
eclipse this class installs eclipse eclipse plug ins and allows for-loop management of projects and workspace via puppet ubuntu debian eclipse,1
jenkins puppet module for-loop jenkins jenkins continuous-integration example42,1
git git com host key ssh git,1
jenkins,1
bamboo installation and configuration of atlassian bamboo continuous-integration bamboo atlassian,1
teamcity installs teamcity agents agent agents teamcity continuous-integration,1
wight module for-loop https: git com heynemann wight wight python,1
jboss install and run jboss products applications jboss runit,1
gitolite install and manage a gitolite server git gitolite,1
jenkins manage the jenkins continuous integration service with puppet jenkins continuous-integration,1
motd motd module debian ubuntu motd,1
jenkins enables provisioning a jenkins continuous-integration server for-loop php project php jenkins phpqatools continuous-integration jenkins-ci,1
jenkins ubuntu jenkins,1
jenkins jenkins module ubuntu jenkins,1
jenkins module for-loop managing the openstack jenkins_job_builder tool jenkins,1
f5 manages f5 big-ip application delivery controllers adc application-delivery-controllers loadbalancer bigip networking f5,1
capybara capybara testing frameworks installation capybara webkit testing,1
cucumber cucumber testing frameworks installation cucumber testing frameworks ruby,1
bamboo download and installs bamboo 5 x with a postgresql backend,1
svn collabnet subversionedge installation svn edge collabnet csvn,1
motd manages entries in a etc motd file motd,1
gitolite installer for-loop gitolite on centos and rhel git,1
svn version-control svn svn,1
hubot installs configures and runs a hubot bots by configuring all parameters or as config from a git repository jira hubot,1
git a git module git debian el centos git-daemon,1
bamboo manage bamboo resources through a rest interface rest bamboo atlassian,1
updatemotd manage update-motd 5 on ubuntu system ubuntu motd updatemotd,1
gerrit web based code review system facilitating online code review for-loop projects using the git version control system,1
pe_jenkins a module for-loop using jenkins in pe,1
puppet_dev_env set up a complete puppet development environment puppet dev environment env,1
gogs puppet module to manage the go git service gogs version-control git go gogs,1
wakanda the data-driven javascript development stack for-loop business apps wakanda javascript web server,1
motd puppet motd module motd,1
gandalf puppet module for-loop gandalf git repository manager tsuru-gandalf tsuru paas,1
jboss install and run jboss products jboss java,1
githubkey module to allow import of git ssh key to local system authorized-keys public-keys git ssh,1
jboss jboss deployment configuration java demo applicationserver,1
eclipse install eclipse ide eclipse,1
jenkins a puppet module to install jenkins debian redhat darwin jenkins osx,1
gerrit web based code review and project management for-loop git based projects codereview,1
kallithea manage kallithea a free source code management system kallithea rhodecode version-control mercurial git,1
svn puppet module for-loop svn svn svn example42 version-control,1
gitolite gitolite module git gitolite,1
dummy dummy module for-loop testing purposes testing dummy,1
asgard installs asgard https: git com netflix asgard cloud aws asgard,1
jgoauth manage the jenkins git oauth plugins jenkins oauth github-oauth debian,1
dnsclient git module to manage dns resolver resolv-conf dns resolver resolv resolvconf,1
motd simple motd puppet module unix motd,1
clam puppet module for-loop installation and scanning with clamav centos clamav,1
motd controls motd file on unix system debian motd,1
brocadevtm configure and manage brocade vtm application delivery controllers load-balancing loadbalancer adc riverbed zeus brocade zxtm stingray steelapp vadc vtm,1
gitolite a gitolite puppet module gitolite git debian centos el,1
git download tarballs from git zip download git tarball,1
waylon puppet module to deployment waylon instances jenkins radiator continuous-integration waylon,1
buildbot manage a buildbot installation continuous-integration buildbot development compiler-construction,1
svn svn svn svnrepo subversion-client,1
svn puppet svn module,1
jenkins manage jenkins xml configuration file jenkins,1
git install the git-subtree script for-loop versions of git < 1 7 11 version-control git-subtree subtree git redhat scientific centos rhel,1
maven a maven bin packaged into deb for-loop debian and ubuntu ubuntu maven,1
jbossdemo this is a java-collections-api of jboss deployment demos,1
git puppet module to install git by compilation sources build update makefile install compilation source git,1
err install err straight from a git repository into it's own python virtualenv bots xmpp irc xmpp err python,1
motd just my motd module do not use it,1
teamcity puppet module for-loop installation a teamcity agent debian teamcity agent build continuous-integration,1
configuration use git to manage your dotfile git git desktop configuration laptop,1
dynenv configure dynamic environments for-loop puppet environments git meta puppet linux,1
casperjs simple puppet module that installs casperjs - navigation scripting and testing utility for-loop phantomjs,1
webhook installation simple sinatra webhook for-loop git pushes sinatra r10k webhook,1
teamcity module to manage teamcity installations,1
testmodule this is only a module for-loop testing the forge,1
motd a simple module to demonstrate managing etc motd as a templates motd parameters,1
motd motd module centos motd rhel redhat solaris aix,1
jboss manage installation and set up of jboss 4 wildfly middleware java jboss java application-server,1
geppetto install geppetto puppet ide geppetto ubuntu,1
gitlist module to install and configure gitlist gitolite git gitlist,1
jenkins module for-loop managing the openstack jenkins_job_builder tool jenkins,1
gitolite module to install and configure gitolite git gitolite,1
nexusis_gerrit web based code review and project management for-loop git based projects rhel centos gerrit,1
gitolite gitolite module rhel gitolite gitolite3 git,1
puppet_dev the puppet_dev module for-loop establishing a new puppet development environment puppet development build environment,1
gitweb installs gitolite3 and gitweb onto a server shared-libraries that you can have a local git server gitweb gitolite,1
hp_sdr installation hp software delivery repository hp-sdr,1
motd a puppet module for-loop motd motd redhat centos ubuntu,1
dynmotd manage a 'dynamic' motd,1
deployment ssh-key deploy-key deploy-keys clone git vcsrepo,1
git clone git puppet,1
testing,1
dorepos repository app installation and configuration module rhel ubuntu centos git svn git repos,1
maven a puppet module to install apache maven build tools java apache maven,1
netrc module to manage netrc file netrc git,1
gitolite puppet module to manage gitolite installation and configuration git,1
doge doge in your motd motd doge,1
mytestmodule testing publishing a module testing,1
jboss this is puppet module which installs and configures jboss 6 and 7 with java java applications jboss-as web-server jboss,1
gitdeploy a puppet module to enable heroku http: heroku com -style git push-based deployment of web apps and workers git deployment,1
puppetmodule testing upload,1
git a puppet module to install git git darwin osx,1
vcs_deploy deploys version-control repos svn mercurial mercurial cvs svn git deployment vcsrepo,1
domotd message of the day motd installation and configuration module ubuntu rhel centos status service message-of-the-day motd,1
policy_engine a module for-loop managing policy testing as structured facts compliance security policy,1
usvn a puppet module to install usvn svn management tool ubuntu debian svn svn usvn,1
testmodule testing purposes,1
django deployment a django app from git into an apache web server,1
trac puppet module for-loop managing trac instances development project trac,1
maven puppet module to manage apache maven,1
git git client installation and configuration git,1
puppetmodule do not download = testing azure puppet visual-studio-2013 pro upload,1
puppetmodule readme testing,1
motd manage the motd message,1
bi_git puppet managment for-loop git,1
puppetmodule testing upload with visual-studio-2013,1
puppetmodule testing upload,1
jboss a module for-loop managing resources internal to jboss as and eap at-command runtime wildfly jboss-eap jboss-as jboss,1
gitartifact download git artifacts associated with releases on public or private repository assets repository release download artifact git,1
jboss_as install configure and deployment applications on jboss as 7 based on rji-jboss_as jboss web-server jboss-as applications java,1
puppetmodule testing only,1
puppetmaster an apache2-hosted puppetmaster and a webhook to update the puppet file from git,1
puppetmodule testing vsplugin 1 1,1
svn this module can be used to install and configure svn server svn puppet module,1
arduino install the arduino cc ide,1
devtools puppet module to install common development administration tools,1
testing puppet module for-loop haproxy,1
git git module,1
testing just a testing module,1
webhook install simple sinatra webhooks git r10k sinatra webhook,1
buildbot manage a buildbot continuous-integration installation with puppet testing continuous-integration buildbot,1
testing just a testing module,1
puppet_dev set up a complete puppet development environment,1
testing installs jenkins with a preconfigured puppet lint repository testing,1
teamcity a puppet module to configure teamcity manager on windows system,1
specifications testing puppet code with puppet code,1
veritas install and configure veritas products version-control clustering version-control veritas,1
jenkins jenkins continuous-integration orchestration jenkins,1
gitsource install git by compilation source to get newer versions makefile build source git,1
r10k module for-loop setting up dynamic environments using r10k mcollective environment pe git,1
gitblit this puppet module manages gitblit http: gitblit com version-control version-control git-frontend gitblit git,1
jboss installs jboss eap and wildfly application servers and manage their resources and applications in either a dns or a stand-alone mode,1
puppet_enterprise mocking version of the puppet_enterprise module -- for-loop rspec testing,1
bamboo manages the installation of atlassian bamboo atlassian bamboo,1
porttest tcp udp simple port testing udp tcp porttest testing port,1
nexus this puppet module manages nexus open-source maven repository http: web sonatype org nexus maven nexus-oss,1
git configure git via boxen,1
teamcity puppet module to install and configure teamcity continues-integration jetbrains continuous-integration teamcity,1
motd detailed motd message of the day module motd,1
ghebackups git enterprise backups controlled using puppet,1
bamboo this module installs and manages the bamboo configuration file,1
teamcity module managing jetbrain's teamcity installation including database installation feedback *greatly* appreciated jetbrains teamcity,1
nexus this is the nexus module it enables us to obtain maven artifacts from nexus instances maven oss-sonatype nexus,1
puppetmodule my testing module,1
testbase this is a dummy module for-loop initial testing,1
jenkins_node installation jenkins node for-loop package build pbuilder mocking chroot packaging jenkins,1
git clone all the public git projects for-loop a given git id,1
motd this is a demo,1
gogs gogs go git service is a painless self-hosted git service,1
testing a testing,1
sqlinstaller this is a testing do not install,1
jenkins_installation install jenkins on multiple agents clients in a simple way,1
testing testing,1
testing module de d茅ploiement de drupal 7 41 sur une instance cloudstack by ikoula templates debian 7 7,1
