authoritative dns ansible playbook to installation authoritative dns servers bind9 nsd3 system networking,1
nsd install and configure nsd name server dns networking,1
named a highly configurable role for bind named versions 9 system,1
eucalyptus configuredns role to configure eucalyptus dns properties cloud database system ec2 clustering,1
dns zones ansible recipe to generate dns zones from jinja2 templates system,1
dnsmasq role for dnsmasq to support consul dns feature clustering networking,1
dns set up dns in debian like system system networking,1
nscd install the name service caching daemon system dns,1
unbound installs and configured unbound dns server web unbound net dns networking,1
hostname set hostname and dns system networking,1
bind9 install and configure bind9 dns,1
ansible dnsmasq set up dnsmasq in debian like system system dns networking,1
bind role to installation bind berkley internet naming daemon system dns,1
nscd name service caching daemon for rhel centos system dns,1
bind ansible role to install bind dns networking,1
bind install bind packages bind debian dns,1
centminmod dns verification helper role for testing verifying that individual dns are configured properly on centminmod servers web,1
bind bind role for ansible system,1
bind install and manage bind 9 create slaves automaticly web dns networking,1
ebind9 a role to install and configure isc bind dns name server system web dns networking,1
cloudflare opengear an ansible module for managing cloudflare dns records cloud web networking,1
ovirt storage add adds storage dns to hosted engine 3 6 ovirt kvm ovirt vdsm,1
dns server ansible role for creating a dns server disconnected dns,1
hosts updates etc hosts system hosts dns networking,1
dns ansible host for configure dns system networking,1
freeipa client a role to join clients to an ipa dns system,1
ddclient ddclient is a perl client used to update dynamic dns entries for accounts on dynamic dns networking service provider system networking,1
dnsmasq install and configure dnsmasq dns dhcp and pxe tftp service development system packaging,1
openwrt ddns dynamic dns config of your openwrt system system,1
azulinho google dns ansible role for configuring etc resolv conf system,1
cloudflare an ansible module for managing cloudflare dns records cloud web networking,1
unbound ansible role for unbound dns server and resolver system networking,1
knot high performance authoritative only dns server networking,1
dns a nginx reverse proxy based on docker fedora ubuntu debian opensuse arch redhat centos docker,1
bind set up isc bind on rhel centos 6 7 as an authoritative dns server for a single dns master and or slave system dns networking,1
dns join installs and configures pbis open and auto join dns download1 beyondtrust com technical support download powerbroker identity service open edition system,1
hostname set hostname and dns system networking,1
mesosphere mesos dns mesosphere mesos dns role development,1
resolv an ansible role to configure etc resolv conf dns dns system,1
debian bind install bind for debian system system,1
knot high performance authoritative only dns server networking,1
bind handle bind bind system,1
dns a nginx reverse proxy based on docker fedora ubuntu debian opensuse arch redhat centos docker,1
mesosphere mesos dns mesosphere mesos dns role development,1
unbound ansible role for unbound dns server and resolver system networking,1
dnsmasq installs dnsmasq and proxies through to consul and marathon dns development,1
bind ansible role for bind installation and configuration system networking,1
unbound ansible role for unbound dns server and resolver system networking,1
dns manage the isc bind daemon foreman isc bind dns named,1
dnsmasq centos debian ubuntu networking redhat dns dhcp dnsmasq fedora,1
dnsclient manage resolver networking dns resolver,1
bind bind dns server module bind dns named,1
bind isc bind name server nsupdate bind dns dnssec,1
dnsmasq puppet dnsmasq management module dns dhcp dnsmasq ubuntu debian ipv4 ipv6 redhat freebsd centos rhel,1
dns query function for-loop dns dns function query dnsquery function,1
resolvconf etc resolv conf module resolvconf rhel centos dns debian ubuntu gentoo,1
bind camptocamp bind module bind named dns concat,1
unbound puppet unbound management module dns unbound,1
resolver puppet module for-loop resolver resolver dns example42,1
dns module for-loop provisioning dns bind9 name dns bind9 server dns bind networking ubuntu,1
ad puppet module to install and configure a windows dc 2012 r2 and manipulate object in active directory windows ad active directory server 2012 r2 install configure dc dns controller forest user ou organisational unit account group groupmember,1
avahi install avahi packages and service avahi messagebus dns mdns bonjour zeroconf,1
membership module for-loop managing ad dns membership of windows system active-directory ad dns,1
pdns powerdns nameserver or resolver centos dns rhel powerdns,1
dns module for-loop provisioning dns bind9 ubuntu networking bind dns server bind9 dns name,1
dns puppet dns types dns aws route53,1
disk configures disk parameters bind disk,1
ddclient puppet module for-loop ddclient command-line-interface example42 deployment application ddns dynamic dns netmanagers,1
nsd manage nsd authoritative name server networking zonefile bind dns nsd,1
glassfish a resources types to manage glassfish dns system-properties jdbc-connection-pools and jdbc-resources and application deployment webservers web java web-applications glassfish asadmin,1
powerdns module for-loop managing powerdns debian ubuntu dns powerdns,1
gdnsd gdnsd authoritative-only dns server module centos networking dns rhel gdnsd,1
nsd puppet nsd management module openbsd dns,1
dnsmasq puppet module for-loop dnsmasq dns hosts dhcp tftp bind application deployment example42 command-line-interface netmanagers,1
hostint host interface facts duplex dns networking interface,1
winbind puppet module to add linux machines to a windows dns using winbind winbind samba,1
libvirt puppet module to install libvirt and create virtual dns configuration virtualization drbd kvm libvirt,1
name_service types provider to manage system name service configuration nsswitchconf name-service nameservice nsswitch passwd group file ldap lookup dns,1
bind bind dns,1
nsd3 manage nsd3 nsd debian dns hiera,1
pdns installs powerdns and puppetdb backend powerdns dns puppetdb,1
glassfish a plugins to manage glassfish instalation and dns system-properties jdbc-connection-pools and jdbc-resources and application deployment glassfish ubuntu debian server java java-ee,1
bind manage bind and its master dns zones networking bind dns initr,1
allknowingdns puppet allknowingdns module dns reverse ipv6 ipv4 all-knowing-dns,1
bind puppet module for-loop bind bind9 dns nameserver example42 dns name server,1
bind controls bind9 server debian bind bind9 dns,1
dns manages local dns resolution and configures bind as a forwarding dns server bind dns,1
dynect puppet dynect module dns dynect,1
dns module for-loop provisioning dns bind9 bind9 dns networking ubuntu,1
djbdns dns djbdns,1
unbound the unbound module manages unbound openbsd unbound dns,1
knot manage and configure knot dns networking dns knot,1
dns module for-loop provisioning dns bind9 creating dynamic dns records automatic creation of zones acls etc bind bind9 dns,1
bind debian bind dns,1
ddclient ddclient module for-loop puppet ddns ddclient dynamic dns dyndns easydns,1
ec2hostname a module to register ec2 nodes in an internal route53 zone dns ec2,1
bind puppet module for-loop bind,1
dnscache module for-loop installation dnscache from d j bernstein's djbdns djbdns dns dnscache,1
bind yet another isc bind module,1
vmail manage email configurations alias forward dns user virtual mta email relay,1
bindrecords manage bind records dns nsupdate named bind,1
dns simple puppet module to manage dns bind on centos dnsjcallescentos,1
manualdns tiny puppet module for-loop manually setting dns servers,1
avahi install avahi and manage mdns configuration avahi mdns dns,1
bind panaceya bind module,1
dnsupdate update active directory dns from linux clients pointers a nsupdate dns,1
joindomain join windows machine to active directory dns windows,1
resolv a module to populate etc resolv conf resolvconf dns,1
resolv rentabiliweb resolv conf module rentabiliweb dns resolver resolvconf resolv puppet,1
bind dns bind named config management dns named bind,1
authbind allows non-privileged user on debian boxes to bind to ports below 1024 ubuntu authbind,1
gai manage the configuration of the default address selection for-loop ipv6 ipv6 ipv4 dns,1
ldap2zone a module for-loop managing ldap2zone ldap2zone ldap bind,1
nscd_lean a super-lean nscd installation to boost dns client performance caching dns nscd,1
profiles module to manage the puppet 'implementation layer' dnssec dns zabbix ssh layer abstraction profiles linux,1
dnssec module to manage dns using chroot and sign dnssec zones chroot bind dnssec dns linux,1
