drupal ansible role for installation a new drupal site development,1
drush drush command line shell for drupal development web,1
drush drush the drupal shell useful tool for managing drupal sites over console development system web packaging,1
drupal an ansible role for configuring rsyslog logrotate for drupal web monitoring,1
drupal install drupal a world class cms development web,1
drupsible uploadprogress pecl uploadprogress extension for php fpm uploadprogress drupsible drupal php pecl,1
drupsible xdebug xdebug extension for php fpm drupsible drupal php pecl xdebug,1
drush drush command line shell for drupal development web,1
aegir aegir drupal hosting and provisioning development web hosting aegir,1
drupal console install drupal console development system web packaging,1
drupal install drupal a world class cms development web,1
drush debian lucid drush command line shell for drupal development web,1
drush drush command line shell for drupal development web,1
drupal ansible role for drupal installation system,1
drupalconsole com drupal console web packaging,1
drupsible drupal console web,1
drupal perms properly configure the permissions of a drupal site development web,1
drush drush command line shell for drupal development web,1
drupal coding standards ansible role that installs drupal coding standards for php code sniffer development web,1
drupal ansible role for deploying drupal from a set of git repository development web,1
drupsible newrelic with drupsible your team will be able to provision import integrate deployment and maintain drupal website across complex infrastructures using a simple set of yaml configuration file drupsible profiling drupal php monitoring newrelic,1
drupal console drupal console web packaging,1
drush drush command line shell for drupal development web,1
drush drush command line shell for drupal development web,1
drupal deps manage drupal module and themes web,1
drush drush command line shell for drupal development web,1
drupsible newrelic with drupsible your team will be able to provision import integrate deployment and maintain drupal website across complex infrastructures using a simple set of yaml configuration file drupsible profiling drupal php monitoring newrelic,1
drupal console drupal console web packaging,1
drush drush command line shell for drupal development web,1
drupal synchronization synchronize drupal file and database using drush development web,1
drupal slim project role for beetbox development installer web beetbox slim,1
drupal settings ansible role to create a custom settings php for a drupal multi site installation development web,1
devmaster installs devshop devmaster drupal hosting aegir,1
aegir user aegir user drupal hosting aegir,1
drupal console drupal console web packaging,1
drush drush puppet module drupal drush php,1
drupal this is a module that allows you to manage many aspects of a multisite drupal installation content-management-system drupal web web,1
web-applications wrapper to create resources that compound web-applications virtualhost drush drupal tomcat solr mysql apache,1
drupal install and manage drupal including module and sites drush drupal,1
drush installs several versions of drush system-wide command-line-interface php drupal,1
drupal drupal puppet module drupal php,1
drupal_solr a module for-loop installation solr for-loop drupal drupal solr,1
drush this module installs and configured the fetcher drupal drush extension and build system,1
drupal module de d茅ploiement de drupal7 sur une instance cloudstack by ikoula templates debian7 cloudstack ikoula cloudplatform debian drupal,1
drush this module installs drush a command line utility for-loop drupal composer-php drush php,1
testd8 module de d茅ploiement de drupal 8 0 2 sur une instance cloudstack by ikoula templates debian 8 2,1
