ubuntu base updates upgrades and intsall commonly needed tools for ubuntu server cloud system ec2,1
lsyncd clustering set's up the lsyncd synching daemon across all the hosts in the current playback cloud system ec2 gce rax clustering networking,1
eucalyptus configureosg role to configure eucalyptus osg cloud ec2 clustering,1
eucalyptus installation installation all packages on eucalyptus components according to their group role cloud ec2 clustering packaging,1
eucalyptus credentials role to get eucalyptus admin credentials cloud ec2,1
ec2 provision provision ec2 instance cloud,1
opsmatic role to install opsmatic agent cloud system ec2 monitoring,1
include amzn base this role intends to provide common enhancements to amazon linux ami base environment cloud system ec2,1
freebsd jailed sftp installs a sftp server cloud ec2 iocage jails sftp freebsd,1
eucalyptus netcat install eucalyptus netcat cloud ec2,1
eucalyptus walrus ansible role to install eucalyptus walrus cloud ec2,1
awslogs meta role a meta role for integrating awslogs into other roles cloud system ec2 monitoring,1
freebsd jail host freebsd jail host cloud ec2 iocage jails freebsd,1
freebsd jailed sshd provides a jailed sshd server cloud ec2 iocage jails sshd freebsd,1
ec2 role role to provisioning ec2 instances ec2 aws,1
ec2describe describe ec2 instances web,1
ec2 server spin up ec2 server cloud ec2,1
ec2 simple role to standardize launching ec2 instances web,1
s3cmd install and configure s3cmd tools cloud ec2 web,1
user manage user accounts and groups on a server cloud system ec2,1
eucalyptus configurestorage role to configure eucalyptus storage controllers properties cloud ec2,1
eucalyptus start start up all eucalyptus cloud components once thwy are registred cloud system ec2 clustering,1
eucalyptus initialization initialization all eucalyptus components to get ready for configuration and registration cloud system ec2 clustering,1
eucalyptus register register the eucalyptus cloud components all together cloud system ec2 clustering,1
ec2 group provision ec2 security groups with firewall rules cloud,1
ec2 mysql role to install mysql on ec2 using an ebs volume cloud database ec2 sql,1
devstack deployment devstack on a virtualization instance i e ec2 vsphere vmware digital ocean etc cloud development,1
rtbkit ansible playbook for rtbkit cloud ec2,1
cfnbootstrap this role will deployment the cfn bootstrap to your redhat and debian servers cloud system ec2 cfn packaging aws cloudformation,1
freebsd jailed syslogd provides a jailed syslogd server cloud syslogd ec2 iocage jails freebsd,1
rexray rex ray installation and configuration cloud development ec2 gce rax,1
freebsd build server creates a freebsd build server poudriere ec2 poudriere freebsd,1
freebsd jailed provides a jail cloud ec2 iocage jails freebsd,1
rexray rex ray installation and configuration cloud development ec2 gce rax,1
threatstack ansible ansible role to install the threatstack agent cloud system ec2 monitoring,1
freebsd build server creates a freebsd build server poudriere ec2 poudriere freebsd,1
freebsd jailed provides a jail cloud ec2 iocage jails freebsd,1
cfnbootstrap this role will deployment the cfn bootstrap to your redhat and debian servers cloud system ec2 cfn packaging aws cloudformation,1
rexray rex ray installation and configuration cloud development ec2 gce rax,1
elastic beanstalk ansible module for working with amazon elastic beanstalk cloud development ec2 web packaging,1
provisioner puppet cloud provisioner puppet puppetlabs cloud ec2 aws amazon provisioner provisioning cloud-provisioner,1
ec2 aws ec2 tags exported as puppet facts and aws command-line-interface tool installed facter tags amazon ec2 aws,1
cloudformation module to deployment cloudformation face puppet ec2 amazon enterprise cloudformation pe cfn,1
ec2 manages the ec2-tools aws ec2,1
mount mounts ephemeral storage on ec2 instances logging logstash beaver,1
autoami automatically update amis on puppet changes virtualization cloud ec2 ami,1
cloudinit helper to install amazon cloudinit scripting ec2 amazon cloudinit cloud-init,1
ec2_hosts module for-loop writing hosts entries based on ec2 tags,1
ec2cronjob it creates cronjobs that runs in ec2 on only one instance per used ami,1
ipquery module to deployment the ipquery tool ec2 aws,1
ec2legacy adds flattened ec2 facts removed in facter 3 x amazon facts ec2 aws,1
