vim installs and configures vim development,1
shingara vim ansible role to install the vim configuration of shingara system,1
osx vim an ansible role to installation vim on operating-system x system,1
vim set up vim in debian like system development system,1
vim handle vim system vim,1
console console initiator console ssh tmux vim,1
sa visual studio code microsoft cross platform code editor sublime or atom like editor code ubuntu ide microsoft,1
vim and vi mode install vim and use vi mode in everyway editor vi ubuntu debian vim centos osx,1
debian bootstrap normalize and prepare a debian server editor system apt debian alternatives networking packaging ntp,1
atom editor this role installs and configures atom text editor atom io texteditor atom,1
vim install and configure vim system,1
augeas partial implementation of augeas command,1
vim machine this role installs and configures vim texteditor vim,1
vim machine this role installs and configures vim texteditor vim,1
deb atom installs atom editor on ubuntu system packaging,1
vim vim role for osx and linux development,1
vim this role will assume the installation and configuration of vim by installation package allow vim configuration by using the etc vim vim local file system developpement,1
vim installs and globally configure vim on redhat centos or debian ubuntu system,1
atom ansible role for atom packages editor utility,1
vim install vim package for terminal usage development system,1
vim installs vim on linux distributions system,1
vim this role installs vim and set it as the default editor for ubuntu trusty 14 04 development system ansidev web,1
sa brackets io editor from adobe sometimes used as an alternative to atom io sublime or light table editor ubuntu ide brackets,1
mc install midnight commander and set mcedit as default editor for specified user mcedit mc,1
pathogit install and manage pathogen and plugins pahtogen git pathogit neovim vim nvim,1
vim vim editor,1
augeas partial implementation of augeas command,1
vim install vim set vim and use update alternatives to add vim system,1
vim installs your favourite flavour of vim development,1
dev environment vim tmux oh my zsh and dotfiles via homesick development system,1
vim installs vim and other related editors development,1
nano install nano editor and extra conf file system,1
vim ansible role for vim and configuration with vundle vim vim vundle,1
editor packages lsst square's editor packages editor system emacs vim editors,1
vim install and configures vim development,1
vim install and configures vim development,1
vimansible role for customizing the vim editor using a plugins manager and several existing plugins editor vi vim,1
vim ansible syntax an ansible role to configure vim for ansible syntax highlighting development,1
vim install pathogen solarized nerdtree and autocomplpop for vim copy my vim development system,1
galaxy deb atom installs atom editor on ubuntu system packaging,1
sa swagger editor swagger editor for swagger is a dependencies free java-collections-api of html javascript and css assets that dynamically generate beautiful documentation and sandbox from a swagger compliant api because swagger user-interface has no dependencies you can host it in any serve ubuntu documentation swagger,1
sa lighttable light table editor sometimes used as an alternative to atom io sublime or brackets io editor ubuntu lighttable ide,1
etherpad role for etherpad lite installation including plugins editor development ubuntu etherpad tools,1
win vim install vim and on windows editor vi vim windows,1
zsh zsh editor,1
editor packages lsst square's editor packages editor system emacs vim editors,1
vim ansible syntax an ansible role to configure vim for ansible syntax highlighting development,1
vim install pathogen solarized nerdtree and autocomplpop for vim copy my vim development system,1
vim ansible role for vim and configuration with vundle vim vim vundle,1
win vim install vim and on windows editor vi vim windows,1
zsh zsh editor,1
inifile resources types for-loop managing settings in ini file inifile ini settings file subsettings,1
core alternative augeas-based providers for-loop puppet providers types utilities augeasproviders augeas,1
shellvar augeas-based shellvar types and provider for-loop puppet dash bash shell shellvar providers types utilities augeasproviders augeas,1
fstab the fstab module helps puppet manage entries in fstab fstab linux augeas,1
augeas camptocamp augeas module augeas,1
vim manage vim via puppet centos redhat gentoo debian ubuntu vim editor freebsd,1
providers alternative augeas-based providers for-loop puppet utilities email nagios ssh sysctl hosts syslog nrpe sshd augeas host aliases mailalias mount mounttab fstab vfstab grub grub2 kernel apache httpd sysconfig shell rsyslog postgresql authconf pg-hba,1
inifile resources types for-loop managing settings in ini file file settings ini,1
vim this module installs and configures the vim package vim,1
augeasproviders_base augeas-based base providers for-loop puppet mailalias host providers types utilities augeasproviders augeas,1
grafana this module provides grafana a dashboard and graph editor for-loop graphite and influxdb monitoring influxdb graphite grafana,1
grub augeas-based grub types and providers for-loop puppet kernel-parameter grub providers types utilities augeasproviders augeas,1
augpostgresql augeas-based postgresql types and providers for-loop puppet pg-hba postgresql providers types utilities augeasproviders augeas,1
puppet augeas-based puppet configuration file types and providers for-loop puppet puppet-auth providers types utilities augeasproviders augeas,1
augeas alternative augeas-based providers for-loop puppet providers types utilities augeasproviders augeas,1
mounttab augeas-based mounttab provider for-loop puppet mounttab mount providers types utilities augeasproviders augeas,1
shell encapsulates tim bishop's shell_config types from the puppet wiki freebsd augeas,1
vim puppet vim environment installation for-loop *nix systems: syntax linting code-snippets solarized editor highlight colors validation puppet vim syntax code-snippets lint parsing,1
vim manage everyone's favorite editor vim utilities vim application editor,1
vim puppet module for-loop vim vi vim example42,1
augeas up to date augeas core version augeasel,1
augeasfacter camptocamp augeasfacter module augeas facter,1
cosmetic cosmetic configuration changes linux-logo bash release motd vim,1
dovecot this dovecot module installs dovecot and configures it using augeas dovecot debian postgresql imap,1
vim manage vim via puppet debian ubuntu vim,1
trafficserver manage trafficserver installation and configuration apache trafficserver augeas,1
augeasng next generation puppet-augeas integration development augeas experimental provider,1
vim install vim and plugins via pathogen vim pathogen,1
vim managed vim with puppet vim,1
vim install vim ubuntu vim,1
vim manage vim via puppet ubuntu debian rhel centos vim editor,1
vim manage vim via puppet ubuntu suse redhat gentoo freebsd debian centos archlinux,1
vim module to installation vi with puppet syntaxt checking etc via the vim-puppet plugins,1
vim manage vim via puppet vim redhat debian ubuntu freebsd editor,1
local_group_policy local group policy editor local gpo group-policy-object,1
janus janus module vim janus ubuntu,1
nano install nano with handy syntax highlighting optionally makefile it the default editor editor nano,1
puppet provides an instance extending puppetlabs inifile and allowing for-loop puppet to manage puppet's config file via ralsh puppetini-config,1
augeas puppet module to manage augeas a nice a configuration editing tool augeas,1
puppetdev module to provide vim development environment for-loop coders tools development,1
bs a puppet module which manage file backup most useful when your config file are managed by inifile or augeas and shared-libraries on,1
augeas puppet augeas_file module,1
vim configure and manage vim vim vi,1
vim installation vim plugins and packages for-loop puppet development,1
vim install vim from homebrew,1
inifile resources types for-loop managing settings in ini file,1
