elasticsearch ansible playbook for elasticsearch database nosql,1
elasticsearch ansible playbook for elasticsearch database nosql,1
elasticsearch an ansible role for installation elasticsearch system monitoring,1
elasticsearch set up elasticsearch in debian like system web,1
elasticsearch ansible playbook for elasticsearch database nosql,1
elasticsearch role to install elasticsearch server with plugins database nosql,1
elasticsearch elasticsearch for linux system web monitoring,1
elasticsearch ansible elasticsearch role database nosql,1
elasticsearch ansible playbook for elasticsearch database nosql,1
elasticsearch role for elasticsearch database nosql,1
include elasticsearch this role intends to provide simple elasticsearch installation database system web monitoring,1
knock stouts elasticsearch manage elasticsearch installation plugins cloud database development system web nosql,1
elasticsearch installs and configures elasticsearch elasticsearch elk,1
elasticsearch installs elasticsearch on debian ubuntu linux servers this allows to use ansible 2 0 0 elasticsearch ubuntu debian,1
elasticsearch install elasticsearch database elasticsearch,1
elasticsearch elasticsearch 2 0,1
elasticsearch ansible task for elasticsearch 2 x database nosql,1
elastic elasticsearch install and configure elasticsearch database nosql,1
elasticsearch dev a role to install elasticsearch on development machines development,1
elasticsearch installs latest 1 5 elasticsearch database,1
elasticsearch elasticsearch role for ansible managed installation and configuration support centos mainly cloud database development nosql,1
elasticsearch ansible playbook for elasticsearch database nosql,1
elasticsearch elasticsearch on debian ubuntu and enterprise linux redhat centos platforms with full configuration capabilities database nosql,1
elasticsearch rest distributed search and analytics system,1
elasticsearch installs and configures elasticsearch include optional xenforo scripting for es system web packaging,1
elasticsearch installs and configures elasticsearch database clustering nosql,1
elasticsearch role which installs and configures elasticsearch system,1
elasticsearch restart perform safe elasticsearch rolling restarts database clustering nosql,1
elasticsearch ansible role to install and installation elasticsearch on debian like system database system nosql,1
elasticsearch demo events sends a testing events to elasticsearch web,1
elasticsearch ansible role for installation elasticsearch cloud database development system elasticsearch clustering es nosql,1
elasticsearch elasticsearch role development,1
elasticsearch elasticsearch for ubuntu elasticsearch,1
debian elasticsearch install elasticsearch for debian system database,1
elasticsearch an ansible role that installs elasticsearch on ubuntu specifically created with phansible in mind system,1
elasticsearch installs elasticsearch database web,1
elasticsearch installs and configures a production elasticsearch clustering database nosql,1
elasticsearch install and manage elasticsearch database clustering database clustering nosql,1
elasticsearch install elasticsearch database searchengine nosql,1
elasticsearch elasticsearch on debian ubuntu and enterprise linux redhat centos platforms with full configuration capabilities database nosql,1
elasticsearch ansible role for elasticsearch cloud database,1
elasticsearch ansible playbook for elasticsearch database nosql,1
elasticsearch install elasticsearch development,1
elasticsearch elasticsearch for linux system,1
elasticsearch elasticsearch for linux system web monitoring,1
beats a role to install and configure elasticsearch beats elasticsearch elastic beats,1
elasticsearch manage elasticsearch installation plugins cloud database development system web nosql,1
elasticsearch install latest version of elasticsearch system web,1
elasticsearch install and configure elasticsearch database nosql,1
curator an ansible role for installation elasticsearch curator database sql,1
elasticsearch first version database web monitoring nosql,1
elasticsearch ansible playbook to install and configure elasticsearch clustering system,1
elasticsearch elasticsearch for linux system web monitoring,1
elasticsearch curator elasticsearch curator for linux system web monitoring,1
elasticsearch install and configure elasticsearch database nosql,1
elasticsearch installs elasticsearch configurable clustering ready database nosql,1
elasticsearch fluentd kibana task for elasticsearch fluentd kibana installation and installation development system monitoring,1
elasticsearch install elasticsearch database clustering nosql,1
elasticsearch elasticsearch for linux system,1
elasticsearch elasticsearch for linux system web monitoring,1
elasticsearch handle elasticsearch development elasticsearch,1
elasticsearch packages lsst square's elasticsearch packages jvm elasticsearch,1
elasticsearch elasticsearch 2 x installation on rhel centos 7 system web,1
elasticsearch installation elasticsearch server development web,1
elasticsearch install elastic search package on debian or ubuntu database web networking nosql,1
elasticsearch rest distributed search and analytics system,1
elasticsearch rest distributed search and analytics system,1
elasticsearch role to manage elasticsearch database monitoring nosql,1
elasticsearch elasticsearch for linux system web monitoring,1
elasticsearch installs elasticsearch configurable clustering ready database nosql,1
elasticsearch fluentd kibana task for elasticsearch fluentd kibana installation and installation development system monitoring,1
elasticsearch install elasticsearch database clustering nosql,1
elasticsearch installs and configures a production elasticsearch clustering database nosql,1
elasticsearch elasticsearch install for rhel centos database,1
es clustering exporter install and configure es clustering exporter system elasticsearch prometheus monitoring nosql,1
elasticsearch ansible role for elasticsearch management database search searchengine nosql,1
elasticsearch elasticsearch for linux system web monitoring,1
elasticsearch handle elasticsearch development elasticsearch,1
elasticsearch packages lsst square's elasticsearch packages jvm elasticsearch,1
elasticsearch elasticsearch 2 x installation on rhel centos 7 system web,1
elasticsearch install and configure elasticsearch database nosql,1
elasticsearch install elasticsearch database development web,1
elasticsearch ansible role for elasticsearch management database search searchengine nosql,1
elasticsearch elasticsearch for linux system web monitoring,1
elasticsearch curator elasticsearch curator for linux system web monitoring,1
elasticsearch api ansible role and module to manage elasticsearch through the official python api database nosql,1
beats a role to install and configure elasticsearch beats elasticsearch elastic beats,1
elasticsearch install and configure elasticsearch database nosql,1
elasticsearch elasticsearch elasticsearch elk,1
elasticsearch installs elasticsearch database monitoring nosql,1
elasticsearch module for-loop managing and configuring elasticsearch nodes elasticsearch,1
elastic module for-loop managing and configuring elasticsearch nodes elasticsearch logging,1
elasticsearch puppet module for-loop elasticsearch example42 elasticsearch,1
elasticsearch elasticsearch elasticsearch ubuntu,1
elasticsearch elasticsearch module rhel centos caching logging elasticsearch,1
elasticsearch puppet elasticsearch module elasticsearch applications centos logstash,1
elasticsearch install and manage elasticsearch puppet elasticsearch debian,1
elasticsearch elasticsearch module for-loop puppet elasticsearch debian,1
es elastic search defined types meltwater search elastic elasticsearch es,1
elasticsearch puppet module to install elasticsearch,1
elasticsearch module for-loop managing and configuring elasticsearch nodes,1
elasticsearch puppet management for-loop elasticsearch,1
filebeat a module to install and manage the filebeat logging shipper elastic elasticsearch logstash filebeat,1
elasticsearch minimal full install of new node for-loop elasticsearch claster hiera centos elasticsearch,1
elasticsearch module for-loop managing elasticsearch,1
