ssmtp ansible role for installation and configuring ssmtp to deliver local email to a email hub,1
email sandbox role for installation email sandbox application web,1
msmtp deployment msmtp email for ubuntu 12 04 system networking,1
postfix install and configure postfix system,1
fail2ban zimbras fail2ban configuration to use with zimbra email servers networking monitoring,1
postfix an ansible role for installation and configuring postfix system,1
aliases an ansible role for managing email aliases system,1
postfix installs configures postfix for debian ubuntu system,1
nullmailer install and configure nullmailer a simple relay only email transport agent homepage untroubled org nullmailer system email,1
aliases update email aliases database system,1
postfix a base postfix config system,1
email sender use this role if-statement you want to send email from your server installs mailutils and postfix configures postfix to listen on local interface only system,1
postfix installs postfix system,1
smstools create an tcp sms and email sms gateway using gsm modem system networking,1
exim exim installation for linux system email,1
ansible ssmtp installs and configures ssmtp system email sendmail,1
sendy ansible role to deployment sendy email,1
openapphack daemonize daemonize for unix like operating system development system email web,1
openapphack mailhog mailhog for linux development system email web,1
openapphack postfix postfix for debian ubuntu system email networking,1
mailhog set up the latest version of mailhog in ubuntu system development system email networking,1
postfix ansible role for postfix development osx alpine,1
mailhog mailhog for linux development system email web,1
daemonize daemonize for unix like operating system development system email web,1
msmtp set up msmtp email transport agent system,1
exim exim installation for linux system email,1
postfwd2 install and configure postfwd2 a postfix policyd system networking,1
nullmailer mandrill installs nullmailer and configures it for mandrill system email networking,1
ssmtp installs and configures ssmtp on fedora system email,1
mailgun configure mailgun smtp relaying for postfix system monitoring,1
daemonize daemonize for unix like operating system development system email web,1
postfix ansible role to install and configure postfix system email postfix,1
debian postfix install postfix for debian system system,1
postfix postfix for rhel centos system email postfix,1
postfix installs and configures postfix mta email postfix,1
postfix ansible role for installation postfix smtp with spamassassin server smtp email spamassassin mta postfix startls,1
rainloop ansible role for installation rainloop webmail client server email rainloop,1
email ansible role for installation complete email server server imap smtp email webmail,1
email relay configure postfix smtp relay amazon ses email relay postfix,1
postfix postfix system email mta postfix,1
exim this role installs exim on redhat centos and debian ubuntu linux servers ontic server system exim email,1
postfix manage postfix system networking,1
exim installs exim on a server email web,1
daemonize daemonize for unix like operating system development system email web,1
postfix postfix for redhat centos or debian ubuntu system email networking,1
msmtp enables msmtp to deliver local email to a email hub system,1
postfix installs and configures postfix system,1
notify send email xmpp slack notifications when provision are going development system,1
mailutils installs mailutils and postfix provide sendmail in php email in console system web,1
postfix install and manage postfix smtp server system,1
mandrill relay ansible role for deploying a postfix email server which forwards mails via mandrill networking,1
postfix scrit to installation postfix system web networking,1
ssmtp mandrill ansible role for installation and configuring ssmtp to deliver local email to a email hub,1
email stack ansible recipe to create email server system web networking,1
gitlab windows-ce installs gitlab windows-ce configurable e email ldap ready development,1
mandrill use mandrill as postfix mailrelay development system,1
thunderbird installs thunderbird beta thunderbird system graphical workstation email,1
postfix postfix for redhat centos or debian ubuntu system networking,1
sa mailhog installs mailhog email debugging via web and api ubuntu mailhog,1
postfix install and manage postfix smtp server system networking,1
postfix send only install and configure a send only postfix,1
postfix postfix role can work with amavis dovecot and more roles to do a full scale email server,1
relaymail this role setups up a host shared-libraries that it sends outgoing mails over a smarthost and optionally forwards email addressed to local system user a security alternative to ssmtp outgoing smtp email relay smarthost relayhost mailrelay,1
sendmail sendmail for linux web,1
postfix installs postfix role include ability to configure relayhost dns url-rewriting system,1
gitlab windows-ce installs gitlab windows-ce configurable e email ldap ready development,1
mandrill use mandrill as postfix mailrelay development system,1
ansible role postfix ansible role for postfix mta,1
courier imap ansible role for installation courier imap saslauthd server imap email courier maildrop,1
aliases updates email aliases database system email,1
thunderbird installs thunderbird beta thunderbird system graphical workstation email,1
mailcatcher set up the latest version of mailcatcher in ubuntu system development system email networking,1
mailcatchers set up the latest version of mailcatcher in ubuntu system development system email networking,1
postfix postfix role can work with amavis dovecot and more roles to do a full scale email server,1
postfix postfix for debian ubuntu system email networking,1
postfix install and manage postfix smtp server system networking,1
postfix set up a postfix server in debian like system system web,1
mailhog mailhog for linux development system email web,1
postfix postfix email transport agent module smtp email mta,1
postfix this postfix module installs postfix and configures it using augeas postfix debian postgresql,1
postfix camptocamp postfix module postfix mta smtp satellite debian redhat ubuntu centos,1
postfix puppet module for-loop postfix postfix example42,1
nullmailer install and configure nullmailer as a simple email relay debian postfix ubuntu email mta exim email relay nullmailer sendmail,1
postfix this module installs configures and manages the postfix service postfix,1
exim puppet module for-loop exim exim email example42,1
tagmail this module provides a report processor that sends events to email addresses based on tagging of resources,1
ssmtp ssmtp management module rhel redhat scientific ssmtp email,1
sendmail puppet module for-loop sendmail sendmail email mta example42,1
ssmtp puppet module for-loop ssmtp mta email sendmail replace mailhost,1
postfix a puppet module for-loop installation and configuring the postfix message transfer agent mta smtp postfix email relayhost,1
postfix simple module to manage postfix email server mta redhat ubuntu centos debian postfix,1
postfix installs and manages the postfix service logging logstash beaver,1
dovecot puppet module for-loop dovecot dovecot email example42,1
amazon set up smtp through postfix for-loop amazon ses,1
dovecot dovecot imap server module centos dovecot email imap rhel,1
spamassassin module to manage spamassassin in spamc mode debian redhat applications spamassassin spam email,1
mailserver this module provides a mailserver with postfix as smtp-server and dovecot as imap server with virtual configuration stored in a postgresql database debian postfix dovecot postgresql amavis spamassassin clamav email mailserver imap,1
spamassassin manage spamassassin applications email security spam spamassassin,1
amavisd amavisd module email filtering amavis,1
postgrey a simple module for-loop managing postgrey email postfix postgrey,1
amazon set up smtp through postfix for-loop amazon ses smtp postfix email ses amazon,1
mailman mailman mailing-list server centos email rhel mailman,1
mailx puppet module for-loop mailx mailx email example42,1
sendmail puppet module for-loop sendmail sendmail,1
postfix controls postfix spf and dkim using opendkim debian postfix spf dkim,1
zimbra a puppet module to manage the zimbra computer-science ubuntu zimbra email,1
mail_aliases manages email aliases on linux based system via hiera data aliases,1
sendmail sendmail email,1
mutt module to install and configure mutt email client,1
tell tell tell notify catalog resources get webhook hook http email send report,1
dopostfix postfix installation and configuration module ubuntu rhel centos sendmail mail-relay postfix,1
postfix manage a postfix server email postfix,1
eximsimple a simple module to configure exim to routes email via a smarthost debian centos rhel exim,1
pypolicyd_spf pypolicyd-spf python policyd postfix spf,1
mandrill configures email service to use mandrill as a smarthost,1
postfix pustfix puppet module postfix email redhat debian smtp,1
postfix alpha postfix,1
sendmailses configures sendmail to use ses on amazon linux ses sendmail,1
smtpsandbox a postfix installation that captures all outbound email,1
postfix postfix email transport agent module,1
postfix configures postfix to send email through a smart host,1
postfix installs and configures postfix mta postfix relay smtp email,1
exim a module for-loop configuring exim email exim,1
postfix install and configure postfix aliases,1
sendmail install and manage the sendmail mta smtp sendmail mta email email,1
postfix installs and manages the postfix service postfix smtp,1
postfix postfix email transport agent module supporting multiple instances based on and compatible with the most famous thias postfix module,1
