ad hoc logging and diagnostics a simple formatted file can drive gathering ad hoc ilist of logging execute command or scripting and collect results from a bunch of hosts monitoring,1
nfs nfs installation and installation system,1
resources ansible role copy file from your inventory directory to remote server cloud development system,1
supervisord config generate configuration file for supervisord 'programs' section development system web,1
gunicorn config generate configuration file for supervisord 'programs' section development system web packaging,1
vim installs and configures vim development,1
shingara vim ansible role to install the vim configuration of shingara system,1
osx vim an ansible role to installation vim on operating-system x system,1
nfs configure nfs server system,1
vim set up vim in debian like system development system,1
hosts file,1
nfs nfs installation for linux system,1
nfs client ansible role for nfs client system,1
vim handle vim system vim,1
ioncube encryption module role to encryption file with ioncube loader encryption ioncube,1
htpc nas share htpc media folders over nfs cifs and afp system htpc,1
nfs nfs installation for linux system,1
chage manage shadow passwords file on linux system user,1
console console initiator console ssh tmux vim,1
nfs install and configure nfs server client on debian system exports debian nfs,1
sa visual studio code microsoft cross platform code editor sublime or atom like editor code ubuntu ide microsoft,1
vim and vi mode install vim and use vi mode in everyway editor vi ubuntu debian vim centos osx,1
debian bootstrap normalize and prepare a debian server editor system apt debian alternatives networking packaging ntp,1
atom editor this role installs and configures atom text editor atom io texteditor atom,1
anydeploy deployment any file directory or archive to specified deployment folder specify file that needs to be extracted execute local command before deployment deployment deployment,1
syncthing open source continuous file synchronization cloud,1
vim install and configure vim system,1
augeas partial implementation of augeas command,1
archive fetch and unpack archive and verify their checksums packaging,1
vim machine this role installs and configures vim texteditor vim,1
vim machine this role installs and configures vim texteditor vim,1
hosts role to manage hosts file system hostsfile,1
hostname this role will set hostname on any host with the name of host inventory name updates hosts file too settings hostname system configuration hostfile installation net config setting,1
deb atom installs atom editor on ubuntu system packaging,1
nfs nfs installation for linux system,1
preseed provide debian preseed configuration file over http bootstrapping system installation bootstrap deployment,1
s3ql s3ql is a file system that stores all its data online using storage service like google storage amazon s3 or openstack cloud system ec2 networking,1
file manages file on remote host system,1
vim vim role for osx and linux development,1
copy simple role to copy file from the ansible controller to target system file system copy,1
hosts an ansible role for managing the hosts file etc hosts system networking,1
divert simple role for package management aware renaming of file system divert rename dpkg,1
synchronize simple role to synchronize file dir from the ansible controller to target system system,1
hostname this role manages your hostname and hosts file on redhat centos and debian ubuntu linux servers ontic server hostname system hosts,1
vim this role will assume the installation and configuration of vim by installation package allow vim configuration by using the etc vim vim local file system developpement,1
xwiki war this module should be used to install tomcat for xwiki from the set of ansible playbook from git com kanedafromparis the first is ansible xwiki example git com kanedafromparis ansible xwiki example web,1
swapfile configure one or multiple swap file on a linux system system,1
archive file install backup file script system,1
vim installs and globally configure vim on redhat centos or debian ubuntu system,1
atom ansible role for atom packages editor utility,1
nsswitch role which helps to manage nsswitch conf file system,1
concat concatenation module appends content of source file to destination file system,1
hostname updates the hostname and hosts file system,1
etcdefaults settings for basic file in etc default system,1
vim install vim package for terminal usage development system,1
include csv include variables from csv file csv,1
vim installs vim on linux distributions system,1
remote variables load variables file through http s or from anywhere on the local filesystems download variables variables,1
vim this role installs vim and set it as the default editor for ubuntu trusty 14 04 development system ansidev web,1
shell config appends configurations to shell rc file development system,1
sa brackets io editor from adobe sometimes used as an alternative to atom io sublime or light table editor ubuntu ide brackets,1
mc install midnight commander and set mcedit as default editor for specified user mcedit mc,1
nfs nfs server client system nfs,1
tomcat8 ansible role to install tomcat8 from apache org tar gz dist file installer tomcat tomcat8,1
deployment file deployment file system,1
pathogit install and manage pathogen and plugins pahtogen git pathogit neovim vim nvim,1
resources manage custom file resources through ansible inventory archive url path dir file,1
configurator this role creates dir and file render templates copies file on host etc system configuration utility,1
nfs nfs installation for linux system,1
vim vim editor,1
nfs this role installs nfs on redhat centos and debian ubuntu linux servers ontic shared system nfs storage,1
augeas partial implementation of augeas command,1
hosts manages etc hosts file entries networking,1
efsawsmount install nfs utils nfs common and mount aws efs aws,1
xml a module to manage various properties of xml documents file,1
local hosts add host to local etc hosts file,1
dumpall dumps all the ansbile variables into a file for inspection development system,1
swapfile ansible role that configures swap file on ubuntu system,1
locale generate localization file from templates and configure locale environment variables system,1
vim install vim set vim and use update alternatives to add vim system,1
deb get download and install a deb package file system packaging,1
debugging dump all important ansible variables to a file development,1
vim installs your favourite flavour of vim development,1
hosts an ansible role for configuring the etc hosts file system,1
hpc wn role a raw worker node role for natted hosts this role set up the private networking for the host configures default routes and mounts certain nfs shares,1
sudoers role for managing file in etc sudoers d system,1
dotenv transfers dotenv file to a server for an application system application,1
dev environment vim tmux oh my zsh and dotfiles via homesick development system,1
vim installs vim and other related editors development,1
nano install nano editor and extra conf file system,1
nxos file xfer a role for copying large or small file to an nxos device networking cisco nxos,1
vlanconfig creates vlan configuration file vlan networking,1
tidy a role to remove file that are not expected to exist system file,1
vim ansible role for vim and configuration with vundle vim vim vundle,1
cloudflare purge ansible role for purging file from caches on cloudflare servers web networking,1
nfs installs and configures nfs on rhel centos or debian ubuntu nfs filesystems networking,1
editor packages lsst square's editor packages editor system emacs vim editors,1
file foo bar development web,1
restore file install restore file script system,1
librabbitmq devel an ansible role for installation development file for amqp client library development,1
vim install and configures vim development,1
swap create and configure a swap file of the given size caching system swap,1
zip install zip and unzip system,1
s3ql s3ql is a file system that stores all its data online using storage service like google storage amazon s3 or openstack cloud system ec2 networking,1
restore file install restore file script system,1
librabbitmq devel an ansible role for installation development file for amqp client library development,1
vim install and configures vim development,1
swap create and configure a swap file of the given size caching system swap,1
nfs client role for running nfs clients development,1
dumpall dumps all the ansible variables into a file for inspection and debugging development debugging variables dump export,1
vimansible role for customizing the vim editor using a plugins manager and several existing plugins editor vi vim,1
symlinks this is a ansible role that creates symlinks based on a map privided previously in a var file system,1
nfs installs and configures nfs client and or server cloud,1
mapr nfs,1
vim ansible syntax an ansible role to configure vim for ansible syntax highlighting development,1
bonding bond configuration file creator bonding networking,1
vim install pathogen solarized nerdtree and autocomplpop for vim copy my vim development system,1
vlan creates vlan configuration file vlan networking,1
galaxy deb atom installs atom editor on ubuntu system packaging,1
sa swagger editor swagger editor for swagger is a dependencies free java-collections-api of html javascript and css assets that dynamically generate beautiful documentation and sandbox from a swagger compliant api because swagger user-interface has no dependencies you can host it in any serve ubuntu documentation swagger,1
sa lighttable light table editor sometimes used as an alternative to atom io sublime or brackets io editor ubuntu lighttable ide,1
cloudflare purge ansible role for purging file from caches on cloudflare servers web networking,1
cufflinks config configure cufflinks config file development system cufflinks plotly,1
etherpad role for etherpad lite installation including plugins editor development ubuntu etherpad tools,1
login defs role which helps to manage the etc login defs file system,1
watchman watchman watchman exists to watch file and record when they change it can also triggers action such as rebuilding assets when matching file change ubuntu watchman,1
spelling creates populates a custom localdictionary file on osx dictionary macsible osx spelling osx,1
autofs manage autofs and master dictionary file autofs system,1
nfs nfs installation for linux system,1
win vim install vim and on windows editor vi vim windows,1
zsh zsh editor,1
file retention remove older file path cron path file delete remove retention,1
editor packages lsst square's editor packages editor system emacs vim editors,1
mapr nfs,1
vim ansible syntax an ansible role to configure vim for ansible syntax highlighting development,1
bonding bond configuration file creator bonding networking,1
vim install pathogen solarized nerdtree and autocomplpop for vim copy my vim development system,1
swap adds a swap file to your hosts system,1
resolv conf ansible role which helps to configure resolv conf file system,1
find package a simple tool for finding the latest package at file system using this methods to deployment without package server,1
hosts add grouped or ungrouped host entries to your hosts file,1
symlinks this is a ansible role that creates symlinks based on a map privided previously in a var file system,1
nfs installs and configures nfs client and or server cloud,1
nxos file xfer a role for copying large or small file to an nxos device networking cisco nxos,1
vlanconfig creates vlan configuration file vlan networking,1
tidy a role to remove file that are not expected to exist system file,1
vim ansible role for vim and configuration with vundle vim vim vundle,1
win vim install vim and on windows editor vi vim windows,1
zsh zsh editor,1
file retention remove older file path cron path file delete remove retention,1
nfs nfs installation for linux system,1
chef solo runner runs chef solo giving the cookbooks archive the json attributes usually called node json file and optionaly the location of databags environments and roles system packaging,1
swapfile manage a swap file in debian like system system,1
zip installs zip system,1
resolv configures etc resolv conf file system networking,1
p7zip installs 7 zip on a server development system,1
nfs nfs installation for linux system,1
ansible role swapfile installation swap file development system,1
concat construct file from multiple fragments concat file fragments templates,1
nfs nfs client and server module nfs centos debian ubuntu rhel nfs4 sles,1
inifile resources types for-loop managing settings in ini file inifile ini settings file subsettings,1
staging compression file staging and deployment,1
datacat puppet types for-loop handling data fragments concat file data merge,1
archive compression file download and extraction with native types providers,1
concat library for-loop concatenating different file into 1 file concat library,1
core alternative augeas-based providers for-loop puppet providers types utilities augeasproviders augeas,1
concat concat module fileserver utilities,1
archive camptocamp archive module tarxz tarbz2 targz zip txz tbz2 tgz archive,1
shellvar augeas-based shellvar types and provider for-loop puppet dash bash shell shellvar providers types utilities augeasproviders augeas,1
concat deprecated native types for-loop multi-part file concatenation deprecated concat,1
fstab the fstab module helps puppet manage entries in fstab fstab linux augeas,1
vmwaretools manage installation of vmware tools via the archive distributed with vsphere either via puppet or http,1
filemapper puppet provider file manipulation extension developer filemapper parsedfile extension puppetx,1
augeas camptocamp augeas module augeas,1
vim manage vim via puppet centos redhat gentoo debian ubuntu vim editor freebsd,1
providers alternative augeas-based providers for-loop puppet utilities email nagios ssh sysctl hosts syslog nrpe sshd augeas host aliases mailalias mount mounttab fstab vfstab grub grub2 kernel apache httpd sysconfig shell rsyslog postgresql authconf pg-hba,1
yamlfile puppet provider yaml file manipulation utility yaml,1
inifile resources types for-loop managing settings in ini file file settings ini,1
swap_file create swap file for-loop linux system with puppet swap-file swap linux paging page,1
vim this module installs and configures the vim package vim,1
augeasproviders_base augeas-based base providers for-loop puppet mailalias host providers types utilities augeasproviders augeas,1
vmwaretools manage installation of vmware tools via the archive distributed with vsphere either via puppet or http vmwaretools tools vmware,1
archive puppet module to download and extract tar and zip archive compression download gzip xz zip tar archive,1
grafana this module provides grafana a dashboard and graph editor for-loop graphite and influxdb monitoring influxdb graphite grafana,1
nfs installs and configures nfs server and clients,1
grub augeas-based grub types and providers for-loop puppet kernel-parameter grub providers types utilities augeasproviders augeas,1
hocon resources types for-loop managing settings in hocon file,1
augpostgresql augeas-based postgresql types and providers for-loop puppet pg-hba postgresql providers types utilities augeasproviders augeas,1
deployment puppet module to deployment tar file,1
puppet augeas-based puppet configuration file types and providers for-loop puppet puppet-auth providers types utilities augeasproviders augeas,1
augeas alternative augeas-based providers for-loop puppet providers types utilities augeasproviders augeas,1
mounttab augeas-based mounttab provider for-loop puppet mounttab mount providers types utilities augeasproviders augeas,1
types puppet module to manage default types through hash in hiera types nfs mount,1
nscd manages the etc nscd conf file and service nscd,1
archive archive download and extractor to manage tar zip tarballs etc tar tarball zip targz archive download,1
mounts the mounts module will help manage mount points on linux system extjs nfs linux fstab mount,1
nfs puppet nfs module centos redhat ubuntu debian nfs,1
concat library for-loop concatenating different file into 1,1
nfs manage nfs nfs rpcbind idmap,1
remote a resources provider for-loop remote file https http remote file,1
shell encapsulates tim bishop's shell_config types from the puppet wiki freebsd augeas,1
nfs puppet module for-loop nfs nfs example42,1
nfs installs and configures nfs server and clients mfc mount exports nfs4 nfs,1
rpcbind manage rpcbind rpcbind nfs,1
resolv this module configures the resolv file resolv,1
pagefile puppet types and provider to manage windows page file wmi pagefile windows,1
nfs nfs client and server,1
vim puppet vim environment installation for-loop *nix systems: syntax linting code-snippets solarized editor highlight colors validation puppet vim syntax code-snippets lint parsing,1
vim manage everyone's favorite editor vim utilities vim application editor,1
hosts this module configures the hosts file hosts,1
hosts manage the etc hosts file hosts hiera,1
fileshare manage windows file shares,1
vim puppet module for-loop vim vi vim example42,1
augeas up to date augeas core version augeasel,1
augeasfacter camptocamp augeasfacter module augeas facter,1
hiera manage hiera packages and hiera yaml config file hiera,1
common module to manage packages service file user and groups not worthy of their own module,1
zip puppet module for-loop zip zip example42,1
findec2 generate file based on machines found via ec2 tags ec2 aws,1
httpfile custom types for-loop downloading file via http and https http file checksum md5,1
cosmetic cosmetic configuration changes linux-logo bash release motd vim,1
cloud_file cloud file module cloud s3 file,1
patch patch file using diffs diff patch,1
unzip defined types for-loop unzipping file on windows unzip windows,1
dovecot this dovecot module installs dovecot and configures it using augeas dovecot debian postgresql imap,1
filepush a module to push file filepush file foreman,1
vim manage vim via puppet debian ubuntu vim,1
nfsclient nfs networking service,1
puppetls puppet face to list file resources face ls list resources,1
concat utilities concatenation file,1
trafficserver manage trafficserver installation and configuration apache trafficserver augeas,1
hosts manage etc hosts file resolver hosts host environment,1
nfs nfs management nfs rhel,1
archive tar archive untar,1
augeasng next generation puppet-augeas integration development augeas experimental provider,1
vim install vim and plugins via pathogen vim pathogen,1
fetchfile this class download and decompresses file as well as managing their permissions wget decompression fileownership filepermissions filemanagement tar zip gzip debian ubuntu centos redhat fedora,1
zip zip module puppet zip war ear jar,1
autohome automount home dir nfs automount home,1
vim managed vim with puppet vim,1
vim install vim ubuntu vim,1
tps the tps report module is a simple defined resources that can creates multiline file without a templates file templates multiline,1
mailman mailman module for-loop redhat fedora centos scientific debian and ubuntu supports hiera parameters binding tested with nfs and selinux centos ubuntu debian rhel redhat mailman email,1
vkick module to define kvm virtual machines and their operating-system configuration through kickstart file fedora rhel centos virtualization kickstart libvirt kvm,1
archive file archive tar compression,1
geoip installs geoip file geoip,1
7zip 7-zip module,1
sudoers set up sudoers file both global parameters and user rules sudoers suse alpha,1
vim manage vim via puppet ubuntu debian rhel centos vim editor,1
hocon resources types for-loop managing settings in hocon file,1
arnold this is the start of a self service provisioning system it provides several ways manage hiera data file and provides function for-loop classifying based on those data file it can also call out to cloud provisioner if-statement configured shared-libraries alpha hiera provisioning classification,1
vim manage vim via puppet ubuntu suse redhat gentoo freebsd debian centos archlinux,1
forward manage forward file of a user,1
vim module to installation vi with puppet syntaxt checking etc via the vim-puppet plugins,1
preseed install package with preseed file package preseed,1
log4j manages log4j configuration file java log4j,1
profiled puppet module to manage etc profile d file,1
nfs module to install nfs storage nfs,1
vim manage vim via puppet vim redhat debian ubuntu freebsd editor,1
puppet_local module to install puppet module based on single file puppet local standalone hiera,1
local_group_policy local group policy editor local gpo group-policy-object,1
cachefilesd module to control and configure cachefilesd linux nfs caching cachefilesd,1
janus janus module vim janus ubuntu,1
clustersync combines lsyncd and csync2 to synchronization file across a clustering,1
concat concat module,1
syslog_ng a module for-loop generating syslog-ng configuration file logging syslog-ng syslogd,1
sdiff provides suppressing diff output based on file and line regex eyaml encryption suppress diff,1
nano install nano with handy syntax highlighting optionally makefile it the default editor editor nano,1
better_file a better_file function which knows about puppet: uris file function workaround,1
dirtree this include a dirtree function to build an swift-array of dir from a full directory path or an swift-array of full directory path to be used as a file resources title it also include a dirtree resources types which can ensure the existance only of a full directory path,1
puppet provides an instance extending puppetlabs inifile and allowing for-loop puppet to manage puppet's config file via ralsh puppetini-config,1
augeas puppet module to manage augeas a nice a configuration editing tool augeas,1
conffile resources types for-loop managing settings in conf file,1
puppet_audit a simple puppet module to fill the gap left by puppet audit meta param handled file directory and hyperlink as defined types,1
collect collect module templates fragments file concat,1
update_manager release updates file management update-manager initforthe,1
autoinstall a puppet module to manage openbsd autoinstall configuration file autoinstall openbsd,1
puppetdev module to provide vim development environment for-loop coders tools development,1
templated_file allows you use create_resources with file resources that require the templates function,1
nfs manage nfs mounts and exports,1
nfsserver puppet module to manage an nfs server nfs openbsd,1
hash types and providers for-loop managing yaml and json data data-sorting hash file,1
bs a puppet module which manage file backup most useful when your config file are managed by inifile or augeas and shared-libraries on,1
afp puppet module for-loop configuring apple file sharing on el variants netatalk avahi fileshare osx,1
download puppet module to download archive from the internet windows download,1
bi_banner puppet generated banners for-loop configuration file,1
gdebi package provider that uses gdebi to install a debian package deb file with its dependencies,1
hosts generates a file contains a hosts list using puppet exported resources pdsh group list hosts,1
hosts a simple puppet module to manage hosts file,1
augeas puppet augeas_file module,1
vim configure and manage vim vim vi,1
vim installation vim plugins and packages for-loop puppet development,1
ssgs create a file on target windows server,1
archive compression archive file download and extraction with native types providers for-loop windows and unix,1
nfs simple nfs client and server configuration nfs,1
fstab a lightweight puppet module for-loop managing fstab mounts and server exports nfs mount mounting fstab,1
s3synced_file mantain a mirrored file from s3 on filesystems,1
vim install vim from homebrew,1
pfxcertificate pfx file certificate import and removal by thumbprint - windows,1
nfs configure and manage nfs client and or server nfs,1
exfile extended file resources file,1
x509certificate x509 cer file certificate import and removal by thumbprint - windows,1
profile_d profile-d module ables you to manage file under etc profile d,1
insserv manage override file for-loop lsb init d boot dependencies boot initd,1
shortcut manage windows shortcut file,1
vsphere install gems packages and config file needed by puppetlabs-vsphere,1
netatalk puppet module for-loop sharing file with operating-system x clients netatalk fileshare osx osx afp,1
inifile resources types for-loop managing settings in ini file,1
emacs_contextmenu lets you open file by using the windows context menu in file explorer menu context registry emacs,1
securityconfigfile providing restore methods for-loop configuration file if-statement its modified,1
filebeat filebeat is a lightweight open source shipper for-loop logging file data,1
