portforward control portforward with iptables for ubuntu 12 04 system networking,1
ufw rules set uwf uncomplicated firewall rules system,1
ubuntu autosave iptables auto save iptables rules on reboot in ubuntu system networking,1
firewall manages firewall rules using ufw system,1
iptables iptables configurator for rhel like system system networking,1
firewall simple iptables firewall for most unix like system system networking,1
selinux disable disable selinux and iptables system,1
iptables iptables configurator for rhel like system system networking,1
iptables persistent an ansible role for installation iptables persistent system,1
selinux disable disable selinux and iptables system,1
ufw base ufw firewall installation networking,1
iptables ansible iptables role system,1
ufw ansible role for ubuntu ufw management system firewall,1
openapphack firewall simple iptables firewall for most unix like system system networking,1
csf ansible role install and configure config server firewall csf from mit-scratch system packaging,1
firewalld firewalld configuration through variables security system firewall rhel networking centos7 rhel7 centos firewalld networking,1
dome9agent dome9 firewall configuration agent cloud dome9agent dome9 firewall monitoring,1
firewall simple iptables firewall for most unix like system system networking,1
ferm installs ferm firewall management and configures rules ferm foo projects org security system firewall,1
apf firewall installs and configures apf firewall advanced policy firewall security system,1
ferm ansible role to manage iptables rules with ferm networking,1
iptables installs and configures iptables networking,1
iptables installation and config iptables development web,1
firewall a role to manage iptables rules which doesn't suck system networking,1
ferm ferm iptables managment system networking,1
firewall simple iptables firewall for most unix like system system networking,1
iptables ansible role for configuring iptables for linux system cloud system web,1
firewall install and config iptables iptables firewall,1
iptables iptables management role for configuring internal external networks iptables firewall networking,1
iptables installs and configures iptables system networking,1
firewall simple iptables firewall for most unix like system security system networking,1
ufw ansible role that installs and configures ufw aka the uncomplicated firewall launchpad net ufw networking,1
ufw install uwf uncomplicated firewall system,1
firewall simple iptables firewall for most unix like system system networking,1
iptables manage iptables rules system networking,1
iptables manage iptables rules system networking,1
ferm manage iptables using the ferm tool system web networking,1
openwrt firewall firewall config of your openwrt system system,1
iptables iptables rules in easy way with specifying ip and port numbers or name system networking,1
iptables iptables role system networking,1
iptables an ansible role for installation and configuring iptables this role uses ufw on debian based machines and uses a iptables script for redhat based machines system networking,1
iptables ansible role for iptables system networking,1
firewall simple iptables firewall for most unix like system system networking,1
iptables installs and configures iptables system networking,1
iptables iptables role networking,1
shorewall installs and configures shorewall firewall shorewall net security system firewall networking,1
firewall simple iptables firewall for most unix like system system networking,1
dome9 dome9 repository for rhel centos cloud dome9agent dome9 firewall monitoring,1
firewall firewall configuration system networking,1
firewall iptables firewall for ubuntu 14 04 system networking,1
firewall install firewall router service wich use configurable iptables rules default policy to drop input output forward fork of geerlingguy firewall iptables router firewall networking,1
freebsd pf freebsd pf firewall configuration system,1
ufw installs and configures ufw uncomplicated firewall on debian system system networking,1
iptables role to install and configure iptables firewall on different system supports multiinterfaces configuration iptables system firewall protection net networking,1
iptables an ansible role to manage iptables firewall security system,1
iptables simple iptables firewall for most unix like system security system networking,1
firewalld this role ensures firewalld is installed and enabled security system operating-system firewall,1
shorewall installs and configures shorewall firewall shorewall net security system firewall networking,1
ufw installs and configures ufw uncomplicated firewall on debian system system networking,1
iptables installs ufw and configures iptables firewall rules security installer ops system,1
firewall simple iptables firewall for most unix like system system networking,1
freebsd pf freebsd pf firewall configuration system,1
firewall simple firewall for debian ubuntu with ufw fail2ban fail2ban iptables security system firewall ufw networking,1
ufw set up ufw in debian like system system firewall networking,1
ferm manage iptables firewall using ferm system networking,1
firewall manage the iptables rules system networking,1
firewall manages firewalls such as iptables iptables security firewall iptables archlinux redhat centos debian ubuntu,1
ufw puppet ufw module ubuntu security firewall ufw,1
iptables this module installs and manages iptables check readme rdoc for-loop details puppi is required for-loop some common functions: you can install them without using the whole module,1
firewall puppet firewall abstraction meta module firewall example42 abstraction,1
fail2ban puppet module for-loop fail2ban iptables ban block security logging inspection application example42 command-line-interface netmanagers,1
lokkit use lokkit to manage the iptables firewall more convenient than working with iptables directly centos iptables rhel firewall fedora lokkit system-config-firewall,1
ipfilter puppet module for-loop ipfilter on solaris solaris ipfilter firewall,1
firewall puppet module for-loop firewalld fedora ebtables ip6tables iptables firewall,1
rhel configure red hat enterprise linux specific file and service firewall iptables ip6tables epel yum rpm,1
firewall module that will manage the windows firewall and it's exception windows firewall,1
firewall module that will manage the windows firewall and it's exception,1
firewall configure firewalld zones service and rich rules firewall firewalld,1
firewall add autorequire to puppet labs' firewall module firewall,1
iptables manage iptables allow and deny rules centos iptables security firewall rhel,1
iptables iptables management firewall security iptables,1
firewall puppet windows firewall module,1
shorewall shorewall firewall debian ubuntu shorewall firewall,1
ipset ipset module centos networking iptables security rhel firewall ipset,1
fail2ban iptables security fail2ban,1
firewall a module to provide the nessasary class required by puppetlabs firewall iptables firewall,1
firewall module to the windows firewall windows firewall,1
firewall a puppet module to replace firewalld with iptables firewall iptables firewalld,1
firewall iptables security firewall,1
iptables puppet iptables module for-loop linux firewall management iptables linux firewall fedora ubuntu debian hiera,1
conntrackd manages conntrackd service debian ubuntu networking iptables security firewall networking linux conntrack netfilter,1
firewall digital ocean firewall configuration cloudflare digitalocean firewall,1
susefw susefirewall2 module susefirewall2 suse firewall iptables opensuse sles,1
docsf configserver firewall and login failure daemon installation and configuration module csf firewall configserver rhel centos,1
firewall unified firewall management for-loop windows linux osx operating-system x,1
secureapp this module provides a facility to manage iptables rules from tufin secureapp applications firewall security iptables,1
shorewall shorewall puppet module firewall shorewall puppet module,1
ipset linux ipsets management iptables firewall linux ipset,1
firewall a module to set up a basic firewall on an aws instance,1
firewall manages susefirewall2 in etc sysconfig susefirewall2 firewall suse susefirewall2,1
firewall puppet module that simplifies firewall configuration and enables rules to be defined in hiera,1
fail2ban manage fail2ban bruteforce protector firewall bruteforce iptables fail2ban,1
firewall this is a puppet firewall module,1
speedychains a companion module for-loop puppetlabs-firewall that generates huge iptables chains and applies them in seconds,1
iptables safely manages iptables firewall rules firewall iptables simp,1
iptables flexible iptables management firewall iptables,1
