go install go system,1
goservice a role to fetch a go repository build it and create an related upstart jobs packaging,1
gocd install the go continuous delivery tool model even the most complex build and deployment workflow with ease development,1
go install go language go support using debian packages development go go programming,1
gocd an ansible role for installation go continuous delivery server development,1
gocd install the go continuous delivery tool model even the most complex build and deployment workflow with ease development,1
go install go language go support using debian packages development go go programming,1
go an ansible role for installation the go programming language development,1
gocd agent install the go continuous delivery agent cd development,1
go installs go from source set up the necessary development environment and grabs the specified packages development,1
gocd agent install the go continuous delivery agent development,1
gobuild build go lang projects development packaging,1
go go is an open source programming language that makes it easy to build simple reliable and efficient software development,1
go go role development,1
sa go go language by google ubuntu go google language,1
gocd agent install the go continuous delivery agent cd development,1
go install go development,1
ansible go ansible role that installs go go org the latest stable release that has been compiled for x86 64 bit linux system is installed by default and different platforms and versions are supported by modifying the role variables development,1
go compiles and installs go packaging,1
osx go an ansible role to install go development,1
go installs go from source set up the necessary development environment and grabs the specified packages development,1
go ansible role that makes use of a custom module go install included in this role development,1
gocd agent an ansible role for installation go continuous delivery agent development,1
go an ansible role for installation go development,1
go ansible role for go apps system,1
go go is an open source programming language that makes it easy to build simple reliable and efficient software development,1
go go is an open source programming language that makes it easy to build simple reliable and efficient software development,1
go installs go language development,1
go installs the go language development packaging,1
go installs go and set add it to path env development system,1
gocd server install the go continuous delivery server cd development,1
gocd install the go continuous delivery tool model even the most complex build and deployment workflow with ease development,1
go go installer go,1
build go builder create dockerized builder of go dockerized applications cloud development system packaging,1
go go is an open source programming language that makes it easy to build simple reliable and efficient software go packaging,1
go role to install go go go google programming,1
debian go install go for debian system system,1
go ansible playbook to build the go distribution from source system,1
go installs go development,1
go role to install go go go google programming,1
go go installer go,1
build go builder create dockerized builder of go dockerized applications cloud development system packaging,1
gocd server install the go continuous delivery server cd development,1
go ansible role that installs go go org the latest stable release that has been compiled for x86 64 bit linux system is installed by default and different platforms and versions are supported by modifying the role variables development,1
go a barebones go installation go go,1
go module for-loop installation go from the juju ppa go go ubuntu,1
go a module for-loop google's go language go go,1
go puppet module to manage thoughtworks go server and agent,1
gitlab_ci_multi_runner a module to install and register the gitlab continuous-integration multirunner go multirunner continuous-integration gitlab,1
goenv system wide goenv go goenv ubuntu,1
go module for-loop installation go from unofficial juju ppa go ubuntu go,1
go_ci installation go for-loop continuous integration,1
go a barebones go installation go go,1
go configure go via boxen,1
