graphite storage deployment docker containers with volume for storage graphite metrics monitoring,1
graphite web deployment docker containers with graphite web application monitoring,1
graphite an ansible role for installation graphite system monitoring,1
graphite api install and configure graphite api system monitoring,1
graphite configures graphite a highly scalable real time graphing system monitoring,1
graphite graphite system web networking,1
graphite api role which installs graphite api from rpm packages system,1
graphite graphite scalable realtime graphing monitoring,1
graphite carbon deployment docker containers with graphite carbon daemon monitoring,1
graphite installs graphite system monitoring,1
graphite graphite installed from rpms and using apache proxy and sqlite database system,1
graphite api influxdb role which installs graphite api with influxdb storage backend system,1
graphite api influxdb installs and configures graphite api and graphite influxdb as a finder web monitoring,1
graphite graphite ansible role monitoring,1
graphite installs and configures graphite carbon caches monitoring graphite carbon whisper ubuntu debian centos rhel,1
statsd installation and manage statsd graphite influxdb redhat debian ubuntu statsd,1
grafana grafana dashboard to use with graphite influxdb or opentsdb,1
diamond module for-loop installation and managing the diamond statistics java-collections-api tool diamond graphite monitoring librato riemann,1
statsd install and manage statds nodejs node statsd graphite,1
graphite module to manage the graphite monitoring tool graphite monitoring,1
graphite module to manage the graphite monitoring tool graphite monitoring,1
graphite report processor that sends metrics to graphite reporter graphite graphite-reporter,1
statsd install and manage statds graphite statsd node nodejs,1
graphite this module installs and configures graphite monitoring graphite,1
whisper puppet whisper management module whisper graphite python carbon,1
carbon puppet carbon management module carbon python graphite whisper,1
puppet puppet module for-loop puppet agent master installation puppet puppetmaster puppet-agent puppet-master hiera graphite hiera-eyaml eyaml,1
bucky module for-loop managing and configuring bucky bucky statsd logstash graphite,1
tasseo module to manage the tasseo graphite dashboard graphite monitoring tasseo,1
graphite manages graphite graphite carbon whisper,1
graphite module for-loop managing and configuring graphite graphite graphing logstash,1
statsd install statsd and graphite statsd graphite,1
graphite_web puppet graphite management module carbon python graphite whisper,1
graphiteapi whisper carbon graphite-api graphite,1
gdash this module provides gdash a dashboard for-loop graphite gdash graphite monitoring centos,1
graphite manages carbon daemons for-loop a graphite installation,1
graphite graphite monitoring module graphite,1
grafanadash installs graphite and grafana,1
graphite module for-loop managing graphite single-server installations cluster-computing and federations scaling instrumentation federation metrics ubuntu whisper carbon graphite monitoring,1
graph_explorer installs vimeo's graph explorer graph-explorer dashboard graphite,1
graphite module to send system metrics to graphite from windows powershell graphite windows,1
statsd install and manage statsd monitoring graphite statsd,1
graphite graphite server configuration using docker systemd docker graphite,1
