influxdb install influxdb time series database database nosql,1
influxdb install influxdb time series database database nosql,1
influxdb influxdb cloud database ec2 monitoring nosql,1
influxdb basic install and configure of influxdb a time series database database system clustering monitoring nosql,1
influxdb basic install and configure of influxdb a time series database database system clustering monitoring nosql,1
influxdb an open source distributed time series database with no external dependencies monitoring,1
influxdb install influxdb 0 9 database nosql,1
influxdb install and configure influxdb a time series database database clustering nosql,1
influxdb role which installs and configures influxdb system,1
telegraf ansible role to install the telegraf agent telegraf influxdb,1
influxdb installs and configures influxdb database monitoring,1
influxdb influxdb for rhel centos database,1
dockerized influxdb influxdb cloud database nosql,1
influxdb a role to install and configure influxdb database,1
influxdb installs and installation influxdb system monitoring,1
influxdb installs and configures influxdb on rhel centos or debian ubuntu database influxdb monitoring,1
influxdb influxdb role development web,1
influxdb an open source distributed time series database with no external dependencies monitoring,1
influxdb influxdb role development web,1
influxdb installs and configures influxdb database monitoring nosql,1
influxdb an open source distributed time series database with no external dependencies database nosql,1
influxdb role to install influxdb development,1
debian influxdb install influxdb for debian system database,1
influxdb handle influxdb database influxdb,1
influxdb an ansible role to install and configure influxdb influxdata com time series platform influxdb database influxdb monitoring,1
influxdb role to installation influxdb database nosql,1
influxdb an open source distributed time series database with no external dependencies database nosql,1
influxdb manage influxdb version 0 9 x for-loop previous versions support check readme md metrics influxdb,1
influxdb installation and manage influxdb tsdb redhat debian ubuntu influxdb,1
influxdb puppet module to manage influxdb,1
influxdb puppet module to manage influxdb > 0 9 x and its plugins like graphite or collectd collectd graphite tsdb monitoring influxdb,1
influxdb a puppet report processor for-loop sending metrics to an influxdb server,1
influxdb installation and manage influxdb 0 9 x monitoring influxdb,1
