portforward control portforward with iptables for ubuntu 12 04 system networking,1
ubuntu autosave iptables auto save iptables rules on reboot in ubuntu system networking,1
iptables iptables configurator for rhel like system system networking,1
selinux disable disable selinux and iptables system,1
iptables iptables configurator for rhel like system system networking,1
iptables persistent an ansible role for installation iptables persistent system,1
selinux disable disable selinux and iptables system,1
iptables ansible iptables role system,1
openapphack firewall simple iptables firewall for most unix like system system networking,1
ferm ansible role to manage iptables rules with ferm networking,1
iptables installs and configures iptables networking,1
iptables installation and config iptables development web,1
ferm ferm iptables managment system networking,1
iptables ansible role for configuring iptables for linux system cloud system web,1
iptables iptables management role for configuring internal external networks iptables firewall networking,1
iptables installs and configures iptables system networking,1
iptables manage iptables rules system networking,1
iptables manage iptables rules system networking,1
ferm manage iptables using the ferm tool system web networking,1
iptables iptables rules in easy way with specifying ip and port numbers or name system networking,1
iptables iptables role system networking,1
iptables an ansible role for installation and configuring iptables this role uses ufw on debian based machines and uses a iptables script for redhat based machines system networking,1
iptables ansible role for iptables system networking,1
iptables installs and configures iptables system networking,1
iptables iptables role networking,1
iptables role to install and configure iptables firewall on different system supports multiinterfaces configuration iptables system firewall protection net networking,1
iptables an ansible role to manage iptables firewall security system,1
iptables simple iptables firewall for most unix like system security system networking,1
iptables installs ufw and configures iptables firewall rules security installer ops system,1
ferm manage iptables firewall using ferm system networking,1
iptables this module installs and manages iptables check readme rdoc for-loop details puppi is required for-loop some common functions: you can install them without using the whole module,1
fail2ban puppet module for-loop fail2ban iptables ban block security logging inspection application example42 command-line-interface netmanagers,1
lokkit use lokkit to manage the iptables firewall more convenient than working with iptables directly centos iptables rhel firewall fedora lokkit system-config-firewall,1
rhel configure red hat enterprise linux specific file and service firewall iptables ip6tables epel yum rpm,1
iptables manage iptables allow and deny rules centos iptables security firewall rhel,1
iptables iptables management firewall security iptables,1
ipset ipset module centos networking iptables security rhel firewall ipset,1
fail2ban iptables security fail2ban,1
iptables puppet iptables module for-loop linux firewall management iptables linux firewall fedora ubuntu debian hiera,1
conntrackd manages conntrackd service debian ubuntu networking iptables security firewall networking linux conntrack netfilter,1
susefw susefirewall2 module susefirewall2 suse firewall iptables opensuse sles,1
secureapp this module provides a facility to manage iptables rules from tufin secureapp applications firewall security iptables,1
ipset linux ipsets management iptables firewall linux ipset,1
fail2ban manage fail2ban bruteforce protector firewall bruteforce iptables fail2ban,1
speedychains a companion module for-loop puppetlabs-firewall that generates huge iptables chains and applies them in seconds,1
iptables safely manages iptables firewall rules firewall iptables simp,1
iptables flexible iptables management firewall iptables,1
