java ubuntu saucy install oracle open java on ubuntu saucy 13 10 development system,1
java oracle java web,1
java scrit to installation japanese environment system web networking,1
java install install oracle java from ppa repository development system packaging,1
java installs java from the webupd8 ppa and applies the specified configuration development,1
azulinho java openjdk java ansible role for installation java from openjdk on rh packaging,1
java java for linux development system web,1
java oracle a lean and quick ansible role to install oracle java in vagrant machines development system web,1
java an ansible role to install java on linux currently tested on centos 6 5 and ubuntu 14 04 system,1
java role install oracle java for rhel centos 6 x and debian ubuntu development system web,1
java install java system web,1
java installs oracle java 8 from webupd8team system,1
fatjar service deployment and run java app as fatjar cloud development packaging,1
java oracle java from oracle using the webupd8 ppa development system,1
openapphack java java for linux development system web,1
java handle java java developement,1
java packages lsst square's java packages jvm java system ubuntu centos,1
java java for gnu linux system development system web,1
dynatrace glassfish agent an ansible role for automated deployments of the dynatrace java agent for glassfish monitoring,1
ubuntu sunjava installs sun java on ubuntu system packaging,1
robot sweatshop continuous integration without pet servers or the jvm development system,1
openjdk installs openjdk java from the openjdk ppa and applies the specified configuration development,1
skeleton service install skeleton service a sample microservice implemented in java with dropwizard development,1
java ansible playbook to install the official oracle java java system,1
java oracle java from oracle using the webupd8 ppa development system,1
java ansible role to install java development,1
java install java development web,1
openjdk java install openjdk java package development web,1
java ansible role for oracle java installation system,1
java install java system,1
java build tools java build tools role development,1
java java for linux development system web,1
debian java install java for debian system system,1
java dev installs java 7 and 8 maven and gradle gradle development java maven,1
java install and configure oracle or openjdk java with testing kitchen serverspec testing java system,1
java install java java development java system packaging,1
java se ansible playbook for installation java se on centos debian linux java jvm development java system,1
java installs openjdk oracle java 6 7 8 system,1
common langs java-collections-api of common used languages java python java nvm sbt scala ubuntu javascript nodejs java,1
java install openjdk packages development system,1
java installs and configures java java,1
java installs oracle java development system,1
java oracle java installation role development,1
java openjdk oracle java 6 7 and 8 development system,1
java manage java installation development,1
java java for linux development system web,1
java ubuntu installs java on ubuntu development,1
newrelic java agent new relic java agent role web monitoring,1
java manage java installation development,1
libgdal java an ansible role for installation java binding to the geospatial data abstraction library gdal development,1
java certificate import ssl certificate into the java trusted ca keystore development system,1
java java ansible role web,1
java installs oracle java system packaging,1
java runtime ansible role java development system,1
java playbook to install and configure java development,1
java set up oracle java 8 system,1
java instalaci n de java system,1
java ansible role for java development osx alpine,1
java packages lsst square's java packages jvm java system,1
java oracle java java 8 installation on rhel centos 7 java system,1
xwiki java this is one role of the roles used in order to install xwiki on a sever via ansible system,1
java java for linux development system web,1
java installs java 8 via the webupd8team java ppa repository packaging,1
java installs the java runtime engine java defaults to oracle server java on linux system,1
java java system,1
java ansible role for configuring oracle java 8 development system,1
java oracle java java installation development,1
java oracle ansible small ansible role designed to install oracle java on an ubuntu server development,1
java oracle java installation role development,1
java ansible role for installation oracle java cloud java jvm development openjdk java system web packaging,1
openjdk ansible role for installation openjdk cloud java jvm development openjdk java system web packaging,1
osx jenv ansible role to install and configure jenv java environment manager on osx system osx,1
java java for linux development system web,1
dynatrace java agent an ansible role for automated deployments of the dynatrace java agent monitoring,1
java role to install java development java programming,1
java installs java from the webupd8 ppa and applies the specified configuration development,1
galaxy ubuntu sunjava installs sun java on ubuntu system packaging,1
java oracle java 8 installation for ubuntu machines java oracle,1
java java 8 java,1
java playbook to install and configure java development,1
java set up oracle java 8 system,1
java instalaci n de java system,1
java the oracle java java java packaging,1
java install oracle java on ubuntu trusty java infrastructure,1
openjdk java install openjdk java package development web,1
java ansible role for java development osx alpine,1
java packages lsst square's java packages jvm java system,1
java oracle java java 8 installation on rhel centos 7 java system,1
jvm ansible installation and configuration of the latest stable java java jvm development java system platform,1
dynatrace java agent an ansible role for automated deployments of the dynatrace java agent monitoring,1
java role to install java development java programming,1
java java role development,1
java java for linux development system web,1
java java installer openjdk java,1
java ansible role for installation oracle java cloud java jvm development openjdk java system web packaging,1
openjdk ansible role for installation openjdk cloud java jvm development openjdk java system web packaging,1
osx jenv ansible role to install and configure jenv java environment manager on osx system osx,1
java java for linux development system web,1
java installs java on debian ubuntu linux servers java java ubuntu debian,1
java installs oracle java system packaging,1
java runtime ansible role java development system,1
java ansible role to install openjdk runtime java runtime,1
openjdk java install openjdk java package development web,1
java ansible java playbook role development,1
java an ansible role for installation java development,1
java java development,1
java installs java development,1
java installs the correct java package on various platforms java puppetlabs std runtime java java,1
java oracle java puppet module,1
java oracle java java puppet module optimized for-loop weblogic urandom rngd entropy java oracle java java rngd rng-tools urandom entropy,1
jetty jetty application server installation jetty java appserver application server,1
java module for-loop automating oracle java download and installation java oracle java,1
r9util misc utilities properties java deepmerge utilities curl download miscellaneous json,1
windows java-collections-api of useful puppet manifests for-loop windows-based platforms environment iis regsvr unzip nssm windowsupdate java windows,1
java puppet module to install oracle java on linux system java java oracle java,1
java puppet module to deployment oracle's formerly sun microsystems java or java java java java java oracle-java sun-java java,1
gradle puppet module for-loop installation the gradle build tool from the official distribution gradle java ubuntu debian fedora desktop,1
java puppet module for-loop java java example42,1
java windows oracle java oracle java java,1
gvm paulo suzart gvm module groovy gvm grails java,1
jpackage a puppet that ensures the jpackage repos are installed centos java rhel package,1
install4j install4j installation and configuration install4j java installer,1
java java puppet module based on bcarpio java_jdk java,1
java oracle java puppet module ubuntu debian oracle-java7,1
java manages java java,1
confluence install atlassian confluence standalone java atlassian confluence,1
java zuinnote oracle java 8 module debian ubuntu java oracle,1
java install oracle java jdk6 7 or 8 via source rpm or http proxy oracle java,1
jetty jetty installation and configuration module hiera server application appserver java jetty,1
java jpuppet java module oracle openjdk java,1
java,1
java install oracle java java oracle,1
java oracle sun java java,1
java oracle java puppet module for-loop oracle sun solaris 10 oracle java java java solaris,1
java oracle java java java,1
dukesbank dukesbank deployment demo java,1
java camptocamp java module java debian redhat centos ubuntu,1
java module for-loop automating oracle java download and installation by using the rpm binary distribution from oracle and wget rpm java oracle java,1
java java for-loop operating-system x module for-loop puppet osx java darwin,1
upstart manage upstart service for-loop java nodejs and python upstart python java ubuntu nodejs,1
java,1
java oracle java puppet module official debian ubuntu oraclejava java oracle,1
java a puppet module to manage java openjdk instalation ubuntu openjdk java,1
java oracle java 8 for-loop rh centos,1
java install java without package system this module install any java version java java,1
java module download is free oracle java follows oracle licensing policy,1
java install oracle java on ubuntu ubunutu java oracle,1
java install oracle java java,1
hazelcast hazelcast module hazelcast java,1
java the java module installs oracle java or java on your node java java oracle java,1
hazelcast hazelcast module hazelcast java,1
java oracle java ubuntu oracle java,1
java oracle and or openjdk java puppet module java java java java oracle openjdk6 openjdk7,1
java oracle java 1 7 0 71 installer 17 oracle java,1
takipi takipi installs a daemon process and a jvm agent library on your servers these two components work in tandem to logging and send data to takipi's analysis servers together they detect events such as exception or logged errors happening within your app and automatically create the code needed to logging and collect the data you'll need to debugging these errors in production exception analysis logging metrics java takipi,1
java install oracle java from rpms on redhat family operating-system,1
java install java openjdk and configure the default java alternative middleware jvm java java,1
java java puppet module based on viirya java,1
java module for-loop managing an local load java_web_application_server,1
java module to install oracle java,1
java install java java and java 1 7 along with maven and gradle 2 3 openjdk java,1
java puppet management for-loop java,1
java copy the java installer,1
graylog2 minimal module for-loop install graylog2 + dependenced java mongodb-server elasticsearch hiera centos graylog2,1
ca_certificate ca certificate management java certificate ca openssl,1
java installs deploys and configures oracle java oracle-java java java,1
javaplugin64 this module installs and uninstall java plugins 64-bits plugins java windows,1
java module to manage the installation of the webupd8 oracle java installer ppa,1
