jenkins ubuntu installs jenkins on ubuntu development,1
azulinho jenkins server ansible role for installation a jenkins server packaging,1
ansible jenkins maven jenkins server maven githubconnection development,1
azulinho jenkins jobs builder ansible role for install the python tool jenkins jobs builder packaging,1
jenkins centos jenkins continuous-integration development packaging,1
jenkins ansible jenkins role development,1
jenkins jenkins continuous-integration development packaging,1
jenkins ansible role for jenkins development osx alpine,1
jenkins install and configure jenkins and some plugins development web,1
jenkins jenkins continuous-integration oracle java development packaging,1
jenkins jenkins continuous-integration development packaging,1
jenkins slave an ansible role that installs jenkins slave server web,1
ansible role jenkins jenkins continuous-integration development packaging,1
jenkins extra extra jenkins config like create jobs credentials set aws credentials profile copy ssh key continuous-integration jenkins,1
jenkins install and configure jenkins continuous-integration server continuous-integration jenkins,1
jenkins jenkins master plugins development,1
plone jenkins node jenkins continuous-integration node development,1
jenkins jenkins continuous-integration development packaging,1
jenkins ansible small ansible role designed to install jenkins on an ubuntu server behind an apache2 reverse proxy development web,1
jenkins jenkins continuous-integration server development system web,1
jenkins installs and configures jenkins continuous-integration jenkins continuous-integration org development,1
jenkins jenkins continuous-integration development packaging,1
jenkins slave jenkins slave for the swarm plugins development,1
dockerized jenkins dind ansible role to run jenkins in docker with docker in it cloud,1
jenkins jenkins continuous integration server system,1
jenkins php jenkins php for debian development web,1
jenkins jenkins continuous-integration development packaging,1
jenkins jenkins installation continuous-integration jenkins,1
jenkins2 this ansible role can be used to install and manage jenkins 2 continuousintegration jenkins cd development continuous-integration continuousdelivery,1
jenkins jenkins continuous-integration development packaging,1
jenkins jenkins basic installation development monitoring,1
jenkins git jenkins git and git support development monitoring,1
jenkins perl jenkins perl role development monitoring,1
jenkins installs the jenkins system,1
jenkins ansible role for jenkins continuous-integration development system,1
plone jenkins server jenkins continuous-integration development,1
jenkins slave a role for installation jenkins slave development,1
stouts jenkins ansible role for manage jenkins continuous-integration installation plugins roles development system,1
azulinho jenkins plugins ansible role for installation jenkins plugins packaging,1
azulinho jenkins reconfigure jobs using jinja2 ansible role for configuring jobs in jenkins using jinja2 templating packaging,1
azulinho jenkins reconfigure jobs using jobs dsl ansible role for configuring jobs in jenkins using the dsl packaging,1
jenkins set up jenkins in ubuntu system development system packaging,1
jenkins jenkins installation development system,1
jenkins set up jenkins continuous integration server system,1
jenkins master a simple jenkins install with options for using an nginx proxy and restoring from a backup file development system monitoring,1
jenkins jenkins development packaging,1
jenkins jenkins continuous-integration development packaging,1
jenkins a continuous integration platform for when there's no other choice web,1
jenkins oracle java jenkins continuous-integration development packaging,1
azulinho jenkins server ansible role for installation a jenkins server packaging,1
jenkins jenkins continuous-integration development packaging,1
jenkins install and configure jenkins continuous-integration,1
jenkins jenkins continuous-integration ansible role development packaging,1
jenkins set up jenkins continuous integration server system,1
jenkins2 ready to use jenkins with set of optional bundled plugins cd prudentia ubuntu continuous-integration jenkins webdriver buildserver,1
azulinho jenkins server ansible role for installation a jenkins server packaging,1
jenkins jenkins continuous-integration development packaging,1
jenkins jenkins installation development system,1
sa box jenkins ready to use jenkins with set of optional bundled plugins backup restore on a board ubuntu jenkins buildserver,1
jenkins2 ready to use jenkins with set of optional bundled plugins cd prudentia ubuntu continuous-integration jenkins webdriver buildserver,1
jenkins role to install jenkins and install update plugins development,1
jenkins ansible role for manage jenkins continuous-integration installation plugins roles development system,1
jenkins manage the jenkins continuous integration service with puppet jenkinsci jenkins,1
jenkins a puppet module for-loop installation jenkins jenkins continuous-integration,1
puppetci jenkins continous integration server config for-loop puppet continuous-integration parsing continuous-integration jenkins puppet,1
jenkins puppet module for-loop jenkins jenkins continuous-integration example42,1
jenkins,1
jenkins manage the jenkins continuous integration service with puppet jenkins continuous-integration,1
jenkins enables provisioning a jenkins continuous-integration server for-loop php project php jenkins phpqatools continuous-integration jenkins-ci,1
jenkins ubuntu jenkins,1
jenkins jenkins module ubuntu jenkins,1
jenkins module for-loop managing the openstack jenkins_job_builder tool jenkins,1
pe_jenkins a module for-loop using jenkins in pe,1
jenkins a puppet module to install jenkins debian redhat darwin jenkins osx,1
jgoauth manage the jenkins git oauth plugins jenkins oauth github-oauth debian,1
waylon puppet module to deployment waylon instances jenkins radiator continuous-integration waylon,1
jenkins manage jenkins xml configuration file jenkins,1
jenkins module for-loop managing the openstack jenkins_job_builder tool jenkins,1
jenkins jenkins continuous-integration orchestration jenkins,1
jenkins_node installation jenkins node for-loop package build pbuilder mocking chroot packaging jenkins,1
jenkins_installation install jenkins on multiple agents clients in a simple way,1
