kibana kibana playbook for ansible monitoring,1
kibana ansible role to install kibana monitoring,1
kibana an ansible role for installation kibana system monitoring,1
kibana ansible role for kibana 4 web monitoring,1
kibana installs and configures kibana monitoring,1
kibana packages lsst square's kibana packages jvm elasticsearch kibana,1
kibana kibana is a powerful and flexible analytics platform system kibana logging,1
kibana4 ansible role for installation kibana 4 on el 7 web,1
elastic kibana install and configure kibana web,1
kibana kibana role development,1
kibana kibana designed to take data from any source and search analyze and visualize it in real time development system,1
kibana kibana designed to take data from any source and search analyze and visualize it in real time system web,1
kibana kibana role for ubuntu servers kibana,1
kibana 4 kibana 4 for linux system web monitoring,1
kibana kibana role for ansible web monitoring,1
kibana kibana for linux system web monitoring,1
kibana installs and configures kibana 4 elk kibana,1
kibana kibana for linux system web monitoring,1
kibana ansible role to install kibana system monitoring,1
debian kibana install kibana for debian system database,1
kibana ansible role to provision kibana 4 5 x kibana,1
kibana kibana for linux system web monitoring,1
kibana installs and configures kibana web monitoring,1
kibana kibana for linux system web monitoring,1
kibana install kibana development,1
kibana kibana 4 2,1
kibana ansible playbook for kibana web,1
kibana manages kibana elk kibana,1
kibana installs and configures kibana3 ubuntu kibana3 kibana elasticsearch logstash,1
kibana4 kibana 4 installation elasticsearch elk logstash kibana,1
kibana module to manage the kibana logstash interface kibana logstash monitoring elasticsearch,1
kibana puppet module for-loop kibana kibana elasticsearch example42,1
kibana4 install and configure kibana 4,1
kibana puppet kibana module,1
kibana installs and configures kibana4 from packages elasticsearch kibana,1
