kibana kibana playbook for ansible monitoring,1
logstash ansible role that installs logstash monitoring,1
logstash role for ansible logstash development system,1
elasticsearch ansible playbook for elasticsearch database nosql,1
elasticsearch ansible playbook for elasticsearch database nosql,1
elasticsearch an ansible role for installation elasticsearch system monitoring,1
nsqadmininit nsqadmin init conf logging role for ansible development system,1
nsqdinit nsqd init conf logging role for ansible development system,1
elasticsearch set up elasticsearch in debian like system web,1
kibana ansible role to install kibana monitoring,1
logstash an ansible role for installation logstash system monitoring,1
kibana an ansible role for installation kibana system monitoring,1
elasticsearch ansible playbook for elasticsearch database nosql,1
elasticsearch role to install elasticsearch server with plugins database nosql,1
elasticsearch elasticsearch for linux system web monitoring,1
logstash settings a role for installation logstash configuration development,1
papertail remotesyslog a simple role to install remote syslog 2 development system,1
kibana ansible role for kibana 4 web monitoring,1
elasticsearch ansible elasticsearch role database nosql,1
logging shuttle ansible role to install logging shuttle system,1
elasticsearch ansible playbook for elasticsearch database nosql,1
remotesyslog configures rsyslog to send all logging to a central logging server system monitoring,1
elk installation elasticsearch elk stack on debian ubuntu linux servers system web monitoring,1
syslog ng ansible role to manage syslog ng system networking monitoring,1
elasticsearch role for elasticsearch database nosql,1
include elasticsearch this role intends to provide simple elasticsearch installation database system web monitoring,1
knock stouts elasticsearch manage elasticsearch installation plugins cloud database development system web nosql,1
logrotate install logrotate config logrotate,1
kibana installs and configures kibana monitoring,1
elasticsearch installs and configures elasticsearch elasticsearch elk,1
filebeat installs and configures filebeat elk logging filebeat,1
openapphack logstash logstash for linux system web monitoring,1
openapphack pimpmylog pimp my logging installation for linux server development web,1
elasticsearch installs elasticsearch on debian ubuntu linux servers this allows to use ansible 2 0 0 elasticsearch ubuntu debian,1
kibana packages lsst square's kibana packages jvm elasticsearch kibana,1
logstash logstash for linux system web monitoring,1
kibana kibana is a powerful and flexible analytics platform system kibana logging,1
elasticsearch install elasticsearch database elasticsearch,1
kibana4 ansible role for installation kibana 4 on el 7 web,1
logstash filebeat installs and configured elastic filebeat web elastic co products beats filebeat system monitoring,1
logstash packages lsst square's logstash deployment system monitoring,1
logstash client ships logging and metrics to elk logserver security elk logging metrics filebeat monitoring topbeat,1
loggly ansible role to forward syslog to loggly com infrastructure logging sysadmin,1
snoopy snoopy logging for rhel centos system snoopy,1
pimpmylog pimp my logging installation for linux server development web,1
logstash logstash for linux system web monitoring,1
logstash logstash development,1
logrotate role to configure logrotate scripting system,1
elasticsearch elasticsearch 2 0,1
elasticsearch ansible task for elasticsearch 2 x database nosql,1
elastic elasticsearch install and configure elasticsearch database nosql,1
elastic kibana install and configure kibana web,1
kibana kibana role development,1
logrotate ansible role for configuring logging rotation of your app system,1
elasticsearch dev a role to install elasticsearch on development machines development,1
papertrail installs and configures remote syslog to report specific logfiles to papertrail system application monitoring,1
logstash ansible role to install logstash system monitoring,1
kibana kibana designed to take data from any source and search analyze and visualize it in real time development system,1
kibana kibana designed to take data from any source and search analyze and visualize it in real time system web,1
logstash logstash collect parsing and enrich data system,1
logrotate role to configure logrotate cloud system web,1
elasticsearch installs latest 1 5 elasticsearch database,1
elasticsearch elasticsearch role for ansible managed installation and configuration support centos mainly cloud database development nosql,1
logstash role to manage logstash monitoring,1
logstash forwarder install logstash forwarder system,1
rsyslog my rsyslog configuration reconfigures logging format logging location and logrotate security system logging logcheck,1
logstash installs logstash role system monitoring,1
elk es installs elk stack role elk es system monitoring,1
elk pre processor installs elk stack role elk pre processor system monitoring,1
elkstack download all roles required to build a complete elk stack system monitoring,1
elasticsearch ansible playbook for elasticsearch database nosql,1
rsyslog rsyslog syslogd daemon configuration system monitoring,1
elasticsearch elasticsearch on debian ubuntu and enterprise linux redhat centos platforms with full configuration capabilities database nosql,1
logstash logstash collect parsing and enrich data system,1
elasticsearch rest distributed search and analytics system,1
elasticsearch installs and configures elasticsearch include optional xenforo scripting for es system web packaging,1
rsyslog client set up shipping some logging remotely over syslog system,1
logio installation logging io development web,1
elasticsearch installs and configures elasticsearch database clustering nosql,1
logrotate installs and configures logrotate system,1
elasticsearch role which installs and configures elasticsearch system,1
elasticsearch restart perform safe elasticsearch rolling restarts database clustering nosql,1
jelk ansible role to install jmeter and elk stack logstash elasticsearch elk kibana monitoring jmeter,1
papertrail rsyslog configure for papertrail papertrail rsyslog,1
elasticsearch ansible role to install and installation elasticsearch on debian like system database system nosql,1
elasticsearch demo events sends a testing events to elasticsearch web,1
elasticsearch ansible role for installation elasticsearch cloud database development system elasticsearch clustering es nosql,1
elasticsearch elasticsearch role development,1
elasticsearch elasticsearch for ubuntu elasticsearch,1
elk filebeat elk filebeat elk filebeat,1
elk topbeat elk topbeat elk topbeat,1
debian elasticsearch install elasticsearch for debian system database,1
elasticsearch an ansible role that installs elasticsearch on ubuntu specifically created with phansible in mind system,1
kibana kibana role for ubuntu servers kibana,1
elk elk configuration logstash elasticsearch elk kibana,1
papertrail configure papertrailapp on your server supports rsyslog papertrail logging rsyslog,1
elasticsearch installs elasticsearch database web,1
logrotate handle logrotate logrotate system logging,1
elk processors an ansible role to provision elk stack processors logging monitoring,1
kibana 4 kibana 4 for linux system web monitoring,1
elasticsearch installs and configures a production elasticsearch clustering database nosql,1
elasticsearch install and manage elasticsearch database clustering database clustering nosql,1
elasticsearch install elasticsearch database searchengine nosql,1
filebeat install filebeat on centos servers amazon logstash elk beat centos6 filebeat,1
elk stands up elk stack for logging aggregation security visualization logging metrics monitoring,1
logrotate deployment and manage logrotate system,1
elasticsearch elasticsearch on debian ubuntu and enterprise linux redhat centos platforms with full configuration capabilities database nosql,1
elasticsearch ansible role for elasticsearch cloud database,1
logstash forwarder logstash forwarder for linux system monitoring,1
elasticsearch ansible playbook for elasticsearch database nosql,1
logstash install logstash development,1
elasticsearch install elasticsearch development,1
logrotate manage logging rotation configuration system logging,1
elk kibana installs and configures kibana for elk stack system web monitoring,1
logstash logstash for linux system web monitoring,1
logrotate rotates compresses and mails system logging system,1
logstash this role is used to add logging aggregation and forwarding capability to a given server monitoring,1
rsyslog manage the rsyslog configuration system monitoring,1
elasticsearch elasticsearch for linux system,1
elasticsearch elasticsearch for linux system web monitoring,1
geoip installs the geolitecity database logstash geoip elasticsearch packetbeat beats,1
beats a role to install and configure elasticsearch beats elasticsearch elastic beats,1
elk logstash shipper elk logstash shipper logstash elk,1
logrotate role to configure logrotate scripting system,1
pimpmylog pimp my logging installation for linux server development web,1
papertrail installation logging aggregation development logging,1
logstash playback ansible role that installs logstash to rhel based system development,1
kibana kibana role for ansible web monitoring,1
elasticsearch manage elasticsearch installation plugins cloud database development system web nosql,1
elasticsearch install latest version of elasticsearch system web,1
rsyslog file role for creation of rsyslog config for watching logging file monitoring,1
elasticsearch install and configure elasticsearch database nosql,1
deployment logrotate configures logrotate for application system web,1
logging a base logging config system,1
relp an ansible role for installation relp support for rsyslog system monitoring,1
curator an ansible role for installation elasticsearch curator database sql,1
nsqlookupdinit nsqlookupd init conf logging role for ansible development system,1
logrotate configures logrotate for an application system application monitoring,1
logrotate role to configure logrotate scripting system,1
logstash forwarder role for ansible logstash forwarder development system,1
logrotate manage logrotate configurations system,1
elasticsearch first version database web monitoring nosql,1
elasticsearch ansible playbook to install and configure elasticsearch clustering system,1
elasticsearch elasticsearch for linux system web monitoring,1
kibana kibana for linux system web monitoring,1
elasticsearch curator elasticsearch curator for linux system web monitoring,1
logrotate installs and configures logrotate system,1
snoopy ansible role to install and configure snoopy for logging management logging,1
elasticsearch install and configure elasticsearch database nosql,1
rsyslog installs rsyslog configurable and remote syslog server ready system monitoring,1
elasticsearch installs elasticsearch configurable clustering ready database nosql,1
elk broker installs elk stack role elk broker system monitoring,1
elk haproxy installs elk stack role elk haproxy system monitoring,1
elk processor installs elk stack role elk processor system monitoring,1
elasticsearch fluentd kibana task for elasticsearch fluentd kibana installation and installation development system monitoring,1
elasticsearch install elasticsearch database clustering nosql,1
kibana installs and configures kibana 4 elk kibana,1
elasticsearch elasticsearch for linux system,1
elasticsearch elasticsearch for linux system web monitoring,1
elasticsearch handle elasticsearch development elasticsearch,1
elasticsearch packages lsst square's elasticsearch packages jvm elasticsearch,1
logstash installs and configures logstash logstash elasticsearch elastic,1
elasticsearch elasticsearch 2 x installation on rhel centos 7 system web,1
logstash logstash is a powerful and flexible data processing engine logstash system logging,1
logging courier logging courier forwards logging to logstash development,1
pimpmylog pimp my logging installation for linux development web,1
elasticsearch installation elasticsearch server development web,1
logrotate installation and config logrotate development web,1
logrotate logging rotation for rhel centos system syslog,1
elasticsearch install elastic search package on debian or ubuntu database web networking nosql,1
tarsnap installs and configures tarsnap logrotate policy tarsnapper python wrapper cloud system,1
elasticsearch rest distributed search and analytics system,1
elasticsearch rest distributed search and analytics system,1
logstash logstash collect parsing and enrich data system,1
elasticsearch role to manage elasticsearch database monitoring nosql,1
logging courier logging courier forwards logging to logstash development,1
rsyslog8 ansible role for installation rsyslog v8 on linux machines system monitoring,1
logstash installs and configures logstash system monitoring,1
kibana kibana for linux system web monitoring,1
logstash forwarder logstash forwarder for linux system monitoring,1
elasticsearch elasticsearch for linux system web monitoring,1
rsyslog installation and configuration of rsyslog system,1
logrotate configures logrotate for an application system,1
kibana ansible role to install kibana system monitoring,1
filebeat install and configure filebeat as a logging forwarder for logstash logstash system monitoring logging,1
logrotate set up automatic rotation and archival of logging file development system web monitoring,1
logstash installs and configures logstash system monitoring,1
elk logstash indexer elk logstash indexer logstash elk,1
elk packetbeat elk packetbeat elk packetbeat,1
debian kibana install kibana for debian system database,1
rsyslog installs rsyslog configurable and remote syslog server ready system monitoring,1
elasticsearch installs elasticsearch configurable clustering ready database nosql,1
elk broker installs elk stack role elk broker system monitoring,1
elk haproxy installs elk stack role elk haproxy system monitoring,1
elk processor installs elk stack role elk processor system monitoring,1
elasticsearch fluentd kibana task for elasticsearch fluentd kibana installation and installation development system monitoring,1
elasticsearch install elasticsearch database clustering nosql,1
elasticsearch installs and configures a production elasticsearch clustering database nosql,1
kibana ansible role to provision kibana 4 5 x kibana,1
splunk server ansible role for installation splunk server splunk,1
elasticsearch elasticsearch install for rhel centos database,1
es clustering exporter install and configure es clustering exporter system elasticsearch prometheus monitoring nosql,1
elasticsearch ansible role for elasticsearch management database search searchengine nosql,1
elasticsearch elasticsearch for linux system web monitoring,1
elasticsearch handle elasticsearch development elasticsearch,1
elasticsearch packages lsst square's elasticsearch packages jvm elasticsearch,1
logstash installs and configures logstash logstash elasticsearch elastic,1
elasticsearch elasticsearch 2 x installation on rhel centos 7 system web,1
logstash logstash is a powerful and flexible data processing engine logstash system logging,1
logrotate logging rotation for rhel centos system syslog,1
rsyslog manage rsyslog and rsyslog d in debian like system system monitoring,1
remote syslog ansible role to set up papertrail remote syslog on debian like system cloud system logging monitoring,1
rsyslog installation and configuration of rsyslog system,1
logrotate configures logrotate for an application system,1
snoopy ansible role to install and configure snoopy for logging management logging,1
elasticsearch install and configure elasticsearch database nosql,1
elk ansible role to deployment elk stack cloud system monitoring,1
elasticsearch install elasticsearch database development web,1
logrotate role to installation logrotate on a server system,1
elasticsearch ansible role for elasticsearch management database search searchengine nosql,1
filebeat filebeat used to ship logging to an elk stack cloud web,1
kibana kibana for linux system web monitoring,1
logstash forwarder logstash forwarder for linux system monitoring,1
elasticsearch elasticsearch for linux system web monitoring,1
logrotate ansible role for configuring logging rotation of your app system,1
papertrail rsyslog role to installation papertrail papertrailapp com remote logging via rsyslog cloud monitoring,1
kibana installs and configures kibana web monitoring,1
elasticsearch curator elasticsearch curator for linux system web monitoring,1
kibana kibana for linux system web monitoring,1
elk kibana elk kibana elk kibana,1
kibana install kibana development,1
rsyslog install rsyslog development,1
elasticsearch api ansible role and module to manage elasticsearch through the official python api database nosql,1
kibana kibana 4 2,1
logrotate role to configure logrotate scripting system,1
logstash role ansible role to install and configure logstash monitoring,1
geoip installs the geolitecity database logstash geoip elasticsearch packetbeat beats,1
logrotate set up automatic rotation and archival of logging file development system web monitoring,1
rsyslog manage rsyslog configuration security system audit logging logging,1
kibana ansible playbook for kibana web,1
logrotate rotates compresses and mails system logging system,1
beats a role to install and configure elasticsearch beats elasticsearch elastic beats,1
elasticsearch install and configure elasticsearch database nosql,1
logstash ansible role for logstash system monitoring,1
elasticsearch elasticsearch elasticsearch elk,1
elasticsearch installs elasticsearch database monitoring nosql,1
logstash installs and configures logstash logstash elasticsearch elastic,1
logstash module for-loop managing and configuring logstash logstash logging,1
elasticsearch module for-loop managing and configuring elasticsearch nodes elasticsearch,1
rsyslog manage rsyslog client and server debian ubuntu client logging syslog rsyslog server tcp udp freebsd,1
logrotate logrotate module centos debian ubuntu logrotate linux,1
splunk puppet module for-loop splunk splunk logging example42,1
splunk manage splunk agents and servers splunk logging redhat debian syslog huit,1
splunk manage and deployment splunk servers and forwarders splunk,1
logrotate puppet module for-loop logrotate logrotate logging example42,1
loggly configures various data sources for-loop automatic submission to loggly syslog-ng rsyslog syslog loggly,1
logstashforwarder module for-loop managing and configuring logstash forwarder,1
kibana manages kibana elk kibana,1
splunk puppet defined types for-loop managing splunk configuration inputsconf splunk augeas splunkconf,1
elastic module for-loop managing and configuring elasticsearch nodes elasticsearch logging,1
logrotate manage logrotate logrotate,1
kibana installs and configures kibana3 ubuntu kibana3 kibana elasticsearch logstash,1
logstash module for-loop managing and configuring logstash logstash logging,1
syslog augeas-based syslog types and providers for-loop puppet rsyslog syslog providers types utilities augeasproviders augeas,1
kibana4 kibana 4 installation elasticsearch elk logstash kibana,1
beaver manages the beaver package service and configuration to ship logfiles to logstash logging logstash beaver,1
logrotate manages logrotate logrotate,1
fluentd fluentd module fluentd logstash td-agent elasticsearch kibana,1
logstash install and configure logstash reporter for-loop puppet,1
kibana module to manage the kibana logstash interface kibana logstash monitoring elasticsearch,1
kibana puppet module for-loop kibana kibana elasticsearch example42,1
splunk manage and deployment splunk servers and forwarders splunk windows logging,1
logentries a module to install the logentries agent logentries logging,1
kibana4 install and configure kibana 4,1
rsyslog puppet module for-loop rsyslog rsyslog example42,1
rsyslog manage rsyslog syslog rsyslog logging,1
fail fail with a canned "not_configured" messsage and logging relevant facts function fail unconfigured default facts failure,1
logstash module for-loop managing logstash logstash monitoring redis java,1
ikachan sending logging to ikachan report,1
logstash puppet module for-loop logstash logstash logging example42,1
logstash camptocamp logstash module logstash grok elasticsearch kibana redhat debian logging events logging envent,1
elasticsearch puppet module for-loop elasticsearch example42 elasticsearch,1
lumberjack module for-loop managing and configuring lumberjack lumberjack logging logstash,1
rsyslog rsyslog module debian ubuntu rsyslog,1
logstash install configure logstash including dependencies init scripting logstash,1
elasticsearch elasticsearch elasticsearch ubuntu,1
kibana puppet kibana module,1
snoopy rentabiliweb snoopy module audit syslog rentabiliweb security logging snoopy puppet,1
event-log module for-loop managing the windows events logging windows,1
splunk centos ubuntu rhel splunk windows syslog,1
beaver module for-loop managing and configuring beaver beaver logstash logging,1
patterndb puppet module for-loop patterndb syslog-ng syslog patterndb syslog-ng syslogng,1
graylog2 puppet module for-loop graylog2 example42 graylog2 logging,1
sysklogd manages sysklogd syslog,1
sysklogd puppet module for-loop sysklogd sysklogd syslog logging example42,1
kvlog syslog report metric,1
rsyslog manages rsyslog rsyslog,1
logstash report processor that sends logging and metrics as json_events to logstash logstash reporter report report,1
rsyslog controls rsyslog server debian syslog rsyslog,1
logstash install the logstash agent with a configuration file logstash logging,1
elasticsearch elasticsearch module rhel centos caching logging elasticsearch,1
logstash logstash logging ubuntu upstart,1
logrotate logrotate module,1
graylog2 puppet module to install and manage a graylog2 server and the web-interface syslog logging graylog2,1
logstash logstash,1
elasticsearch puppet elasticsearch module elasticsearch applications centos logstash,1
elasticsearch install and manage elasticsearch puppet elasticsearch debian,1
logscape install an anthillpro agent logging logging logscape,1
elrsyslog rsyslog module for-loop red hat enterprise linux and clones rsyslog syslog,1
lumberjack module for-loop managing and configuring lumberjack lumberjack logstash,1
cimlog report processor to logging in splunk cim styles splunk keyvalue report reporting cim cimlog syslog,1
splunk a puppet module for-loop managing splunk servers and forwarders splunk,1
vcli_rsyslog puppet enterprise module for-loop saz rsyslog vcli rsyslog,1
elasticsearch elasticsearch module for-loop puppet elasticsearch debian,1
pagerduty a puppet report processor for-loop sending alerts to pagerduty pagerduty logging,1
lumberjack lumberjack module lumberjack logstash lightweight shipper,1
ct2ls installs a daemon script to import logging from cloudtrail to logstash logstash cloudtrail,1
remotesyslog install and configure the remote_syslog service from papertrail ubuntu logging papertrail syslog,1
awstats manages the awstats http ftp smtp logging analyzer,1
syslog_ng this module manages syslog-ng rsyslog syslog syslog-ng,1
es elastic search defined types meltwater search elastic elasticsearch es,1
awesant install the awesant logging shipper for-loop logstash with a configuration file awesant logstash,1
rsyslog rsyslog module archlinux freebsd syslog rsyslogd debian ubuntu rsyslog gentoo openbsd rhel,1
logstash,1
elasticsearch puppet module to install elasticsearch,1
graylog manages the graylog2 collector logging logging graylog-collector graylog2 graylog,1
syslog add arbitrary syslog rules on clients,1
goaccess puppet module for-loop goaccess analyzer logging renanvicente goaccess,1
report_ikachan sending logging to ikachan,1
logrotate this module will makefile sure logrotate is installed and enabled,1
newsyslog a puppet module to manage logging rotation via newsyslog freebsd logrotation openbsd,1
nxlog this module manages nxlog event-log nxlog logging,1
anonymizer remove all user activities logging from ubuntu server,1
elasticsearch module for-loop managing and configuring elasticsearch nodes,1
elasticsearch puppet management for-loop elasticsearch,1
event-log module for-loop managing the windows events logging,1
takosan sending logging to takosan,1
papertrail puppet module for-loop managing remote_syslog2 and optionally rsyslog,1
splunkuf splunk universal forwarder install universalforwarder splunk,1
filebeat a module to install and manage the filebeat logging shipper elastic elasticsearch logstash filebeat,1
unifiedlogs this module attempt to offer a solution to application logging access by mounting logging dir via sshfs,1
elasticsearch minimal full install of new node for-loop elasticsearch claster hiera centos elasticsearch,1
kibana installs and configures kibana4 from packages elasticsearch kibana,1
fluentd installs configures and manages the fluentd service logging treasuredata td-agent fluent fluentd,1
heka installs and configures heka logging heka,1
scribe a report processor that sends whole puppet report to a scribe logging server reporting logging report scribe,1
elasticsearch module for-loop managing elasticsearch,1
rsyslog defined typed based management of rsyslog,1
netconsole a module to install and manage netconsole a service to remote syslog console output,1
logstash instal and config logstash forwarder,1
splunk deployment splunk instances into any imaginable topology distributed or clustered splunkforwarder splunk,1
logrotate logrotate module,1
