logrotate install logrotate config logrotate,1
logrotate role to configure logrotate scripting system,1
logrotate ansible role for configuring logging rotation of your app system,1
logrotate role to configure logrotate cloud system web,1
logrotate installs and configures logrotate system,1
logrotate handle logrotate logrotate system logging,1
logrotate deployment and manage logrotate system,1
logrotate manage logging rotation configuration system logging,1
logrotate rotates compresses and mails system logging system,1
logrotate role to configure logrotate scripting system,1
deployment logrotate configures logrotate for application system web,1
logrotate configures logrotate for an application system application monitoring,1
logrotate role to configure logrotate scripting system,1
logrotate manage logrotate configurations system,1
logrotate installs and configures logrotate system,1
logrotate installation and config logrotate development web,1
logrotate logging rotation for rhel centos system syslog,1
tarsnap installs and configures tarsnap logrotate policy tarsnapper python wrapper cloud system,1
logrotate configures logrotate for an application system,1
logrotate set up automatic rotation and archival of logging file development system web monitoring,1
logrotate logging rotation for rhel centos system syslog,1
logrotate configures logrotate for an application system,1
logrotate role to installation logrotate on a server system,1
logrotate ansible role for configuring logging rotation of your app system,1
logrotate role to configure logrotate scripting system,1
logrotate set up automatic rotation and archival of logging file development system web monitoring,1
logrotate rotates compresses and mails system logging system,1
logrotate logrotate module centos debian ubuntu logrotate linux,1
logrotate puppet module for-loop logrotate logrotate logging example42,1
logrotate manage logrotate logrotate,1
logrotate manages logrotate logrotate,1
logrotate logrotate module,1
logrotate this module will makefile sure logrotate is installed and enabled,1
logrotate logrotate module,1
