logstash ansible role that installs logstash monitoring,1
logstash role for ansible logstash development system,1
logstash an ansible role for installation logstash system monitoring,1
logstash settings a role for installation logstash configuration development,1
openapphack logstash logstash for linux system web monitoring,1
logstash logstash for linux system web monitoring,1
logstash filebeat installs and configured elastic filebeat web elastic co products beats filebeat system monitoring,1
logstash packages lsst square's logstash deployment system monitoring,1
logstash client ships logging and metrics to elk logserver security elk logging metrics filebeat monitoring topbeat,1
logstash logstash for linux system web monitoring,1
logstash logstash development,1
logstash ansible role to install logstash system monitoring,1
logstash logstash collect parsing and enrich data system,1
logstash role to manage logstash monitoring,1
logstash forwarder install logstash forwarder system,1
logstash installs logstash role system monitoring,1
logstash logstash collect parsing and enrich data system,1
filebeat install filebeat on centos servers amazon logstash elk beat centos6 filebeat,1
logstash forwarder logstash forwarder for linux system monitoring,1
logstash install logstash development,1
logstash logstash for linux system web monitoring,1
logstash this role is used to add logging aggregation and forwarding capability to a given server monitoring,1
geoip installs the geolitecity database logstash geoip elasticsearch packetbeat beats,1
logstash playback ansible role that installs logstash to rhel based system development,1
logstash forwarder role for ansible logstash forwarder development system,1
logstash installs and configures logstash logstash elasticsearch elastic,1
logstash logstash is a powerful and flexible data processing engine logstash system logging,1
logstash logstash collect parsing and enrich data system,1
logstash installs and configures logstash system monitoring,1
logstash forwarder logstash forwarder for linux system monitoring,1
filebeat install and configure filebeat as a logging forwarder for logstash logstash system monitoring logging,1
logstash installs and configures logstash system monitoring,1
logstash installs and configures logstash logstash elasticsearch elastic,1
logstash logstash is a powerful and flexible data processing engine logstash system logging,1
logstash forwarder logstash forwarder for linux system monitoring,1
logstash role ansible role to install and configure logstash monitoring,1
geoip installs the geolitecity database logstash geoip elasticsearch packetbeat beats,1
logstash ansible role for logstash system monitoring,1
logstash installs and configures logstash logstash elasticsearch elastic,1
logstash module for-loop managing and configuring logstash logstash logging,1
logstashforwarder module for-loop managing and configuring logstash forwarder,1
logstash module for-loop managing and configuring logstash logstash logging,1
beaver manages the beaver package service and configuration to ship logfiles to logstash logging logstash beaver,1
fluentd fluentd module fluentd logstash td-agent elasticsearch kibana,1
logstash install and configure logstash reporter for-loop puppet,1
logstash module for-loop managing logstash logstash monitoring redis java,1
logstash puppet module for-loop logstash logstash logging example42,1
logstash camptocamp logstash module logstash grok elasticsearch kibana redhat debian logging events logging envent,1
lumberjack module for-loop managing and configuring lumberjack lumberjack logging logstash,1
logstash install configure logstash including dependencies init scripting logstash,1
beaver module for-loop managing and configuring beaver beaver logstash logging,1
logstash report processor that sends logging and metrics as json_events to logstash logstash reporter report report,1
logstash install the logstash agent with a configuration file logstash logging,1
logstash logstash logging ubuntu upstart,1
logstash logstash,1
lumberjack module for-loop managing and configuring lumberjack lumberjack logstash,1
lumberjack lumberjack module lumberjack logstash lightweight shipper,1
ct2ls installs a daemon script to import logging from cloudtrail to logstash logstash cloudtrail,1
awesant install the awesant logging shipper for-loop logstash with a configuration file awesant logstash,1
logstash,1
logstash instal and config logstash forwarder,1
