mariadb55 install mariadb 5 5 database sql,1
mariadb10 my cnf update installs mariadb 10 database sql,1
mariadb installs mariadb database sql,1
galera an ansible role for galera mariadb clustering database clustering sql,1
galera deployment a galera 3 clustering with mariadb 10 1 supports selinux firewalld pacemaker cloud database web clustering sql,1
mariadb role to manage mariadb database sql,1
maxscale install and manage mariadb maxscale for debian mariadb replication database clustering mysql packaging monitoring sql,1
frogy centos7 mariadb installs mariadb on centos 7 development web,1
galera clustering install mariadb galera clustering mariadb database clustering mysql galera,1
mariadb server ansible role to install mariadb server package database sql,1
mariadb role used to install mariadb on centos with yum,1
mariadb ansible role for managing a mariadb sql server database sql,1
mariadb sql server relational database engine by using a mariadb mariadb database,1
mariadb galera stands up mariadb 10 1 11 and galera on rhel centos mariadb galera,1
mariadb mariadb an enhanced drop in replace for mysql database sql,1
mariadb mysql installs mariadb mysql role configurable and cacti monitoring options database sql,1
mariadb galera clustering an ansible role to install configure mariadb galera clustering mariadb org configurable options clustering and cacti monitoring ready database sql,1
mariadb wip installs mariadb from the official apt get repos database packaging sql,1
debian mariadb install mariadb for debian system database,1
sa mariadb alternative fork to mysql with it's own specifics and database engines mariadb database ubuntu mysql database,1
etherpad containers ansible role to manage etherpad containers containers mariadb etherpad docker,1
mariadb galera an ansible role that installs mariadb galera on redhat centos database clustering sql,1
mariadb server install and manage a mariadb mysql server database system sql,1
mariadb ansible role for install mariadb database packaging sql,1
mariadb10 installs mariadb 10 database sql,1
mariadb mariadb for ubuntu database sql,1
mariadb a role to install mariadb database sql,1
mariadb mariadb for fedora database sql,1
mariadb mariadb an enhanced drop in replace for mysql database sql,1
tokudb install tokudb mariadb while-loop completely removing innodb database sql,1
mariadb mariadb an enhanced drop in replace for mysql database sql,1
mariadb manage mariadb on a redhat based linux distribution database sql,1
mariadb ansible mariadb role sql,1
freebsd jailed mariadb provides a jailed mariadb server cloud mariadb ec2 jails freebsd database,1
mariadb install and configure mariadb10,1
mariadb,1
mariadb galera haproxy keepalived stands up high-availability keepalived haproxy in front of mariadb galera on rhel centos keepalived mariadb haproxy galera,1
mariadb mariadb 10 1 role for ubuntu trusty mariadb mysql,1
mariadb mariadb server role database,1
mariadb containers ansible role to manage mariadb containers containers mariadb database docker,1
tokudb install tokudb mariadb while-loop completely removing innodb database sql,1
mariadb,1
mariadb galera haproxy keepalived stands up high-availability keepalived haproxy in front of mariadb galera on rhel centos keepalived mariadb haproxy galera,1
mariadb server mariadb server installer mariadb mysql,1
mariadb install and configure mariadb10,1
mariadb ansible galaxy role to install mariadb mariadb database rdbms web sql,1
mariadb install and manage a mariadb mysql client database system sql,1
mariadb installs mariadb on debian ubuntu linux servers development phpstorm debian php,1
mariadb mariadb an enhanced drop in replace for mysql database sql,1
mariadb a puppet module that configure the mariadb repository on an enterprise linux and relatives system fedora mariadb redhat centos yum,1
clustercontrol installs clustercontrol for-loop your new database node clustering deployment or on top of your existing database node clustering tokumx mariadb mongodb mysql clustercontrol pxc mysql-cluster database dbaas galera replication management monitoring scaling,1
mariadb puppet module for-loop mariadb,1
maxscale installs mariadb maxscale,1
