rabbitmq rabbitmq is a complete and highly reliable enterprise messaging system based on the emerging amqp standards networking,1
newrelic rabbitmq agent role to install and configure newrelic rabbitmq agent plugins monitoring,1
rabbitmq installs minimal rabbitmq 3 3 5 on centos 6 5 development web,1
rabbitmq installs rabbitmq server adds admin user and removes guest user database networking nosql,1
rabbitmq ansible role to install dgnest database,1
rabbitmq installs rabbitmq server adds admin user and removes guest user database networking nosql,1
zeromq zeromq low level networking library for building connected software development networking,1
rabbitmq robust messaging for applications web,1
zeromq zeromq low level networking library for building connected software development networking,1
rabbitmq robust messaging for applications cloud web networking,1
rabbitmq installs rabbitmq system clustering,1
rabbitmq installs the latest version of rabbitmq networking,1
qpid c++ server ansible role qpid c++ server system,1
rabbitmq installs rabbitmq system clustering,1
sa queue rabbitmq rabbitmq is a messaging broker an intermediary for messaging it gives your applications a common platform to send and receive messages and your messages a safe place to live until received ubuntu rabbitmq queue,1
rabbitmq rabbitmq server amqp rabbit rabbitmq,1
rabbitmq rabbitmq is a complete and highly reliable enterprise messaging system based on the emerging amqp standards networking,1
rabbitmq installs rabbitmq web rabbitmq com configurable high-availability and clustering ready system clustering,1
zeromq zeromq low level networking library for building connected software development networking,1
nsq ansible role that installs bitly's nsq a realtime distributed messaging platform system,1
zeromq ansible role for installation zeromq from source development system,1
zeromq an ansible role for installation zeromq on ubuntu development,1
rabbitmq an ansible role for installation rabbitmq networking,1
rabbitmq ansible role for deploying rabbitmq cloud database,1
rabbitmq an ansible role for rabbitmq clustering clustering,1
rabbitmq simple rabbitmq role for ubuntu servers mq ubuntu broker rabbitmq,1
debian zeromq install zeromq for debian system system,1
rabbitmq an ansible role for rabbitmq clustering database clustering,1
libzmq ansible role for installation zeromq amazon libzmq zeromq centos6,1
rabbitmq rabbitmq installation and configuration system,1
rabbitmq ec2 rabbitmq auto clustering cloud ec2 clustering,1
rabbitmq manage rabbitmq database system networking nosql,1
rabbitmq an ansible role for rabbitmq clustering clustering,1
rabbitmq installs rabbitmq server adds admin user and removes guest user optionally set nodename database networking nosql,1
rabitmq a role that installs rabbitmq networking monitoring,1
zeromq installs zeromq on a server development system,1
rabbitmq installs configures and manages rabbitmq mcollective amqp stomp rabbitmq middleware message messaging queue debian ubuntu centos rhel,1
qpid qpid puppet module redhat fedora rhel,1
activemq installs and configures activemq java mcollective activemq amqp stomp middleware std,1
mcollective installs configures and manages mcollective agents clients and middleware of an mcollective clustering mcollective client activemq amqp stomp server,1
mcollective camptocamp mcollective module mcollective rabbitmq activemq stomp ssl,1
mcollective installs configures and manages mcollective agents clients and middleware of an mcollective clustering mcollective voxpupuli,1
activemq install and manage apache activemq apache activemq stomp queue,1
slack slack com integration for-loop puppet report processor communication messaging chat slack,1
activemq puppet module for-loop activemq mcollective activemq example42,1
mcollective mcollective automation orchestration activemq,1
mcollective puppet module for-loop mcollective infrastructure mcollective example42,1
mcollective manages mcollective mcollective,1
rabbitmq rabbitmq module rabbitmq rabbit centos rhel fedora,1
qpid qpid message bus configuration,1
zeromq manages the zeromq and czmq packages zeromq zeromq gentoo debian centos scientific redhat rhel linux zeromq,1
mconotify a puppet report handler for-loop sending mcollective rpc messages mcollective orchestration puppet report processor mco,1
mcollective manage mcollective client service and plugins stomp activemq client mcollective plugins,1
activemq activemq puppet module middleware stomp activemq mcollective java,1
activemq run activemq instances under runit activemq runit,1
activemq puppet activemq management module activemq messaging queue mcollective,1
pe_mco_shell_agent puppet deployment wrapper for-loop the mco shell agent agent shell mcollective,1
chrislea puppet module for-loop chris lea packages for-loop ubuntu e g node javascript and zeromq nodejs chrislea zeromq ppa,1
mcollective puppet mcollective management module rpc mcollective networking administration,1
mcollective configures mcollective servers clients and middleware brokers; handles networks of brokers subcollectives and ssl security options activemq mcollective,1
activemq manages activemq activemq centos rhel,1
mcollective mcollective automation orchestration activemq,1
mcollective controls mcollective deploiement on puppet node debian mcollective,1
activemq install and manage puppet open source activemq message bus mcollective,1
policy your policy driven infrastructure starter kit catalog report policy mcollective serverspec rspec testing,1
mcoresource puppet types provider for-loop triggering mcollective puppet types provider mcollective continuous delivery,1
activemq controls activemq middleware debian activemq,1
mcollective mcollective,1
mcollective install and manage marionette collective mcollective,1
mcoconfig helper module for-loop configuring mcollective,1
rabbitmq rabbitmq puppet module for-loop company internal usage,1
kermitrest skeleton module kermit-rest kermitrest mcollective mco rest,1
activemq configures apache mq activemq,1
mcollective installation and configure mcollective server client and user on redhat centos and debian,1
rabbitmq minimalistic rabbitmq module erlang amqp rabbitmq,1
mcollective create an mcollective user register a new cert on master install cert + agent on client,1
