mongodb mongos this role installs and configures the mongodb query router database nosql,1
mongodb mongodb this role installs and configures mongodb daemon database nosql,1
mtpereira mongodb manage mongodb database nosql,1
mongodb mongodb for archlinux database nosql,1
sysbench mongodb configurable load testing system for mongodb and variants works with dbaas service as well cloud database system rax nosql,1
mongodb mongodb 2 4 role database nosql,1
mongodb an ansible role for installation and configuring mongodb database nosql,1
mongodb an ansible role for installation and managing mongodb's system,1
mongodb installs and configures mongodb database nosql,1
mongodb install and installation mongodb 2 6 4 or other database with security enabled and best practice configuration cloud database system rax nosql,1
sysbench mongodb configurable load testing system for mongodb and variants works with dbaas service as well cloud database system rax nosql,1
mongodb ansible mongodb role database nosql,1
mongodb installs mongodb on rhel centos servers database nosql,1
mongodb installs mongodb on rhel centos servers database nosql,1
mongodb an ansible role for installation and configuring mongodb database nosql,1
mongodb an ansible role for installation and managing mongodb's system,1
mongodb installs and configures mongodb database nosql,1
mongodb ansible role for mongodb database ubuntu server database system nosql,1
mongodb installs the latest version of mongodb from the 10gen ppa database nosql,1
sa mongodb installs mongodb 2 4 2 6 or 3 on ubuntu based box mongodb ubuntu,1
mongodb ansible role for mongodb management database nosql,1
mongodb express handle mongodb express mongodb development web mongodb,1
mongodb install role to install and locking down mongodb server database mongodb nosql,1
mongodb installs and configures a single host mongodb service mongodb database mongodb mongodb nosql,1
mongodb installs and configures mongodb mongodb,1
mongodb mongodb installation and installation cloud,1
mongodb installs the latest version of mongodb from the 10gen ppa database nosql,1
tokumx tokumx is a high performance drop in replace for mongodb database nosql,1
mongodb ansible role for mongodb installation on a debian machine database nosql,1
mongodb mongodb is a document oriented database database nosql,1
mongodb installs mongodb role database nosql,1
mongodb replicator manage mongodb with authentication and replica set database nosql,1
mongodb mongodb is a document oriented database database nosql,1
mongodb installation and configure mongodb database development web sql,1
mongobackuprestorer quick and easy mongodb backup mongodb,1
mongodb an ansible role that installs mongodb on ubuntu specifically created with phansible in mind database nosql,1
mongodb ansible role that installs and configures mongodb locally networking,1
mongodb containers ansible role to manage mongodb containers containers mongodb mongodb docker,1
mongodb install and configure the mongodb database nosql,1
mongodb mongodb is a document oriented database database nosql,1
install mongodb install mongodb database nosql,1
mongodb mongoc this role installs and configures the mongodb configuration servers database nosql,1
mongodb shard this role helps in enable sharding across mongodb clustering database nosql,1
mongodb mongodb development web,1
mongodb a role for installation and configuring mongodb database nosql,1
mongodb manage mongodb database nosql,1
mongodb replica set manage mongodb replica set database nosql,1
mongodb mongodb this role installs and configures mongodb daemon database nosql,1
mongodb installs and configures mongodb mongodb database mongodb nosql,1
mongobackuprestorer quick and easy mongodb backup mongodb,1
stouts mongodb manage mongodb mms database nosql,1
mongodb mongodb for redhat centos debian 64bit database nosql,1
mongodb ansible install a simple mongodb no replica no authentication database development nosql,1
mongodb mongodb this role installs and configures mongodb daemon database nosql,1
xhgui xhgui graphical interface for xhprof data built on mongodb web packaging,1
mongodb handle mongodb system mongodb,1
mongodb mongodb is a document oriented database database nosql,1
tokumx tokumx is a high performance drop in replace for mongodb database nosql,1
mongodb manage a simple role for managing mongodb user database database mongodb nosql,1
debian recent mongodb a role that installs mongodb on debian using mongodb repository only supported version is debian wheezy database nosql,1
short stack mongodb installs mongodb and adds launch agent system,1
mongodb ansible role for mongodb database ubuntu server database system nosql,1
debian mongodb install mongodb for debian system system,1
mongodb exporter install and configure mongodb exporter for prometheus database system prometheus monitoring mongodb nosql,1
stouts mongodb manage mongodb mms database nosql,1
mongodb mongodb for redhat centos debian 64bit database nosql,1
mongodb ansible install a simple mongodb no replica no authentication database development nosql,1
mongodb mongodb this role installs and configures mongodb daemon database nosql,1
xhgui xhgui graphical interface for xhprof data built on mongodb web packaging,1
graylog containers ansible role to manage graylog containers containers graylog2 mongodb elasticsearch graylog mongodb docker,1
mongodb handle mongodb system mongodb,1
mongodb role which installs and configures mongodb system,1
debian recent mongodb a role that installs mongodb on debian using mongodb repository only supported version is debian wheezy database nosql,1
mongodb install and configure mongodb database nosql,1
mongobackuprestorer quick and easy mongodb backup mongodb,1
mongodb manage a simple role for managing mongodb user database database mongodb nosql,1
mongodb backup mongodb backup mongodb backup mongodb,1
mongodb replica set mongodb replica set module mongodb replication database nosql,1
mongodb mongodb server mongodb database,1
transparent huge pages disable transparent huge pages mongodb database system mongodb,1
mongodb manage mongodb with authentication and replica set database nosql,1
mongodb mongodb for redhat centos debian 64bit database nosql,1
mongodb manage mongodb with authentication and replica set database nosql,1
mongodb installs and configure mongodb database nosql,1
mongodb manage mongodb mms database nosql,1
mongodb installs mongodb on rhel ubuntu debian sharding nosql clustering database mongodb mongodb,1
mongodb mongodb module with sharding database clustering nosql mongodb sharding centos debian ubuntu rhel,1
mongodb ubuntu database nosql mongodb,1
mongodb puppet module for-loop mongodb example42 mongodb,1
mongodb mongodb simple module nosql mongodb,1
mongodb mongodb module centos rhel mongodb mongodb fedora,1
baseline dev box with batteries included clojure couchdb elixir erlang go haskell io java lua mongodb nodejs nodots postgresql prolog python redis ruby rust scala,1
letschat this module deploys let's chat a self-hosted chat app for-loop small teams npm nodejs node mongodb web-applications chat,1
mongodb puppet module to install and manage mongodb from 10gen repository,1
mongodbmms mongodb mms monitoring installation on ubuntu mms mongodb,1
mongodb mongodb puppet module mongodb,1
mongodb mongodb module with sharding,1
mongodb_ops_manager mongodb ops manager mms on premise server and agent installs,1
