supervise install and run supervised service using supervisord web monitoring,1
smartd configure smartd for each disk with scheduled auto chek system monitoring,1
zabbix common zabbix common role monitoring,1
sensu client a role that installs the sensu client on your machine monitoring,1
collectd install collectd client monitoring,1
zabbix server deployment zabbix server for ubuntu 12 04 monitoring,1
zabbix agent deployment zabbix agents for ubuntu 12 04 monitoring,1
monit manage monit provides a module to configure checks monitoring,1
zabbix agent zabbix agent module monitoring,1
zabbix agent installation and configuration of the zabbix agent monitoring,1
munin manage munin master nodes and plugins monitoring,1
sensu an open source monitoring frameworks monitoring,1
nagios config a role for deploying nagios configuration system monitoring,1
c6 zabbix role for zabbix monitoring,1
azulinho zabbix server ansible role for deployment a zabbix server packaging,1
emonhub ansible role an ansible role for emonhub installation on raspberrypi web monitoring,1
nagios nrpe server installs and configures a nagios nrpe server monitoring,1
datadog install datadog agent and enable process checks monitoring,1
supervisord supervisord role for ubuntu hosts system monitoring,1
udev usbmon simple role to change permissions of usbmon devices via udev wireshark usbmon system usb udev monitoring,1
tasseo an ansible role for installation tasseo monitoring,1
mon install and configure mon service system monitoring,1
hercules hercules is a system for managing sequencing data in the context of a sequencing facility monitoring,1
graphite storage deployment docker containers with volume for storage graphite metrics monitoring,1
graphite web deployment docker containers with graphite web application monitoring,1
ossec agent installation and maintaining the ossec agent monitoring,1
heka heka installation system monitoring,1
sysdig installs sysdig system monitoring,1
vnstat configure the networking traffic monitor vnstat system vnstat monitoring networking traffic,1
heka installs and installation heka system monitoring,1
mist io ansible role to install the mist io service cloud monitoring,1
zabbix web install and configuration zabbix web monitoring,1
beaver an ansible role for installation beaver system monitoring,1
cactilize ansible role for deploying and maintaining cacti server and host graph devices templates tree monitoring,1
collectd an ansible role for installation collectd system monitoring,1
graphite an ansible role for installation graphite system monitoring,1
monasca notifications installs the monasca notifications part of the monasca project monitoring,1
graphite api install and configure graphite api system monitoring,1
snmpd ansible role for snmpd on debian ubuntu system monitoring,1
supervisord a role that install configure supervisord system monitoring,1
grafana an ansible role for installation grafana system monitoring,1
grafana a role to install and configure grafana monitoring,1
tentacool an ansible role for running tentacool hpfeeds broker monitoring,1
sysdig installs sysdig system monitoring,1
vnstat configure the networking traffic monitor vnstat system vnstat monitoring networking traffic,1
heka installs and installation heka system monitoring,1
monit install monit and manage as many process as you want system monitoring,1
nagios nrpe install nagios client nrpe on multi operating-system monitoring,1
zabbix repository install zabbix release packaging,1
zabbix agent install and configutation zabbix agent monitoring,1
smokeping role for smokeping monitoring,1
logwatch install and configure logwatch system monitoring,1
linuxdash installs the linux dash web application for simple server health overview monitoring,1
zabbix zabbix with postgresql database monitoring sql,1
grafana grafana role for ansible web monitoring,1
deployment monitor installation monitoring using monit web,1
naemon ansible playbook to install naemon system monitoring,1
ganglia installs ganglia monitoring tool monitoring,1
heka install heka stream processing software system monitoring,1
monit an ansible role to install monit monitoring,1
newrelic an ansible role for installation and configuring newrelic monitoring,1
pflogsumm set up pflogsumm in debian like system system monitoring,1
cw mmonit this role installs and configures m monit monitoring plateform system monitoring,1
librenms role to manage librenms monitoring,1
nagios install nagios 4 x on ubuntu or centos monitoring,1
telegraf installs and configures telegraf on rhel centos or debian ubuntu telegraf monitoring,1
zabbix3 agent ansible role for installation zabbix 3 agent on rhel centos 7 system monitoring,1
nagios nrpe server nagios nrpe server configuration ansible role system monitoring,1
zabbix this role installs and configure zabbix agent zabbix server and zabbix proxy on target host we use zabbix 3 0 as default zabbix system monitoring networking,1
prosody install and maintain prosody from offical repository with ansible per default this role also installs monit and munin node to monitor prosody contains testing for travis continuous-integration and vagrant xmpp networking monitoring xmpp,1
vdsm prometheus install vdsm prometheus agent for monitoring vms with prometheus ovirt prometheus vdsm,1
telegraf install and configure telegraf the plugins driven server agent for reporting metrics into influxdb monitoring,1
newrelic installs and configure newrelic monitoring newrelic,1
riemann packages lsst square's riemann packages system monitoring,1
spm monitor install install sematext spm client monitoring,1
zabbix agent deployment zabbix agent in everway zabbix monitor,1
icinga2 installation icinga2 icinga web 2 icinga2 apache2 icingaweb2 icinga mysql,1
munin fastcgi munin monitoring server with nginx config running fdcgi for ubuntu debian system web monitoring,1
zabbix3server zabbix 3 beta server side zabbix system monitoring,1
zabbix3agent zabbix 3 beta agent side zabbix system monitoring,1
opennms installs and configures opennms web opennms org system monitoring networking,1
zabbix agent a role that installs zabbix agent monitoring,1
papertrail role for configuring papertrail service system monitoring,1
nrpe configure nrpe or opsview agent system monitoring,1
es topbeat installs and configured elastic topbeat web elastic co products beats topbeat system monitoring,1
mapr metrics database,1
graphite configures graphite a highly scalable real time graphing system monitoring,1
dynatrace client an ansible role for automated deployments of the dynatrace client monitoring,1
dynatrace licensing an ansible role for automated deployments of a dynatrace licensing monitoring,1
dynatrace server an ansible role for automated deployments of the dynatrace server monitoring,1
dynatrace update an ansible role for automated deployments of a dynatrace update monitoring,1
sensu installs and configures sensu monitoring sensuapp org system monitoring,1
utils installs some must have utilities have several ilist inside shared-libraries you can disable anything you want debugging system protection monitoring packages utilities epel networking,1
zabbix server stands up zabbix 3 0 0 server with mariadb on rhel centos zabbix zabbix3,1
zabbix agent stands up zabbix 3 0 0 agent on rhel centos zabbix zabbix3,1
collectd ansible role to install and installation collectd system monitoring,1
sensu server stands up a sensu server on rhel centos sensu,1
grafana installs and configures grafana monitoring,1
zabbix installs and configures zabbix agent monitoring,1
splunkforwarder deployment splunkforwarder on rhel6 hosts system monitoring,1
common installs and configures the common applications on debian elementary operating-system ubuntu operating-system x system monitoring,1
watchtower installs watchtower cloud incident management cloud monitoring,1
sumocollector ansible role to instal sumologic sumocollector monitoring,1
upstart upstart is an events based replace for the sbin init daemon which handles starting of task and service during boot stopping them during shutdown and supervising them while-loop the system is running system monitoring,1
sonarqube runner sonarqube runner for linux development monitoring,1
grafana2 grafana v2 x role rhel centos monitoring,1
zabbix agent role for deployment zabbix agent monitoring,1
graphite graphite system web networking,1
dataloop agent install the dataloop agent monitoring,1
ocs ocsinventory agent 2 1 role monitoring,1
grafana installs grafana role system monitoring,1
hygieia user-interface download and install hygieia user-interface monitoring,1
hygieia api download and install hygieia api monitoring,1
nagios installs nagios web nagios org system monitoring,1
upstart upstart is an events based replace for the sbin init daemon which handles starting of task and service during boot stopping them during shutdown and supervising them while-loop the system is running system monitoring,1
newrelic npi installs the new relic platform installer npi and adds npi ansible module development system monitoring,1
telegraf installation and configuring telegraf monitoring,1
monit installs monit mmonit com monit for monitoring of process and service configuration ready with some defaults system monitoring,1
collectd configures collectd monitoring,1
logwatch install and configure logwatch system monitoring,1
grafana install and configure grafana monitoring,1
nr sysmond install newrelic sysmond to monitor the server system web monitoring,1
nagios client set up a machine client shared-libraries it can be monitored by nagios server system monitoring,1
newrelic sysmond automate the installation of new relic server monitoring daemon cloud system web,1
ntop installs ntop monitoring web ntop org monitoring,1
grafana installs and configures grafana web monitoring,1
monit installs and configures monit system monitoring,1
sysstat install and configure the sysstat performance monitoring tools system monitoring,1
statsite statsite web monitoring,1
grafana an ansible role for installation grafana system monitoring,1
graphite api role which installs graphite api from rpm packages system,1
uchiwa installs uchiwa dashboard for sensu monitoring,1
cloudkit assemble your own custom cloud this role handles virtualization administration and monitoring solutions check the usage section for the exhaustive list of components this role is under development,1
zabbix repository installation official zabbix repository packaging,1
honeysap an ansible role for running honeysap monitoring,1
filebeat installs elastic's filebeat for forwarding logging system monitoring,1
pcp an ansible role for installation performance co pilot system monitoring,1
nagios server set up nagios in debian like system server side system monitoring,1
smartd installs and configures smartd monitoring disk health system monitoring,1
nagios plugins percona set up percona monitoring plugins for nagios in debian like system database system monitoring sql,1
nagios plugins hipsaint set up the latest or a specific version of hipsaint in debian like system system monitoring,1
debian packetbeat install packetbeat for debian system monitoring,1
al agents configure and install alertlogic agents alertlogic ids monitoring,1
telegraf installs and configures telegraf telegraf monitoring,1
chronograf installs and configures chronograf chronograf monitoring,1
al agents configure and install alertlogic agents alertlogic ids monitoring,1
newrelic plugins meetme newrelic meetme plugins monitoring,1
opsdash agent install and config the opsdash agent opsdash monitoring,1
zabbix common common stuff for zabbix roles monitoring,1
datadog install datadog agent and configure checks monitoring,1
newrelic ansible role to install new relic agent monitor newrelic,1
kapacitor dsl manage kapacitor task definitions tickscripts kapacitor monitoring,1
monit install and installation monit on redhat debian based distributions system monitoring,1
zabbix agent this role ensures zabbix agent is installed and configured zabbix operating-system monitoring,1
zabbix server installation and maintaining zabbix server for redhat debian ubuntu monitoring,1
ruxit agent this ansible role installs dynatrace ruxit agent monitoring,1
agent set up the appcanary agent learn more at web appcanary com cloud system monitoring,1
chronograf installs and configures chronograf web monitoring,1
collectd collectd daemon for rhel and debian based linux monitoring,1
newrelic install and configure the new relic system monitor daemon monitoring,1
checkmk agent installation check mk monitoring agent system monitoring,1
snmpd role ansible for snmpd service on debian system monitoring,1
mackerel agent install mackerel agent monitoring,1
papertrail role for configuring papertrail service system monitoring,1
telegraf install and configure telegraf the plugins driven server agent for reporting metrics into influxdb monitoring,1
blackfire blackfire installation development system web monitoring,1
munin node munin node monitoring endpoint for redhat centos or debian ubuntu system monitoring,1
sensu an open source monitoring frameworks monitoring,1
dashboard installs and configures hoborglabs dashboard monitoring,1
monit install and configure monit service system monitoring,1
zabbix agent install zabbix agent in active mode monitoring,1
logwatch install logwatch and its dependencies system monitoring,1
monit install and configure monit system monitoring,1
statsite an ansible role to install statsite system monitoring,1
graylog install and configure graylog logging management system monitoring,1
collectd ansible role to install and installation collectd system monitoring,1
telegraf simple a simplistic role for installation configuring and running telegraf on a red hat operating-system family host monitoring,1
sumocollector ansible role to instal sumologic sumocollector monitoring,1
newrelic install and configure the new relic system monitor daemon monitoring,1
zabbix agent installation and maintaining zabbix agent for redhat debian ubuntu zabbix monitoring,1
upstart upstart is an events based replace for the sbin init daemon which handles starting of task and service during boot stopping them during shutdown and supervising them while-loop the system is running system monitoring,1
uchiwa uchiwa is a simple dashboard for the sensu monitoring frameworks built with go and angularjs monitoring,1
graylog install and configure graylog logging management system monitoring,1
collectd this role takes care of adding collectd to any given server monitoring,1
statsd installs statsd on a server monitoring,1
percona toolkit manage percona toolkit in debian like system database system monitoring sql,1
newrelic installs and configure newrelic monitoring newrelic,1
zabbix agent manages installation and configuration of zabbix agent monitoring,1
graphite graphite scalable realtime graphing monitoring,1
html-table agent install html-table agent the distribution of fluentd monitoring,1
xorg external monitors extra modeline options for configuring external monitor resolutions system,1
runit install runit system monitoring,1
newrelic sysmond provision newrelic system monitor monitoring,1
zabbix server monitoring,1
nagios nrpe server nagios remote plugins executor daemon and a few non packaged checks system monitoring,1
dashing dashing a handsome dashboard monitoring,1
statsd statsd simple daemon for easy statistics aggregation monitoring,1
check mk agent install check mk monitoring agent system monitoring,1
dashing installs und manages shopify dashing web monitoring,1
plight installation basic configuration and usage of plight an application agnostic load balancer pool management tool web monitoring,1
grafana grafana role for ansible web monitoring,1
munin munin server installation monitoring,1
nagios a role for installation nagios 4 with pagerduty and ses support system monitoring,1
circus ansible role of circus system monitoring,1
serverdensity server density client install role and inventory synchronisation tool monitoring,1
kosssi apticron configures apticron in debian like system monitoring,1
datadog install datadog agent monitoring,1
sonarqube sonarqube for linux development monitoring,1
supervisord install configure supervisord system monitoring,1
heka hekad role monitoring,1
monit monit monitoring,1
supervise install and run supervised service using supervisord web monitoring,1
tessera dashboard installs the tessera dashboard by urban airship monitoring,1
zabbix install zabbix agent server monitoring,1
collectd ansible role to install and configure collectd monitoring,1
logcheck set up logcheck in debian like system system monitoring,1
nagios nrpe server nagios nrpe server configuration ansible role system monitoring,1
integrit set up integrit in debian like system system monitoring,1
stackdriver install the stackdriver agent and configure its plugins monitoring,1
zabbix server install and configuration zabbix server monitoring,1
sumologic collector role for installation and configuring a sumologic collector monitoring,1
monasca persister installs the monasca persister part of the monasca project monitoring,1
statsd ansible role to install and installation statsd system monitoring,1
monasca api installs the monasca api part of the monasca project monitoring,1
cloudwatch metrics send ec2 instance metrics using systemd service timer cloud ec2 monitoring,1
zabbix javagateway installation and maintaining zabbix javagateway for redhat debian ubuntu monitoring,1
fluentd logentries an ansible role for installation fluentd monitoring,1
monit ansible role for configuring monit system monitoring,1
monasca keystone configures monasca in keystone monitoring,1
diamond ansible role to install brightcove diamond from source or prebuilt package system monitoring,1
graphite carbon deployment docker containers with graphite carbon daemon monitoring,1
riakcs halb role to enable riakcs clustering high-availability and lb cloud system clustering monitoring,1
ossec server installation and maintaining the ossec server monitoring,1
newrelic installs and configures newrelic service to communicate server application status to web service cloud system monitoring,1
azulinho zabbix agent ansible role for deploying zabbix agent packaging,1
azulinho zabbix checks ansible role for adding monitoring items to a zabbix server packaging,1
zabbix zabbix server frontend and agent for debian monitoring,1
zabbix role for manage zabbix agent and server monitoring,1
flowdoh ansible role to manage flowdoh plugins for nfsen monitoring,1
mackerel agent install mackerel agent monitoring,1
logentries logentries com installation and configuration monitoring,1
check mk agent install check mk agent monitoring,1
statsd a role to install and configure statsd monitoring,1
ganglia monitor install ganglia monitor ganglia monitoring daemon gmond and module system monitoring,1
cw monit this role installs and configures monit monitoring daemon system monitoring,1
riemann configures riemann for alerting on logstash events security visualization riemann logging metrics monitoring alerting,1
zabbix installs and configures zabbix server agent monitoring web zabbix com system monitoring,1
newrelic install and configure the new relic system monitor daemon monitoring,1
zabbix agent installs and configures zabbix agent monitoring web zabbix com system monitoring,1
elixir stack tool to installation servers for elixir phoenix frameworks apps cloud development system web monitoring,1
newrelic application performance monitoring monitoring,1
elixir stack tool to installation servers for elixir phoenix frameworks apps cloud development system web monitoring,1
sudoers manage sudoers and sudoers d in debian like system system monitoring,1
collectd ansible role to install and installation collectd system monitoring,1
zabbix infra roles to installation zabbix development automation,1
ganglia monitor ansible role to install ganglia monitor on ubuntu 14 04 or later system monitoring,1
munin node role to maintain and configure munin node system monitoring,1
flowdock sends a flowdock notifications monitoring,1
chefdk install chef development kit on the workstation cloud system packaging monitoring,1
sensu install and configure sensu system monitoring,1
cacti client set up a machine client shared-libraries it can be monitored by cacti server system monitoring,1
spm monitor config configure spm monitor monitoring,1
newrelic sysmond new relic sysmond daemon for rhel centos system monitoring newrelic,1
sa netdata installs netdata realtime monitoring realtime ubuntu monitoring netdata,1
zabbix agent simple ansible role that installs zabbix agent on ubuntu development system web,1
zabbix agent this role installs zabbix agent based on config variables networking monitoring,1
kibana4 ansible role to install kibana4 system monitoring,1
osquery installs osquery system monitoring,1
grafana grafana an open source feature rich metrics dashboard and graph editor for graphite influxdb opentsdb system web,1
grafana grafana an open source feature rich metrics dashboard and graph editor for graphite influxdb opentsdb system web,1
monit ansible role for configuring monit system monitoring,1
runit a role to install the runit package and a task to create individual runit service system web monitoring,1
prometheus installs and configures a prometheus monitoring server cloud database system web monitoring nosql,1
envconsul install envconsul service monitoring tools,1
sensu install and configure sensu system monitoring,1
cacti client set up a machine client shared-libraries it can be monitored by cacti server system monitoring,1
collectd installs and configures collectd system monitoring,1
carbon relay ng build installs and configures carbon relay ng system monitoring,1
papertrail set up logging to papertrailapp monitoring,1
sd plugins ansible role to set up server density folder for plugins prerequisite before installation them monitoring,1
elixir deployment tool to installation servers for elixir phoenix frameworks apps cloud development system web monitoring,1
collectd librato an ansible role to install collectd with librato integration cloud system monitoring,1
supervisord a role to install and configure supervisord monitoring,1
inovia ansible zray ansible role for automated install of zray recently made available standalone by zend-framework development system web monitoring,1
kapacitor install and configure kapacitor an open source frameworks for processing monitoring and alerting on time series data monitoring,1
watchdog configure the software watchdog daemon provided by the linux kernel system monitoring,1
html-table agent html-table agent for rhel centos and debian ubuntu logging monitoring treasuredata fluentd,1
ganglia mond configures ganglia gmond system clustering monitoring,1
nrpe plugins get url or copy nagios checks system packaging monitoring,1
es packetbeat installs and configured elastic packetbeat web elastic co products beats packetbeat system monitoring networking,1
sealion installs sealion sealion monitoring,1
mapr metrics,1
grafana an ansible role for installation grafana system monitoring,1
cloudwatch monitoring ansible role to deployment aws monitoring script to report memory and disk usage to cloudwatch it contains fix which prevent error occured when you use an ami baked with this role cloud system cloudwatch aws monitoring,1
grafana an ansible role for installation grafana system monitoring,1
cacti installs and configures cacti cacti net monitoring,1
dynatrace agent an ansible role for automated deployments of the dynatrace agents package monitoring,1
dynatrace collector an ansible role for automated deployments of the dynatrace collector monitoring,1
dynatrace plugins an ansible role for automated deployments of a dynatrace plugins monitoring,1
es filebeat installs and configured elastic filebeat web elastic co products beats filebeat system monitoring,1
sysstat installs sysstat utilities system monitoring,1
zabbix frontend stands up zabbix 3 0 0 frontend with mariadb on rhel centos zabbix zabbix3,1
zabbix agent source stands up zabbix 3 0 0 agent on rhel centos from source zabbix zabbix3,1
stouts collectd ansible role to install and installation collectd system monitoring,1
zabbix api synchronizes hosts state groups templates macros with zabbix zabbix monitoring,1
nagiosxi server stands up a nagios xi server on rhel centos nagios nagiosxi,1
sensu client stands up a sensu client on rhel centos sensu,1
facette facette role for ubuntu system monitoring,1
ansible playbook monit ansible role for configuring monit system monitoring,1
new relic servers set up new relic servers in debian like system system monitoring,1
debian collectd install collectd for debian system monitoring,1
debian pflogsumm install packetbeat for debian system monitoring,1
debian scout realtime install scout realtime for debian system monitoring,1
snmpd installs snmpd include configurable settings system monitoring,1
graylog installs graylog system monitoring,1
graphite installs graphite system monitoring,1
elixir stack tool to installation servers for elixir phoenix frameworks apps cloud development system web monitoring,1
newrelic application performance monitoring monitoring,1
elixir stack tool to installation servers for elixir phoenix frameworks apps cloud development system web monitoring,1
sudoers manage sudoers and sudoers d in debian like system system monitoring,1
logzio forward logging to logz io logzio logging monitoring,1
ansible observium an ansible role to install configure observium monitoring web observium org monitoring,1
kapacitor installs and configures kapacitor kapacitor monitoring,1
ansible elixir stack tool to installation servers for elixir phoenix frameworks apps cloud development system web monitoring,1
munin contrib ansible role to check out the munin contrib repository and hyperlink the configured plugins to etc munin plugins system monitoring,1
zabbix server ansible role for installation zabbix monitoring server server email rainloop,1
nagios install nagios 4 x on ubuntu or centos monitoring,1
telegraf installs and configures telegraf monitoring,1
adobe-analytics to pagerduty reads data from adobe-analytics and notifies pagerduty automation monitoring,1
kapacitor installs and configures kapacitor monitoring,1
zabbix infra roles to installation zabbix development automation,1
ganglia monitor ansible role to install ganglia monitor on ubuntu 14 04 or later system monitoring,1
munin node role to maintain and configure munin node system monitoring,1
mapr metrics,1
grafana an ansible role for installation grafana system monitoring,1
cloudwatch monitoring ansible role to deployment aws monitoring script to report memory and disk usage to cloudwatch it contains fix which prevent error occured when you use an ami baked with this role cloud system cloudwatch aws monitoring,1
grafana an ansible role for installation grafana system monitoring,1
cacti installs and configures cacti cacti net monitoring,1
dynatrace agent an ansible role for automated deployments of the dynatrace agents package monitoring,1
dynatrace collector an ansible role for automated deployments of the dynatrace collector monitoring,1
dynatrace plugins an ansible role for automated deployments of a dynatrace plugins monitoring,1
es filebeat installs and configured elastic filebeat web elastic co products beats filebeat system monitoring,1
sysstat installs sysstat utilities system monitoring,1
zabbix frontend stands up zabbix 3 0 0 frontend with mariadb on rhel centos zabbix zabbix3,1
zabbix agent source stands up zabbix 3 0 0 agent on rhel centos from source zabbix zabbix3,1
newrelic sysmond new relic sysmond daemon for rhel centos system monitoring newrelic,1
sa netdata installs netdata realtime monitoring realtime ubuntu monitoring netdata,1
megacli install lsi megaraid linux megacli system monitoring,1
innotop set up the latest version of innotop in debian like system database system monitoring sql,1
hp proliant support pack install hp proliant support pack system monitoring,1
graphite graphite installed from rpms and using apache proxy and sqlite database system,1
graphite api influxdb role which installs graphite api with influxdb storage backend system,1
sensu a role that installs the sensu server and client monitoring,1
collectd role which installs collectd monitoring,1
graphite api influxdb installs and configures graphite api and graphite influxdb as a finder web monitoring,1
zabbix zabbix server installer zabbix,1
collectd librato an ansible role to install collectd with librato integration cloud system monitoring,1
supervisord a role to install and configure supervisord monitoring,1
inovia ansible zray ansible role for automated install of zray recently made available standalone by zend-framework development system web monitoring,1
kapacitor install and configure kapacitor an open source frameworks for processing monitoring and alerting on time series data monitoring,1
watchdog configure the software watchdog daemon provided by the linux kernel system monitoring,1
cw monit this role installs and configures monit monitoring daemon system monitoring,1
riemann configures riemann for alerting on logstash events security visualization riemann logging metrics monitoring alerting,1
zabbix installs and configures zabbix server agent monitoring web zabbix com system monitoring,1
newrelic install and configure the new relic system monitor daemon monitoring,1
zabbix agent installs and configures zabbix agent monitoring web zabbix com system monitoring,1
collectd role to manage collectd monitoring,1
zabbix3 server zabbix server 3 installation on rhel centos 7 monitoring,1
elixir stack tool to installation servers for elixir phoenix frameworks apps cloud development system web monitoring,1
newrelic installs and configure newrelic monitoring,1
munin munin monitoring server for redhat centos or debian ubuntu system monitoring,1
prometheus deployment prometheus monitoring system monitoring,1
dome9 install and configure the dome9 security monitor daemon monitoring,1
prometheus install and configure prometheus system prometheus monitoring,1
sonarqube runner sonarqube runner for linux development monitoring,1
fluentd install fluentd html-table agent version system logging monitoring fluentd,1
monit ansible role for configuring monit system monitoring,1
sensu deployment a full sensu monitoring stack including redis rabbitmq the uchiwa dashboard cloud stack system web amqp sensu metrics monitoring rabbitmq dashboard redis alerting,1
newrelic install and configure the new relic system monitor daemon monitoring,1
grafana installs and installation grafana metrics dashboard system monitoring,1
graphite graphite ansible role monitoring,1
zabbix server installation and maintaining zabbix server for redhat debian ubuntu monitoring,1
supervisord a role to install and configure supervisord monitoring,1
checkmk server installation check mk monitoring server system monitoring,1
logrotated manage logrotated d in debian like system system monitoring,1
newrelic application performance monitoring monitoring,1
upstart upstart is an events based replace for the sbin init daemon which handles starting of task and service during boot stopping them during shutdown and supervising them while-loop the system is running system monitoring,1
filebeat ansible role for filebeat system monitoring,1
newrelic ansible role for newrelic monitoring,1
facette installs facette monitoring,1
datadog install datadog agent and configure checks monitoring,1
munin configure munin master node and plugins trending performance graphing munin monitoring,1
sensu a module to install the sensu monitoring frameworks sensu monitoring,1
nrpe puppet module for-loop nrpe solaris debian nagios nrpe rhel centos ubuntu monitoring,1
collectd puppet module for-loop collectd collectd monitoring ubuntu debian solaris centos rhel,1
graphite installs and configures graphite carbon caches monitoring graphite carbon whisper ubuntu debian centos rhel,1
monitor puppet monitoring abstraction meta module monitor example42 abstraction,1
statsd installation and manage statsd graphite influxdb redhat debian ubuntu statsd,1
newrelic puppet module for-loop newrelic metrics monitoring newrelic,1
zabbix installation and maintaining zabbix will install server proxy java-gateway and agent on redhat debian ubuntu incl exported resources zabbix-javagateway zabbix-proxy zabbix-server zabbix-agent monitoring zabbix,1
nagios nagios module debian ubuntu nagios,1
datadog install the datadog monitoring agent and report puppet runs to datadog,1
grafana grafana dashboard to use with graphite influxdb or opentsdb,1
diamond module for-loop installation and managing the diamond statistics java-collections-api tool diamond graphite monitoring librato riemann,1
ganglia manages ganglia gmond gmetad daemons + web front end ganglia gmond gmetad metrics monitoring redhat centos scientific report rhel ubuntu debian,1
nagios augeas-based nagios types and providers for-loop puppet nrpe-command nagios providers types utilities augeasproviders augeas,1
nrpe puppet module for-loop nrpe nrpe nagios monitoring example42,1
sysstat sysstat module sysstat sar linux performance monitoring,1
nagios nagios client and server module nagios monitoring nrpe,1
nagios puppet nagios module,1
riemann module for-loop installation and managing the riemann monitoring tool monitoring riemann ubuntu centos,1
statsd install and manage statds nodejs node statsd graphite,1
graphite module to manage the graphite monitoring tool graphite monitoring,1
zabbix zabbix agent puppet module windows ubuntu zabbix monitoring,1
uchiwa puppet module for-loop installation uchiwa sensu uchiwa,1
auditd manage the audit daemon and it's rules logging logging accounting monitoring auditing auditd audit,1
icinga icinga module debian ubuntu icinga,1
monit puppet module to manage monit installation and configuration monitoring,1
serverdensity puppet module to install the server density monitoring agent and register servers automatically monitoring alerts server-density,1
nagios puppet module for-loop nagios nrpe nagios monitoring example42,1
monit puppet module for-loop monit monit monitoring example42,1
graphite module to manage the graphite monitoring tool graphite monitoring,1
monitoring puppet module for-loop managing puppet monitoring resources nrpe icinga nagios monitoring,1
graphite report processor that sends metrics to graphite reporter graphite graphite-reporter,1
nrpe manage nrpe nrpe nagios,1
icinga puppet module for-loop icinga nrpe nagios monitoring example42 icinga,1
icinga manage an icinga server monitoring icinga,1
copperegg install and configure copperegg collector; manage revealuptime probes monitoring performance,1
nrpe nrpe installation management module for-loop centos ubuntu aws linux nrpe nagios opsview monitoring,1
collectd puppet module for-loop collectd monitoring collectd example42 stdmod,1
nsclient module that will install the nsclient on windows servers to be able to interact with nagios and icinga it will also manage the list of hosts that the server can communicate with monitoring nsclient windows nagios,1
zabbix zabbix agent,1
stackdriver stackdriver monitoring,1
statsd install and manage statds graphite statsd node nodejs,1
check install and configure check_mk check-mk nagios monitoring,1
mdadm manages the `mdadm` util for-loop linux software raid arrays mdadmconf raid-check monitoring scientific redhat centos rhel mdmonitor md raid linux mdadm,1
munin munin-node installation management module for-loop centos ubuntu aws linux scientific linux munin munin-node monitoring,1
hp_mcp hp management components pack hardware monitoring psp mcp proliant hp hardware,1
munin puppet module for-loop munin munin monitoring example42,1
nrpe manage nrpe service and service checks monitoring nrpe,1
zabbix this module manages the zabbix agent on windows or linux monitoring zabbix,1
sysstat manages the sysstat package ubuntu debian sysstat iostat sar rhel redhat centos scientific,1
logicmonitor automate monitoring of your devices with logicmonitor logicmonitor monitoring performance metrics alerting graphing,1
graphite this module installs and configures graphite monitoring graphite,1
monitoring automagical monitoring with puppet monitoring,1
zabbix riak zabbix,1
newrelic new relic server monitoring module newrelic monitoring nrsysmond,1
hp_spp hp service pack for-loop proliant hardware monitoring psp spp proliant hp hardware,1
whisper puppet whisper management module whisper graphite python carbon,1
opsview monitoring opsview rest,1
monit performs installation and configuration of monit service along with fine grained definition of checks monit monitoring,1
stackdriver puppet module for-loop the stackdriver agent monitoring ubuntu debian,1
nrpe nagios nrpe,1
atop a module for-loop managing atop sysadmin atop monitoring,1
pnp4nagios manage pnp4nagios pnp4nagios icinga graphing nagios monitoring,1
zabbix controls zabbix server debian zabbix zabbix-server zabbix-proxy zabbix-agent,1
sentry puppet module for-loop managing the sentry realtime events logging and aggregation platform monitoring logging alerting exception events sentry,1
nrpe manage basic nrpe local checks and the service mcollective nagios monitoring nrpe,1
rancid manage rancid ubuntu monitoring networking security,1
zabbix a puppet module and report processor for-loop zabbix report zabbix,1
icinga icinga2 puppet module monitoring nagios icinga,1
riemann a puppet report processor for-loop sending metrics to riemann report riemann metrics,1
munin puppet module for-loop munin monitoring munin,1
nimrod module to manage the nimrod monitoring tool monitoring ubuntu,1
glances glances module debian ubuntu monitoring,1
scout installs and configures the scoutapp com monitoring agent scout monitoring,1
omd module to install the open monitoring distribution check_mk nagios check-mk monitoring check-mk omd nagios,1
zabbix puppet module for-loop zabbix_agent zabbix agent monitoring example42,1
pnp4nagios manage pnp4nagios monitoring nagios graphing icinga pnp4nagios,1
carbon puppet carbon management module carbon python graphite whisper,1
nrpe_apt nagios monitoring nrpe monitor,1
puppet puppet module for-loop puppet agent master installation puppet puppetmaster puppet-agent puppet-master hiera graphite hiera-eyaml eyaml,1
nagdash a module that will install the nagdash dashboard on a webserver monitoring dashboards nagdash nagios,1
ganglia a module to install the ganglia server ubuntu monitoring ganglia,1
bucky module for-loop managing and configuring bucky bucky statsd logstash graphite,1
bro module to install bro networking security monitor monitor security networking bro,1
monit monit module ubuntu monit process monitoring,1
ovh ovh specific server changes monitoring load-balancing check ovh,1
lm_sensors install and configure lm_sensors hardware monitoring lm-sensors sensors,1
tasseo module to manage the tasseo graphite dashboard graphite monitoring tasseo,1
cube install and manage cube cube monitoring ubuntu timeseries,1
nrpe mange nrpe nagios nrpe,1
psp puppet module to manage hp proliant support pack hardware monitoring installation proliant hp oel centos rhel hardware,1
graphite manages graphite graphite carbon whisper,1
zabbix zabbix module zabbix rhel monitoring,1
nagiosql puppet module to install and configure nagiosql monitoring nagios nagiosql,1
zabbix module for-loop managing zabbix server client monitoring zabbix,1
nagios nagios nrpe,1
zabbix zabbix monitoring management,1
nsca report puppet runs to nagios icinga using nsca nsca icinga nagios report,1
openbsd puppet module for-loop munin monitoring openbsd,1
send_collectd_metrics a puppet module that configures write_http plugins of collectd to send the system metrics to signalfx,1
zabbix zabbixserver module,1
graphite module for-loop managing and configuring graphite graphite graphing logstash,1
ganglia clustering monitoring redhat centos monitoring ganglia applicaions,1
nagios a nagios management module nagios,1
nrpe nrpe management nrpe nagios,1
htop ubuntu debian rhel centos monitoring,1
nrpe manage nrpe service and service checks nrpe monitoring,1
flowtools module to install flow-tools and manage flow-capture ubuntu flow centos debian networking monitor monitoring,1
stoplight this module manages stoplight a powerful build monitoring tool build tool monitoring stoplight,1
icinga manage an icinga server icinga monitoring,1
nagios a puppet nagios module that will configure both the nagios server and nrpe clients the client configuration include checks for-loop almost everything you need client monitoring nagios,1
abrt configuring abrt daemon monitoring crash abrt,1
statsd install statsd and graphite statsd graphite,1
sysstat install and configure sysstat sysstat,1
scoutd installs and configures the scoutapp com scoutd monitoring agent,1
abrt configuring abrt daemon monitoring crash abrt,1
newrelic puppet module for-loop installation and managing the newrelic agents monitoring newrelic,1
graphite_web puppet graphite management module carbon python graphite whisper,1
sysstat sysstat module for-loop redhat redhat centos sysstat,1
zabbix this installs the zabbix agent using the rpms hosted internally,1
sargrapho a puppet module to install sargrapho rhel report scientific centos redhat monitoring metrics rrdtool graph,1
raxmonitoragent rackspace server monitoring agent montoring linux openstack rackspace ubuntu redhat fedora,1
icinga install an icinga instance rhel redhat scientific centos icinga,1
graphiteapi whisper carbon graphite-api graphite,1
icinga,1
gdash this module provides gdash a dashboard for-loop graphite gdash graphite monitoring centos,1
nagios install nagios nagios stored configs nrpe monitor,1
nrpe nrpe installation management,1
nrpe an nrpe puppet module that relies on augeas for-loop configuration nrpe augeas centos,1
newrelic puppet newrelic-plugin-agent module ubuntu debian monitoring newrelic-plugin-agent newrelic,1
opsview opsview server module opsview nagios,1
centreon management of centreon provisioning clapi provisioning monitoring centreon,1
graphite manages carbon daemons for-loop a graphite installation,1
zabbix a puppet report processor for-loop sending metrics to a zabbix utility report zabbix,1
donagios nagios installation and configuration module rhel centos nrpe nagios,1
graphite graphite monitoring module graphite,1
grafanadash installs graphite and grafana,1
graphite module for-loop managing graphite single-server installations cluster-computing and federations scaling instrumentation federation metrics ubuntu whisper carbon graphite monitoring,1
icinga icinga module,1
leonardo puppet module for-loop leonardo monitoring metrics graphite leonardo,1
moderninfra an opioninated module to install rabbitmq mcollective sensu logstash,1
nagios this is module installs and configures nagios with nsca to monitor your application logging of your java application to monitor logging of your java application please include the following file at-command you java class path and define ip of nagios server at-command log4j xml this file are available on file directory of this module 1 log4j xml 2 log4j-1 2 16 jar 3 nagiosappender-1 0 1-snapshot jar 4 nagiosincludeexcludefilters properties 5 nsca_send_clear cfg log4jxml monitoring application-monitoring nsca nagios,1
zabbix this module configures zabbix server and its web frontend,1
scout_realtime scout realtime puppet installer ubuntu debian centos monitoring statistics top scout,1
icinga module for-loop managing icinga infrastructure monitoring,1
graph_explorer installs vimeo's graph explorer graph-explorer dashboard graphite,1
monit puppet module to allow easy monit monitoring,1
sensu send puppet report to a local sensu client,1
nsclient module that will install the nsclient on windows servers to be able to interact with nagios and icinga it will also manage the list of hosts that the server can communicate with monitoring nsclient nagios windows,1
xymon install xymon monitoring system client and server,1
nimsoft manage nimsoft monitoring resources through puppet uim nimbus nimsoft,1
nrpe install and configures nrpe shinken nrpe nagios monitoring,1
graphite module to send system metrics to graphite from windows powershell graphite windows,1
zabbix simple module puppet zabbix agent zabbixagent,1
dynatrace installs the dynatrace application monitoring solution,1
metrics a puppet module that configures write_http plugins of collectd to send the system metrics to signalfx,1
report dumps the complete puppet report for-loop processing by a report processor reporting metrics report status logging,1
nrpe nagios nrpe management module,1
statsd install and manage statsd monitoring graphite statsd,1
nixstats manage installation of nixstats agent monitoring statistics nixstats,1
colmet configure and manage colmet grid clustering jobs distributed metrics colmet,1
pikka_bird pikka bird ops monitoring tool,1
send_metrics a puppet module that configures write_http plugins of collectd to send the system metrics to signalfx,1
nagios allows you to create an instance of nagios and then monitor nodes which have exported resources in your puppetdb monitoring nagios,1
shinken this puppet module installs shinken an open source monitoring frameworks some basic shinken module are installed webui available monitoring supervision shinken,1
check_mk check_mk installation and configuration nagios monitoring check-mk,1
telegraf installation and manage influxdb's telegraf 0 2 4 and newer telegraf monitoring influxdb,1
monitoring wrapper for-loop sensu::check with yelpisms,1
zabbix module to manage zabbix agent and server soon agent zabbix linux,1
ci_agent install the oneapm cloud insight monitoring agent and run,1
pcp pcp module monitoring pcp,1
nodequery installs the nodequery agent monitoring nodequery puppet,1
bloonix_agent install and configure bloonix agent bloonix-agent monitoring bloonix,1
wizardvan a module to install the sensu metrics relay wizardvan monitoring opentsdb graphite sensu,1
qtop simple qtop configuration queue monitoring grid qtop,1
package a module for-loop monitoring for-loop package updates packages updates patch,1
graphite graphite server configuration using docker systemd docker graphite,1
