motd an ansible role for configuring motd system,1
motd handle motd motd system,1
motd dynamic motd system,1
ubuntu awesome motd an awesome motd for your ubuntu box motd ubuntu,1
motd role to manage motd motd system,1
motd customizable message of the day motd system,1
installation installation aliases hostname motd and timezone for rhel centos motd hostname aliases system timezone,1
pre deployment display a message when the deployment starts and set a nice motd pre,1
motd installs motd on debian ubuntu linux servers motd ubuntu debian,1
motd manipulates motd system,1
motd dq2 an ansible role to edit motd to show pixel arts of dq2 character system,1
motd generates motd file system,1
motd set up message of the day motd system,1
bas motd configures the message of the day shown when logging into a machine system,1
motd set up message of the day motd system,1
bas motd configures the message of the day shown when logging into a machine system,1
motd installation your message of the day for your linux boxes development web,1
post deployment display a message when the deployment ends and update the motd post,1
motd a simple module to demonstrate managing etc motd or windows authentication message as a templates testing,1
motd manages the message of the day motd,1
motd manage 'message of the day' via puppet suse centos gentoo debian ubuntu redhat rhel motd fedora,1
motd manage motd motd issue banner,1
motd manages the message of the day puppet motd facter,1
motd motd module debian ubuntu motd,1
motd manages entries in a etc motd file motd,1
updatemotd manage update-motd 5 on ubuntu system ubuntu motd updatemotd,1
motd puppet motd module motd,1
motd simple motd puppet module unix motd,1
motd controls motd file on unix system debian motd,1
motd just my motd module do not use it,1
motd a simple module to demonstrate managing etc motd as a templates motd parameters,1
motd motd module centos motd rhel redhat solaris aix,1
motd a puppet module for-loop motd motd redhat centos ubuntu,1
dynmotd manage a 'dynamic' motd,1
doge doge in your motd motd doge,1
domotd message of the day motd installation and configuration module ubuntu rhel centos status service message-of-the-day motd,1
motd manage the motd message,1
motd detailed motd message of the day module motd,1
motd this is a demo,1
