mysql simple role for installation mysql and setting up database and user database,1
rax magento web master slave database create a rackspace cloud load balancer web rackspace cloud servers master and slaves mysql cloud servers install apache php varnish lsync mysql and install magento at the end cloud database development web rax sql,1
azulinho mysql server ansible role for deployment mysql server packaging,1
mysql this role installs and configures the mysql database sql,1
mysql an ansible role for installation and configuring postgresql client server database,1
mysql ansible role for mysql database ubuntu server database system sql,1
mysql vagrant mysql on vagrant virtualization database development sql,1
mysql install mysql and allow to adjust some mysql settings also allow to create database user and handle privilleges database development system sql,1
mysql build and install mysql database,1
mysql ansible role for mysql database sql,1
mysql install and manage a mysql server database system sql,1
mysqlbackuprestorer quick and easy mysql backup and restore mysql,1
mysql user manages user and database for a mysql compatible database server like mysql galera etc system mysql,1
ansible role mysql mysql server for rhel centos and debian ubuntu database,1
percona ansible playbook to install percona mysql server database percona mysql,1
openapphack php mysql php mysql support for debian ubuntu database web,1
mysql an ansible role that installs mysql on ubuntu specifically created with phansible in mind database sql,1
mysql server install mysql server package database sql,1
sa dev percona toolkit java-collections-api of advanced open source command line tools developed and used by the percona technical staff that are engineered to perform a variety of mysql and system task percona toolkit ubuntu mysql tools,1
mysql mysql server for debian ubuntu database,1
reset mysql root pw this role reset your current mysql root passwords,1
mysql mysql server for debian ubuntu database,1
restore sqldump from s3 an ansible role to restore sql dumps from s3 into mysql database sql,1
mysql installs and configures mysql database sql,1
mysql ansible role for mysql database ubuntu server database system sql,1
kodi mysql configure and install mysql database for kodi system htpc,1
centos7 php instann php56w fpm php56w command-line-interface php56w common php56w gd php56w mbstring php56w mcrypt php56w mysql php56w opcache php56w pdo php56w xml drupal php,1
mysql mysql for debian ubuntu web,1
mysql install and configure mysql or mariadb or percona server on debian mariadb replication database percona debian mysql packaging sql,1
mysql installs mysql role configurable and cacti monitoring options database sql,1
mycli a terminal client for mysql with autocomplete and syntax highlighting database,1
mysql set up a mysql database database,1
mysql client install mysql client and development libraries database development sql,1
mysql ansible role for mysql database sql,1
mysql query contains mysql query module to insert update delete a record in a mysql table database sql,1
superlumic mysql ansible role to installation mysql percona on osx this role is part of the superlumic project that aims to simplify repeat computer setups on osx 10 10 and up system,1
mysql server install mysql server package database sql,1
mysql backup configure mysql backup with xtrabackup and mysqldump database sql,1
xwiki mysql this module should be used to install mysql for xwiki from the set of ansible playbook from git com kanedafromparis the first is ansible xwiki example git com kanedafromparis ansible xwiki example database system sql,1
mysql mysql server for rhel centos and debian ubuntu database,1
mysql ansible role for mysql installation system,1
mysql connector java ansible role for mysql connector j installation system,1
localcloud mysql51compiled this role is created for legacy system that need mysql 5 1 and since it's not available from official repository it will compilation it from sourcecode database development web sql,1
debian mysql install mysql for debian system database,1
mysql mysql server for rhel centos and debian ubuntu database,1
mysql server preconfigured to support emojis and timezone database sql,1
sa mysql alternative fork to mysql with it's own specifics and database engines database ubuntu mysql database,1
mysql hardening this ansible playbook provides security configuration for mysql database hardening security system mysql,1
mysqldump mysql backup using mysqldump,1
mysql ansible role to install mysql database,1
percona mysql ansible playbook to install percona mysql server database,1
percona ansible playbook to install percona mysql server database,1
monasca schema applies monasca schema to influxdb and mysql and creates apache-kafka topics system clustering,1
mysql ansible role to install mysql database development sql,1
mysql mysql server for rhel centos and debian ubuntu database,1
percona mysql install percona server for mysql 5 7 database percona mysql,1
mysql server role for mysql server on osx database,1
mysql install simple role for installation the default version of mysql for ubuntu database mysql sql,1
mysql mysql install and configuration hardening database user system,1
mysql installs mysql database development,1
mysql handle mysql system mysql,1
mysql mysql server for rhel centos and debian ubuntu database,1
mysql manage mysql supports master slave replication installation database sql,1
mysql role to install mysql create database user and handle privilleges database development sql,1
mysql a basic mysql role database sql,1
mysql snapshot role to create and restore snapshots from mysql database they are stered into s3 bucket to allow restores from any server database development sql,1
mysql mysql server for rhel centos 6 x and debian ubuntu database,1
phpmyadmin install and configure phpmyadmin on a mysql database server database system sql,1
mysql mysql database ansible role with user and database creation database sql,1
mysql an ansible role for installation mysql database sql,1
phpmyadmin install phpmyadmin web tool for managing mysql database database development system web sql,1
mysql role for installation and manging mysql mysql dbs and mysql user database,1
common schema set up common schema dba's frameworks for mysql database system,1
mysql set up mysql in debian like system web,1
mysql ansible playbook for mysql database,1
percona mysql an ansible role for percona server mysql database sql,1
mysql mysql server for rhel centos 6 x and debian ubuntu database,1
mysqlbix ansible role for deploying the mysqlbix addon for monitoring mysql with zabbix database zabbix mysqlbix mysql monitoring,1
powerdns an ansible role that installs configures powerdns web powerdns com mysql clustering ready system networking,1
liferay database mysql installs mysql database database sql,1
mysql install mysql installer database,1
mysql mysql server for rhel centos and debian ubuntu database,1
php56 mysql php 5 6 mysql support for redhat centos 6 x database web,1
mysql a mysql server role for elao symfony2 standards vagrant box development web,1
mysql ansible install mysql on an ubuntu trusty server set the default mysql root passwords database development sql,1
mysqlbackup mysql mariadb backup role for rhel centos database,1
mysql mysql for ubuntu 14 04 database sql,1
mysql this role installs and configures mysql for ubuntu trusty 14 04 development system ansidev web,1
mysql ansible script to install mysql over ubuntu server database web mysql sql,1
percona server installation install percona server 5 6 on centos database percona mysql database,1
mysql vhosts ansible role for mysql virtualhost management system,1
percona install and configure percona server database percona debian mysql,1
mysql this role installs mysql on redhat centos and debian ubuntu linux servers mariadb ontic server database mysql,1
mysql role to install mysql database mysql,1
mysql mysql 5 6 provision role mysql centos7,1
powerdns an ansible role that installs configures powerdns web powerdns com mysql clustering ready system networking,1
liferay database mysql installs mysql database database sql,1
mysql mysql 5 x for debian ubuntu redhat centos database web sql,1
ansible jira ansible role to install jira and set up either mysql or postgresql to act as the backend datastore system ubuntu debian jira,1
mysql install and configure mysql or mariadb server on rhel centos database,1
mysql role to install mysql database mysql,1
localcloud mysql this is a simple role to install mysql on ubuntu and manage user no replication or table management here database development web sql,1
mysql this role installs mysql on redhat centos and debian ubuntu linux servers mariadb ontic server database mysql,1
mysqlbix ansible role for deploying the mysqlbix addon for monitoring mysql with zabbix database zabbix mysqlbix mysql monitoring,1
mysql s3 backup mysql to amazon s3 backup amazon backup web mysql aws,1
percona toolkit role to installation the mysql percona toolkit database,1
mysql this role installs and configures mysql for ubuntu trusty 14 04 development system ansidev web,1
mysql ansible script to install mysql over ubuntu server database web mysql sql,1
percona ansible playbook to install percona mysql server database,1
mysql server,1
mysql installs mysql or mariadb database,1
mysql ansible role for mysql database sql,1
mysql manage a simple role for creating either mysql administrators or database owners database mysql sql,1
mysql installs configures and manages the mysql service mysql-database mysql-user mysql-grant mysql database percona mariadb centos rhel ubuntu debian providers,1
mysql puppet module for-loop mysql example42 mysql,1
mysql deployment automysqlbackup via puppet centos mysql ubuntu backup automysqlbackup debian,1
mysql installs the mysql yum repository for-loop enterprise linux rhel centos clients yum repository centos fedora rhel mysql,1
mysql this class runs mysql function from the command line mysql command-line debian ubuntu centos redhat fedora,1
deployment puppet deployment management for-loop applications mysql and postgresql database,1
ezpublish ez publish module ezpublish content-management-system php mysql apache,1
mysql puppet module for-loop mysql community yum repository repository mysql yum,1
mysql hiera backend for-loop mysql data sources hiera backend mysql,1
mysql manage your percona mariadb or oracle mysql applications mysql percona mariadb,1
mysql configures mysql for-loop security hardening mysql hardening,1
percona manage mysql percona server configuration mysql percona hiera,1
xtrabackup configure and schedule mysql backups with percona xtrabackup,1
mysql resources to manage a mysql server installation and its database mysql database,1
atlassian-crowd atlassian atlassian-crowd puppet module atlassian-crowd atlassian ubuntu mysql,1
mysql manage mysql server on osx operating-system x mysql database database osx apple osx,1
innodb_buffer_pool_size adds custom fact to display mysql innodb_buffer_pool_size setting mysql puppetmaster,1
mysql mysql proxy sql firewall puppet module mysql-proxy ubuntu mysql sql firewall mysql-proxy lucid,1
gitlab set up gitlab and mysql on centos rhel centos gitlab,1
percona puppet module for-loop percona percona mysql server,1
innotop innotop 1 8 1 centos debian ubuntu mysql innotop,1
mysql manage amanda mysql-zrm with puppet,1
mysql proxy mysql mysqlproxy mysql-proxy,1
galera install configure mysql with galera database galera mariadb percona mysql,1
mysql mysql master for-loop cloudstackbyikoula instance deployment mysql master replication replicator cloudstack cloudplatform,1
mysql mysql slave replication replicator cloudstack cloudplatform ikoula,1
proftpd puppet module for-loop proftpd + proftpd mod mysql proftpd-mysql proftpd,1
mysql module for-loop mysql nfs wordpress cloudstack by ikoula instance deployment mysql nfs wordpress cloudstack ikoula,1
mysql a puppet module for-loop installation and configuring mysql mysqlserver database database mysql,1
mysql deprecated! use puppetlabs mysql database create install mysql,1
mysql manage your percona mariadb or oracle mysql debian ubuntu apt percona mariadb mysql,1
mysql download and installs mysql's sakila sample database http: dev mysql com doc sakila en database sakila mysql,1
mysql mysql installation and configuration module ubuntu rhel centos mysql mysql,1
mysql a basic types for-loop managing mysql droppod mysql,1
mysql installs configures and manages the mysql service,1
mysql my mysql configuration,1
mha manage mha for-loop mysql install and configuration,1
mysql this module manages the upstream mysql java connector connector j,1
percona_galera a module for-loop installation and configuring percona-galera-cluster percona-cluster mysql,1
redmine multi redmine installation with mysql apache and rbenv redmine,1
