nagios config a role for deploying nagios configuration system monitoring,1
nagios nrpe server installs and configures a nagios nrpe server monitoring,1
nagios nrpe install nagios client nrpe on multi operating-system monitoring,1
nagios install nagios 4 x on ubuntu or centos monitoring,1
nagios nrpe server nagios nrpe server configuration ansible role system monitoring,1
nagios installs nagios web nagios org system monitoring,1
nagios client set up a machine client shared-libraries it can be monitored by nagios server system monitoring,1
nagios server set up nagios in debian like system server side system monitoring,1
nagios plugins percona set up percona monitoring plugins for nagios in debian like system database system monitoring sql,1
nagios plugins hipsaint set up the latest or a specific version of hipsaint in debian like system system monitoring,1
nagios nrpe server nagios remote plugins executor daemon and a few non packaged checks system monitoring,1
nagios a role for installation nagios 4 with pagerduty and ses support system monitoring,1
nagios nrpe server nagios nrpe server configuration ansible role system monitoring,1
nagiosxi server stands up a nagios xi server on rhel centos nagios nagiosxi,1
nagios install nagios 4 x on ubuntu or centos monitoring,1
nagios nagios module debian ubuntu nagios,1
nagios augeas-based nagios types and providers for-loop puppet nrpe-command nagios providers types utilities augeasproviders augeas,1
nagios nagios client and server module nagios monitoring nrpe,1
nagios puppet nagios module,1
nagios puppet module for-loop nagios nrpe nagios monitoring example42,1
nsclient module that will install the nsclient on windows servers to be able to interact with nagios and icinga it will also manage the list of hosts that the server can communicate with monitoring nsclient windows nagios,1
check install and configure check_mk check-mk nagios monitoring,1
omd module to install the open monitoring distribution check_mk nagios check-mk monitoring check-mk omd nagios,1
pnp4nagios manage pnp4nagios monitoring nagios graphing icinga pnp4nagios,1
nrpe_apt nagios monitoring nrpe monitor,1
nagdash a module that will install the nagdash dashboard on a webserver monitoring dashboards nagdash nagios,1
nagiosql puppet module to install and configure nagiosql monitoring nagios nagiosql,1
nagios nagios nrpe,1
nsca report puppet runs to nagios icinga using nsca nsca icinga nagios report,1
nagios a nagios management module nagios,1
nagios a puppet nagios module that will configure both the nagios server and nrpe clients the client configuration include checks for-loop almost everything you need client monitoring nagios,1
nagios install nagios nagios stored configs nrpe monitor,1
opsview opsview server module opsview nagios,1
donagios nagios installation and configuration module rhel centos nrpe nagios,1
nagios this is module installs and configures nagios with nsca to monitor your application logging of your java application to monitor logging of your java application please include the following file at-command you java class path and define ip of nagios server at-command log4j xml this file are available on file directory of this module 1 log4j xml 2 log4j-1 2 16 jar 3 nagiosappender-1 0 1-snapshot jar 4 nagiosincludeexcludefilters properties 5 nsca_send_clear cfg log4jxml monitoring application-monitoring nsca nagios,1
nsclient module that will install the nsclient on windows servers to be able to interact with nagios and icinga it will also manage the list of hosts that the server can communicate with monitoring nsclient nagios windows,1
nagios allows you to create an instance of nagios and then monitor nodes which have exported resources in your puppetdb monitoring nagios,1
check_mk check_mk installation and configuration nagios monitoring check-mk,1
