shorewall6 simple an ansible role to installation and configure a shorewall6 in a simple environment under debian centos based distro's system networking,1
networking qdiscipline enable the fq codel qdiscipline for low latency networking networking,1
hostname set hostname to ansible's inventory hostname cloud system networking,1
prosody setups prosody xmpp xmpp server networking,1
authoritative dns ansible playbook to installation authoritative dns servers bind9 nsd3 system networking,1
tor ansible tor role networking,1
portforward control portforward with iptables for ubuntu 12 04 system networking,1
tahoe lafs ansible tahoe lafs role cloud database system networking,1
ufw rules set uwf uncomplicated firewall rules system,1
ubuntu autosave iptables auto save iptables rules on reboot in ubuntu system networking,1
firewall manages firewall rules using ufw system,1
include pritunl simple pritunl vpn installation with ansible networking,1
quassel core install quassel core chat networking,1
nsd install and configure nsd name server dns networking,1
vim7 4 scrit to installation vim7 4 system web networking,1
selinux disable scrit to disable selinux system web networking,1
question2answer scrit to installation question2answer system web networking,1
denyhosts scrit to installation denyhosts system web networking,1
ruyrybeiro freeradius freeradius 3 installation for pt eduroam system networking,1
named a highly configurable role for bind named versions 9 system,1
iptables iptables configurator for rhel like system system networking,1
nfsen nfsen role networking monitoring,1
firewall simple iptables firewall for most unix like system system networking,1
smartstack an ansible role that installes airbnb smartstack and serf clustering networking monitoring,1
eucalyptus configuredns role to configure eucalyptus dns properties cloud database system ec2 clustering,1
eucalyptus networking eucalyptus networking role cloud system ec2 clustering networking,1
flaskapp ansible recipe to deployment flask application system web networking,1
selinux disable disable selinux and iptables system,1
include pritunl simple pritunl vpn installation with ansible networking,1
common install common system packages development system web networking,1
courier role to handle configuration of courier imap system networking,1
xinetd a basic xinetd role system networking,1
softether server install softethervpn server networking,1
interface an ansible role for configuring different networking interface system,1
suricata an ansible playbook for deploying the suricata intrusion detection system and fetching snort rules with oinkmaster system web networking monitoring,1
iptables iptables configurator for rhel like system system networking,1
eucalyptus configurenetwork eucalyptus role to configure networking post install cloud system ec2 clustering networking,1
iptables persistent an ansible role for installation iptables persistent system,1
flow tools install and configure flow capture from flow tools package system networking,1
openvpn openvpn playbook for centos fedora rhel rhel clones ubuntu debian networking,1
flaskapp ansible recipe to deployment flask application system web networking,1
selinux disable disable selinux and iptables system,1
dnsmasq install and configure dnsmasq to dictionary a tld to localhost development web networking,1
ngircd install ngircd and generate self signed certificate networking,1
cozy install and configure cozycloud system networking,1
nadoka install nadoka networking,1
ufw base ufw firewall installation networking,1
dns zones ansible recipe to generate dns zones from jinja2 templates system,1
dnsmasq role for dnsmasq to support consul dns feature clustering networking,1
fail2ban an ansible role for installation and configuring fail2ban this role enables you to customization your local jail as well as configuring custom filter and action networking monitoring,1
iptables ansible iptables role system,1
phpipam install phpipam an open source ip address manager system networking,1
dns set up dns in debian like system system networking,1
nscd install the name service caching daemon system dns,1
nxos prepare enables nxapi and backs up config to switch-statement and local machine disables nxapi upon completion of playbook networking cisco nxos,1
fedmsg role to manage fedmsg networking monitoring,1
nxos upgrade installs nxos and epld firmware on nexus operating-system devices networking cisco nxos,1
letsencrypt let's encryption for rhel centos and debian ubuntu system web networking,1
unbound installs and configured unbound dns server web unbound net dns networking,1
hostname set hostname and dns system networking,1
ufw ansible role for ubuntu ufw management system firewall,1
spnx cln install sphinx client networking monitoring,1
openapphack firewall simple iptables firewall for most unix like system system networking,1
letsencrypt generated certificate via lets encryption standalone system web networking,1
bind9 install and configure bind9 dns,1
csf ansible role install and configure config server firewall csf from mit-scratch system packaging,1
cloudflare ansible role to service cloudflare web networking,1
hidden service install and configure tor hidden service system web networking,1
firewalld firewalld configuration through variables security system firewall rhel networking centos7 rhel7 centos firewalld networking,1
puppet agent puppet agent system networking,1
snmp ansible role for installation and configuration snmp v3 on installs rhel centos or debian ubuntu system networking monitoring,1
lldpd installs a variant of lldp for easy identification across the networking networking,1
ansible ctdb an ansible role to install and configure ctdb ctdb samba org clustering networking,1
ansible dnsmasq set up dnsmasq in debian like system system dns networking,1
bind role to installation bind berkley internet naming daemon system dns,1
dome9agent dome9 firewall configuration agent cloud dome9agent dome9 firewall monitoring,1
nscd name service caching daemon for rhel centos system dns,1
xinetd extended internet service daemon for rhel centos system xinetd,1
bind ansible role to install bind dns networking,1
ansible insync set up insync in debian like system development system networking synchronization,1
ibvpn installs and configures openvpn to use with the ibvpn service it also installs a squid proxy server for easy use web networking,1
syncthing debian provides syncthing debian packages system networking,1
snort installs and configures snort ids snort org system networking monitoring,1
bind install bind packages bind debian dns,1
firewall simple iptables firewall for most unix like system system networking,1
dnsmasq dnsmasq for osx operating-system x el capitan development system networking,1
php54 php54 for centos rhel development system web networking,1
meatspace chat meatspace chat is a wondrously meaty web chat community this role can deployment your own instance of the meatspace chat server networking,1
exim4 sender exim4 installer based on original version by webbylab system networking,1
relayor an ansible role for tor relay operators ipv6 tor anonymity networking,1
diaspora diaspora open source social networking server federated social diaspora decentralized,1
ferm installs ferm firewall management and configures rules ferm foo projects org security system firewall,1
vsftp install ftp server vsftpd web networking,1
evpn vxlan spine cisco evpn vxlan networking,1
nuage vsc installer deployment nuage networks vsc on a kvm hypervisor networking,1
apf firewall installs and configures apf firewall advanced policy firewall security system,1
ferm ansible role to manage iptables rules with ferm networking,1
ipv6 support enables disables ipv6 support on debian based system system networking,1
bridging create a bridge interface networking bridging,1
interface this role will set local interface configuration on any host input variables can be placed in inventory including routes routes interface system configuration web installation config networking,1
tc samba install and configure tinycore samba server development,1
iptables installs and configures iptables networking,1
lets chat ansible deployment scripting for lets chat made in toronto database system networking nosql,1
rtorrent installs and configures rtorrent networking packaging,1
ovs bridges create ovs bridges and add interface to it cloud system networking,1
openresty configures and installs openresty development web networking,1
selfsign easily generate self signed certificate development system web networking,1
strongswan server strongswan role networking,1
collectd installs collectd and optionally collectd web on rhel centos 7 networking monitoring,1
common ansible role for some basic installation task system networking packaging,1
rhn rhosp cpu-registers to red hat networking and enables repository of rhosp packaging,1
opendaylight ansible role for the opendaylight sdn controller cloud development clustering networking,1
snmpd install and configure snmp service system networking monitoring,1
openvpn 2fa install and installation openvpn with 2fa using google authenticator networking,1
mitmproxy mitmproxy installation development networking monitoring,1
virtualbox set up virtualbox in debian like system development system networking,1
jumpcloud install jumpcloud jumpcloud com active directory and ldap agent networking monitoring authentication,1
panos automation of palo alto networks pan operating-system ngfws networking,1
dnsmasq installs and configures dnsmasq system networking,1
triggers sends command to networking devices using the triggers frameworks networking,1
fastd installs fastd networking,1
h2o install h2o system web networking,1
isc dhcp an ansible role to install configure isc dhcp server s web isc org download dhcp configurable options failover and load balancing ready system networking,1
config interface configures networking interface for either static dhcp or manual ability to create vlan bond and bridge interface as well system networking,1
librenms install librenms an open source networking monitoring system system networking monitoring,1
alfred json installs alfred json networking monitoring,1
autossh tunnel server set up a persistent tunnel using autossh in debian like system server side system networking,1
tinc configure tinc mesh vpn networking system networking,1
openvpn installs and configures openvpn client system,1
ifupdown manage networking interface configuration in etc networking interface system networking,1
coturn install and configure coturn system networking,1
dhcp ansible role for setting up isc dhcp system networking,1
conntrack manage nf conntrack in debian like system system networking,1
networking interface role for system networking configuration system networking,1
centminmod dns verification helper role for testing verifying that individual dns are configured properly on centminmod servers web,1
nothing installs and configures vsftpd networking,1
dnsmasq install and installation dnsmasq server on redhat debian based distributions networking,1
bind bind role for ansible system,1
amule amule for debian based system networking,1
networking this role will assume the configuration of the hosts resolution by modifying the etc hosts definition modifying the etc resolv conf contents system networking,1
iptables installation and config iptables development web,1
hostname set hostname and upates etc hosts system networking,1
ufw installs and configures ufw system networking,1
ansible set up the latest version of ansible in debian like system system networking,1
shadowsocks libev installs shadowsocks libev system networking,1
firewall a role to manage iptables rules which doesn't suck system networking,1
voeventdb installs voeventdb networking monitoring,1
eos bridging role for managing layer 2 bridging configuration arista eos networking,1
eos bgp role for managing eos bgp configuration arista eos networking,1
eos ipv4 role for managing eos ipv4 interface configuration arista eos networking,1
eos routes control role for managing eos routemaps and ipv4 static routing configuration arista eos networking,1
eos vxlan role for managing eos vxlan configuration arista eos networking,1
samba samba role,1
ferm ferm iptables managment system networking,1
ns1 this is a package of all the ns1 module cloud database development system web clustering networking monitoring,1
firewall simple iptables firewall for most unix like system system networking,1
socat set up the latest version of socat in debian like system system web networking,1
vsftpd installs and configures vsftpd on centos rhel 7 system networking,1
cifs server role to install and configure cifs shares using samba system networking packaging,1
dhcp install dhcp and set up the server,1
openvpn openvpn with pki for ubuntu debian security system web cryptography networking,1
bind install and manage bind 9 create slaves automaticly web dns networking,1
bootstrap bootstrap a new server system networking packaging,1
iptables ansible role for configuring iptables for linux system cloud system web,1
ebind9 a role to install and configure isc bind dns name server system web dns networking,1
smbldap tools install and configure openldap for samba on el system,1
cloudflare opengear an ansible module for managing cloudflare dns records cloud web networking,1
firewall install and config iptables iptables firewall,1
ovirt storage add adds storage dns to hosted engine 3 6 ovirt kvm ovirt vdsm,1
port knocking enable port knocking for your server system networking,1
iosxr ansible ios xr device automation tool networking,1
calico configure and run calico networking calico,1
aerospike collectd ansible role aerospike collectd networking monitoring,1
iptables iptables management role for configuring internal external networks iptables firewall networking,1
dns server ansible role for creating a dns server disconnected dns,1
unifi controller rhel unifi controller for redhat centos etc networking monitoring,1
shorewall handle shorewall system shorewall networking,1
hosts updates etc hosts system hosts dns networking,1
openvpn role which helps to install and configure openvpn server system,1
ip an ansible role for using the ip command to manipulate devices policies routing and tunnels networking,1
networking ansible role for configure networking on redhat centos system networking,1
irssi install and configure irssi networking irc,1
rutorrent installs and configures rutorrent web networking,1
dns ansible host for configure dns system networking,1
avahi install and configure avahi zeroconf service networking,1
exim4 sender ansible role for send only exim4 installation on ubuntu server system networking,1
hosts manages etc hosts and etc hostname with templates system networking,1
networking hosts installation etc hosts system hosts networking networking,1
samba install and configure samba 3 file sharing server system,1
google-chrome installs google google-chrome networking,1
eos role for managing arista eos nodes arista eos networking,1
iptables installs and configures iptables system networking,1
freeipa client a role to join clients to an ipa dns system,1
dhcp install and configure isc dhcp server system networking,1
glusterfs glusterfs installation for linux cloud system clustering networking,1
dnsmasq installs dnsmasq configures from simple templates networking,1
fail2ban install and configure fail2ban service system networking,1
letsencrypt installs and configures acme tiny a lightweight let s encryption client system web networking,1
mosh remote terminal application that allows roaming supports intermittent connectivity and provides intelligent local echo and line editing of user keystrokes system networking,1
ufw installs and configures ufw networking,1
openvpn manage openvpn server system networking,1
junos networking build automation of junos devices networking,1
fqdn set fqdn and hostname system networking,1
proxify role for configuring http s networking proxies networking,1
firewall simple iptables firewall for most unix like system security system networking,1
dhcp server an ansible role to installation and configure a dhcp server under debian centos based distro's system networking,1
networking mdns enable mdns zeroconf bonjour avahi hyperlink local hostname look up and service discovery system networking,1
rtorrent ansible role that installs rtorrent libtorrent rakshasa no screen and a dedicated 'rtorrent' user networking,1
inventory hosts add all hosts from ansible inventory to target's etc hosts cloud networking,1
ufw ansible role that installs and configures ufw aka the uncomplicated firewall launchpad net ufw networking,1
nullmailer configures nullmailer in debian like system system networking,1
mumble server ansible role that installs and configures murmur the server components of the mumble voice chat software mumble sourceforge net networking,1
samba samba for rhel centos system networking,1
l2tp ipsec deployment xl2tpd over ipsec for ubuntu 12 04 system networking,1
ufw install uwf uncomplicated firewall system,1
firewall simple iptables firewall for most unix like system system networking,1
iptables manage iptables rules system networking,1
contrail analytics install the analytics node networking,1
iptables manage iptables rules system networking,1
ferm manage iptables using the ferm tool system web networking,1
elkarbackup elkarbackup installation system networking,1
ddclient ddclient is a perl client used to update dynamic dns entries for accounts on dynamic dns networking service provider system networking,1
serf role for serf clustering networking monitoring,1
voipmonitor ansible playbook for voipmonitor networking monitoring,1
hostname set or update the hostname in debian like system system networking,1
fail2ban installs fail2ban system networking,1
utserver install utorrent server web networking,1
snmpd set up snmp d in debian like system system,1
dnsmasq install and configure dnsmasq dns dhcp and pxe tftp service development system packaging,1
nat configure internal networking behind nat masquerade system networking,1
mosh installs mosh system networking,1
openwrt firewall firewall config of your openwrt system system,1
openwrt ddns dynamic dns config of your openwrt system system,1
exim installs and configures exim4 as an internet mailer system networking,1
iptables iptables rules in easy way with specifying ip and port numbers or name system networking,1
common an ansible role for common system configuration system networking packaging,1
tlsdate ansible tlsdate role networking,1
vsftpd installs and configures vsftpd networking,1
radvd manage radvd ipv6 router advertisement daemon system networking,1
subnetwork configure lan with ipv4 nat and ipv6 networking support system networking,1
iptables iptables role system networking,1
iptables an ansible role for installation and configuring iptables this role uses ufw on debian based machines and uses a iptables script for redhat based machines system networking,1
iptables ansible role for iptables system networking,1
firewall simple iptables firewall for most unix like system system networking,1
dokku an ansible role for installation dokku system networking packaging,1
azulinho google dns ansible role for configuring etc resolv conf system,1
znc znc an advanced irc bouncer networking,1
centos common ja scrit to installation japanese environment system web networking,1
s3cmd scrit to installation s3cmd system web networking,1
uwsgi short description system web networking monitoring,1
iptables installs and configures iptables system networking,1
networking interface this is an ansible role that manages networking interface configuration as it is found on debian ubuntu servers system networking,1
cloudflare an ansible module for managing cloudflare dns records cloud web networking,1
exim4 manage a simple exim4 configuration networking packaging,1
iptables iptables role networking,1
fastd installation fastd vpn networking,1
cozy install and configure cozycloud system networking,1
samba this role installs and configures samba as a file server on redhat or debian based linux distros system networking,1
openvpn for access this role provisions an openvpn server this server is not designed for routing all traffic from the client it is for granting access to the server shared-libraries that ssh for example can be allowed only via openvpn networking,1
install asterisk installs uninstalls asterisk from source on centos system networking packaging,1
static routes configures static routes routes networking,1
unbound ansible role for unbound dns server and resolver system networking,1
syncthing install and manages syncthing syncthing net on linux centos cloud networking,1
phpipam an ansible role that installs configures phpipam phpipam net system networking,1
conntrackd installs conntrackd configuration options networking,1
knot high performance authoritative only dns server networking,1
alfred install alfred daemon networking monitoring,1
autossh tunnel client set up a persistent tunnel using autossh in ubuntu system client side system networking,1
ufw high level service based interface for configuring ufw system networking,1
mpd rpi the role for installation and performance mpd on raspberry pi 2 hifiberry dac system networking,1
dhcp dhcp rolse will install dhcp on redhat base system templates does not include all the options but it comes with most common options for dhcp dhcp dhcp,1
dns a nginx reverse proxy based on docker fedora ubuntu debian opensuse arch redhat centos docker,1
shorewall installs and configures shorewall firewall shorewall net security system firewall networking,1
firewall simple iptables firewall for most unix like system system networking,1
suricata installs suricata networking,1
openvswitch ansible role to create ovs bridges add port s to ovs bridges and configure etc networking interface for ovs system networking,1
kvm ansible role to install kvm installs and configures kvm libvirt cloud system networking,1
transmission transmission for debian based system networking,1
tor installs tor with privileged ports networking packaging,1
serverspeeder install serverspeeder networking,1
inadyn install and configure inadyn networking,1
networking basic networking configuration for centos 7 system networking,1
networking interface this is an ansible role that manages networking interface configuration as it is found on debian ubuntu servers system networking,1
eos acl role for managing eos acls arista eos networking,1
dome9 dome9 repository for rhel centos cloud dome9agent dome9 firewall monitoring,1
superslacker ansible role to service superslacker web networking,1
virtualenvwrapper ansible role to service virtualenvwrapper web networking,1
dhclient dhcp client for rhel centos system dhcp networking,1
ansible hipchat set up hipchat in debian like system development system chat networking,1
dropbox set up dropbox in debian like system development system networking synchronization,1
ansible fail2ban set up fail2ban in debian like system system networking,1
suricata installs suricata ids ips role suricata ids org system networking monitoring,1
openvpn openvpn installation for centos 7 networking,1
fail2ban install fail2ban package system networking,1
firewall firewall configuration system networking,1
h2o h2o role for ubuntu web networking,1
bind set up isc bind on rhel centos 6 7 as an authoritative dns server for a single dns master and or slave system dns networking,1
tgt configure iscsi targets using tgt system networking,1
exabgp role to manage exabgp networking,1
prosody installs and configures the prosody xmpp servers a variety of xep module networking,1
openvpn java-collections-api of ansible roles to run openvpn networking,1
shadowsocks installs shadowsocks system networking,1
rtorrent installs and configures rtorrent networking,1
firewall iptables firewall for ubuntu 14 04 system networking,1
tor installs tor with privileged ports networking packaging,1
serverspeeder install serverspeeder networking,1
inadyn install and configure inadyn networking,1
networking basic networking configuration for centos 7 system networking,1
networking interface manage networking interface in debian like system system networking,1
dns join installs and configures pbis open and auto join dns download1 beyondtrust com technical support download powerbroker identity service open edition system,1
rtorrent configures rtorrent networking,1
firewall install firewall router service wich use configurable iptables rules default policy to drop input output forward fork of geerlingguy firewall iptables router firewall networking,1
openssl openssl for ubuntu 14 04 system web networking,1
networking tweaks a role to configure sysctl settings in order to tweak networking performance more optimally system networking,1
comet installs the comet voevent broker comet rtfd org networking monitoring,1
eos mlag role for managing mlag configuration arista eos networking,1
eos system role for managing eos global system configuration arista eos networking,1
eos interface role for managing eos interface configuration arista eos networking,1
eos virtual router role for managing eos virtual router configuration arista eos networking,1
freebsd pf freebsd pf firewall configuration system,1
vsftpd installs and configures vsftpd on centos rhel 7 system networking,1
iodine a role to install and configure an iodine server system networking,1
hostname set hostname and dns system networking,1
tftpd hpa installs and configures tftpd hpa role system networking,1
mesosphere mesos dns mesosphere mesos dns role development,1
pagerduty maintenance windows ansible role to create pagerduty scheduled maintenance windows for service using the api web networking monitoring,1
vsftpd install ftp server vsftpd web networking,1
vsftpd installs and configures vsftpd networking,1
dante compilation install dante from source networking,1
ipredator openvpn client using ipredator service to assist in networking diagnostics system networking monitoring,1
ufw installs and configures ufw uncomplicated firewall on debian system system networking,1
tsocks set up tsocks in debian like system system networking,1
meatspace chat v2 meatspace chat v2 is a wondrously meaty web chat community use this role to deployment your own instance of the meatspace chat version 2 server networking,1
ansible networking interface manage networking interface in debian like system system networking,1
rdma installs and configures rdma system networking,1
exim4 sender ansible role for send only exim4 installation on ubuntu server system networking,1
wlan ap ansible role to set up a wifi access point using networkmanager's nmcli tool on rhel 7 and derivatives like centos 7 networking,1
evpn vxlan leaf cisco evpn vxlan networking,1
openwisp2 deployment and upgrade django netjsonconfig openwisp2 on debian ubuntu system networking,1
iptables role to install and configure iptables firewall on different system supports multiinterfaces configuration iptables system firewall protection net networking,1
resolv an ansible role to configure etc resolv conf dns dns system,1
murmur ansible role that installs and configures murmur on debian mumble voice chat software mumble sourceforge net networking,1
debian bind install bind for debian system system,1
debian ferm install ferm for debian system networking,1
iptables an ansible role to manage iptables firewall security system,1
phpipam an ansible role that installs configures phpipam phpipam net system networking,1
conntrackd installs conntrackd configuration options networking,1
knot high performance authoritative only dns server networking,1
alfred install alfred daemon networking monitoring,1
autossh tunnel client set up a persistent tunnel using autossh in ubuntu system client side system networking,1
opendaylight ansible role for setting up opendaylight cloud networking,1
dhcp ansible role for setting up isc dhcp system networking,1
iptables simple iptables firewall for most unix like system security system networking,1
networking handle networking hosts resolver and interface system networking,1
mattermost mattermost installation and configuration cloud web collaboration networking,1
bind handle bind bind system,1
firewalld this role ensures firewalld is installed and enabled security system operating-system firewall,1
teamviewer teamviewer networking,1
sshd sshd networking,1
dhcp dhcp rolse will install dhcp on redhat base system templates does not include all the options but it comes with most common options for dhcp dhcp dhcp,1
dns a nginx reverse proxy based on docker fedora ubuntu debian opensuse arch redhat centos docker,1
shorewall installs and configures shorewall firewall shorewall net security system firewall networking,1
evpn vxlan leaf cisco evpn vxlan networking,1
openwisp2 deployment and upgrade django netjsonconfig openwisp2 on debian ubuntu system networking,1
superslacker ansible role to service superslacker web networking,1
virtualenvwrapper ansible role to service virtualenvwrapper web networking,1
dhclient dhcp client for rhel centos system dhcp networking,1
ansible hipchat set up hipchat in debian like system development system chat networking,1
dropbox set up dropbox in debian like system development system networking synchronization,1
ansible fail2ban set up fail2ban in debian like system system networking,1
eos interface role for managing eos interface configuration arista eos networking,1
eos virtual router role for managing eos virtual router configuration arista eos networking,1
newrelic software analytics for better app performance customer experience business results cloud database system web networking monitoring,1
udev rename netiface creates udev rules to rename networking interface system,1
pritunl a role for the pritunl vpn server networking,1
openvpn openvpn compiled from source security networking,1
haproxyctl set up the latest version of haproxyctl in debian like system system web clustering networking monitoring,1
mesosphere mesos dns mesosphere mesos dns role development,1
pagerduty maintenance windows ansible role to create pagerduty scheduled maintenance windows for service using the api web networking monitoring,1
vsftpd install ftp server vsftpd web networking,1
vsftpd installs and configures vsftpd networking,1
dante compilation install dante from source networking,1
ipredator openvpn client using ipredator service to assist in networking diagnostics system networking monitoring,1
ufw installs and configures ufw uncomplicated firewall on debian system system networking,1
tsocks set up tsocks in debian like system system networking,1
snmpd install and configure snmp service on archlinux system networking monitoring,1
static routes configures static routes routes networking,1
unbound ansible role for unbound dns server and resolver system networking,1
syncthing install and manages syncthing syncthing net on linux centos cloud networking,1
dnsmasq installs dnsmasq and proxies through to consul and marathon dns development,1
sshd sshd networking,1
iptables installs ufw and configures iptables firewall rules security installer ops system,1
firewall simple iptables firewall for most unix like system system networking,1
freebsd pf freebsd pf firewall configuration system,1
bind ansible role for bind installation and configuration system networking,1
curl install curl curl haxx se in a cross platform way networking,1
openvpn installs and configures openvpn networking,1
common common role for prepair machine system networking packaging,1
shorewall simple an ansible role to installation and configure a shorewall in a simple environment under debian centos based distro's system networking,1
syncthing install and manage a syncthing node networking,1
letsencrypt installs and configures acme tiny a lightweight let s encryption client system web networking,1
networking interface role for system networking configuration development system networking,1
tcpwrappers manage host access rules in etc hosts allow deny system networking,1
firewall simple firewall for debian ubuntu with ufw fail2ban fail2ban iptables security system firewall ufw networking,1
etc service manage service definitions in etc service system networking,1
openvpn install openvpn for us with aws bastions development,1
tinc configure tinc mesh vpn networking vpn networking tinc,1
fail2ban install and configure fail2ban system web networking,1
fail2ban set up fail2ban in debian like system system networking,1
cumuluslinux roles and module for managing cumulus linux networking,1
unbound ansible role for unbound dns server and resolver system networking,1
samba installs samba on debian ubuntu linux servers ubuntu debian samba,1
ufw set up ufw in debian like system system firewall networking,1
ifupdown manage networking interface configuration in etc networking interface system networking,1
ferm manage iptables firewall using ferm system networking,1
firewall manage the iptables rules system networking,1
node installs the nodesource node javascript binary packages development web networking packaging,1
hubot role for hubot a delightful chat bots networking,1
nettools installs a bunch of networking tools development,1
firewall manages firewalls such as iptables iptables security firewall iptables archlinux redhat centos debian ubuntu,1
xinetd configures xinetd and exposes the xinetd::service definition for-loop adding new service xinetd centos rhel debian ubuntu,1
glusterfs glusterfs module rhel centos networking glusterfs,1
dns manage the isc bind daemon foreman isc bind dns named,1
dhcp manage the isc dhcp daemon dhcp foreman isc dhcp,1
snmp simple networking management protocols is for-loop monitoring networking and computer equipment net-snmp implements v1 v2c and v3 on both ipv4 and ipv6 net-snmp snmp monitoring,1
dnsmasq centos debian ubuntu networking redhat dns dhcp dnsmasq fedora,1
networking manage redhat traditional networking configuration via static and dhcp configuration of normal and bonded interface as well as bridges and vlans networking networking,1
networking manage non-volatile networking configuration networking interface network-scripts config,1
ufw puppet ufw module ubuntu security firewall ufw,1
iptables this module installs and manages iptables check readme rdoc for-loop details puppi is required for-loop some common functions: you can install them without using the whole module,1
dnsclient manage resolver networking dns resolver,1
bind bind dns server module bind dns named,1
firewall puppet firewall abstraction meta module firewall example42 abstraction,1
resolvconf manage resolvconf for-loop ubuntu networking ubuntu resolvconf,1
debnet puppet module to manage etc networking interface file on debian based linux system bonding bridge ifdown ifup interface networking,1
fail2ban puppet module for-loop fail2ban iptables ban block security logging inspection application example42 command-line-interface netmanagers,1
samba samba module nmdb smbd smb samba3,1
networking example42 networking module networking redhat debian ubuntu example42 stdmod,1
openvpn openvpn server puppet module vpn openvpn,1
vsftpd vsftpd ftp server centos networking rhel ftp debian ubuntu,1
bind isc bind name server nsupdate bind dns dnssec,1
hosts manages host entries operating-system networking operatingsystems hosts,1
lokkit use lokkit to manage the iptables firewall more convenient than working with iptables directly centos iptables rhel firewall fedora lokkit system-config-firewall,1
ipfilter puppet module for-loop ipfilter on solaris solaris ipfilter firewall,1
openconnect cisco openconnect vpn client openconnect ubuntu cisco vpn,1
dhcp manage the isc dhcp daemon dhcp,1
dnsmasq puppet dnsmasq management module dns dhcp dnsmasq ubuntu debian ipv4 ipv6 redhat freebsd centos rhel,1
dns query function for-loop dns dns function query dnsquery function,1
resolvconf etc resolv conf module resolvconf rhel centos dns debian ubuntu gentoo,1
bind camptocamp bind module bind named dns concat,1
unbound puppet unbound management module dns unbound,1
resolver puppet module for-loop resolver resolver dns example42,1
samba module for-loop provisioning samba centos smb samba networking fileserver ubuntu,1
dhcp camptocamp dhcp module dhcp dhcp networking isc-dhcp-server debian,1
firewall puppet module for-loop firewalld fedora ebtables ip6tables iptables firewall,1
rhel configure red hat enterprise linux specific file and service firewall iptables ip6tables epel yum rpm,1
firewall module that will manage the windows firewall and it's exception windows firewall,1
dns module for-loop provisioning dns bind9 name dns bind9 server dns bind networking ubuntu,1
firewall module that will manage the windows firewall and it's exception,1
netstdlib a java-collections-api of networking function and facts,1
netdev_stdlib_eos netdev providers for-loop arista eos networking eos netdev arista,1
boundary boundary meter module networking boundary bprobe probe,1
junos junos provider code for-loop networking device netdev std library networking juniper netdevops junos,1
ad puppet module to install and configure a windows dc 2012 r2 and manipulate object in active directory windows ad active directory server 2012 r2 install configure dc dns controller forest user ou organisational unit account group groupmember,1
firewall configure firewalld zones service and rich rules firewall firewalld,1
std types definitions for-loop networking device netdev library networking netdevops,1
rhel snmp monitoring rhel,1
ipaddress camptocamp public_ipaddress module ipaddress networking facter facts,1
firewall add autorequire to puppet labs' firewall module firewall,1
resolv manage etc resolv conf on linux servers etcresolvconf linux rhel centos resolver networking,1
netapp netapp networking device support for-loop puppet netapp device storage networkdevice,1
networking puppet networkmanager module nm manager networking network-manager networkmanager,1
avahi install avahi packages and service avahi messagebus dns mdns bonjour zeroconf,1
smokeping smokeping module for-loop master slave or single instance ping rrdtool networking monitoring,1
std provider definition for-loop implementing networking device netdev library for-loop mellanox operating-system mlnx-os netdev mellanox mlnxos switch-statement networking l2 l3 interface vlan lag lacp port-channel switch-networking,1
std types definitions for-loop networking device netdev ospf library netdev ospf routing protocols l3 interface area router routes,1
iptables manage iptables allow and deny rules centos iptables security firewall rhel,1
membership module for-loop managing ad dns membership of windows system active-directory ad dns,1
iptables iptables management firewall security iptables,1
openvpn puppet powered openvpn openbsd vpn openvpn freebsd debian,1
dhcp install enable and configure a dynamic host control protocols dhcp server dhcp dhcp,1
pdns powerdns nameserver or resolver centos dns rhel powerdns,1
networking puppet networking module networking,1
snmp_rhel snmp rhel,1
openvpn install enable and configure openvpn servers and static clients networking vpn security openvpn,1
dhcp module for-loop provisioning dhcp isc-dhcp-server dhcp dhcp networking ubuntu,1
dns module for-loop provisioning dns bind9 ubuntu networking bind dns server bind9 dns name,1
net_share windows networking share module samba windows networking share smb cifs,1
samba module managing samba including samba as a ad dns controller directory active ad dc controller dns smb cifs fileserver samba,1
gentoo general gentoo linux configuration gentoo networking misc,1
firewall puppet windows firewall module,1
dns puppet dns types dns aws route53,1
shorewall shorewall firewall debian ubuntu shorewall firewall,1
tinc puppet module for-loop tinc tinc vpn example42,1
disk configures disk parameters bind disk,1
openvpn this module installs configures and manages the openvpn service openvpn,1
syslogng manage syslog-ng configuration syslog-ng logging networking monitoring syslog logging,1
ddclient puppet module for-loop ddclient command-line-interface example42 deployment application ddns dynamic dns netmanagers,1
nsd manage nsd authoritative name server networking zonefile bind dns nsd,1
ipset ipset module centos networking iptables security rhel firewall ipset,1
glassfish a resources types to manage glassfish dns system-properties jdbc-connection-pools and jdbc-resources and application deployment webservers web java web-applications glassfish asadmin,1
samba puppet module for-loop samba samba example42 fileserver,1
powerdns module for-loop managing powerdns debian ubuntu dns powerdns,1
radvd simple puppet radvd management module radvd ipv6 debian ubuntu networking,1
xinetd xinetd module for-loop puppet suse debian xinetd freebsd,1
fail2ban iptables security fail2ban,1
xinetd install enable and configure xinetd and xinetd-based service xinetd,1
gdnsd gdnsd authoritative-only dns server module centos networking dns rhel gdnsd,1
nsd puppet nsd management module openbsd dns,1
openvpn puppet module for-loop openvpn openvpn example42,1
dnsmasq puppet module for-loop dnsmasq dns hosts dhcp tftp bind application deployment example42 command-line-interface netmanagers,1
snmp basic snmpd config for-loop rh $::osfamily redhat snmpd snmp,1
csync2 csync2 clustering file synchronization module rhel centos csync2 clustering xinetd,1
xinetd puppet labs now maintains this module use puppetlabs xinetd networking xinetd service,1
networkdevice networking device extensions for-loop cisco cisco networkdevice device networking,1
hostint host interface facts duplex dns networking interface,1
dhcp puppet module for-loop dhcp dhcp example42,1
firewall a module to provide the nessasary class required by puppetlabs firewall iptables firewall,1
winbind puppet module to add linux machines to a windows dns using winbind winbind samba,1
libvirt puppet module to install libvirt and create virtual dns configuration virtualization drbd kvm libvirt,1
netdev types definitions for-loop networking device netdev standards library,1
mutual networking security,1
firewall module to the windows firewall windows firewall,1
dhcp an isc-dhcpd module isc-dhcpd dhcp,1
name_service types provider to manage system name service configuration nsswitchconf name-service nameservice nsswitch passwd group file ldap lookup dns,1
firewall a puppet module to replace firewalld with iptables firewall iptables firewalld,1
racoon racoon ike server vpn ipsec racoon ubuntu debian,1
bind bind dns,1
nsd3 manage nsd3 nsd debian dns hiera,1
firewall iptables security firewall,1
pdns installs powerdns and puppetdb backend powerdns dns puppetdb,1
iptables puppet iptables module for-loop linux firewall management iptables linux firewall fedora ubuntu debian hiera,1
dhcp controls dhcp server debian dhcp dhcp,1
networking ubuntu networking,1
xinetd puppet module for-loop xinetd xinetd,1
quagga quagga routing server module rhel centos ospf networking,1
glassfish a plugins to manage glassfish instalation and dns system-properties jdbc-connection-pools and jdbc-resources and application deployment glassfish ubuntu debian server java java-ee,1
interface manage the ` etc networking interfaces` file via puppet debian dhcp networking interface static,1
dhcp puppet dhcp module for-loop ubuntu aws dhcp ubuntu ec2,1
bind manage bind and its master dns zones networking bind dns initr,1
networking module for-loop provisioning physical networking interface ifconfig networking interface networking ubuntu,1
openvpn controls openvpn server and clients debian openvpn,1
openswan openswan installation and configuration + site to site vpn creation,1
vnstat a module for-loop vnstat linux networking vnstat,1
solarisnic interface solaris networking routes,1
samba configure samba global paramaters and shares samba,1
samba controls samba server debian samba fileserver ldap,1
lldp configure openlldp or lldpd as appropriate freebsd ubuntu debian lldpd openlldp networking discovery,1
ucarp ucarp management module rhel redhat scientific networking ucarp virtual ip,1
allknowingdns puppet allknowingdns module dns reverse ipv6 ipv4 all-knowing-dns,1
ucarp centos networking virtualization ucarp,1
bind puppet module for-loop bind bind9 dns nameserver example42 dns name server,1
bind controls bind9 server debian bind bind9 dns,1
dns manages local dns resolution and configures bind as a forwarding dns server bind dns,1
nordicedgeotp install the nordicedge otp server and manage its configfile redhat otp nordicedge mcafee centos rhel applications vpn networking security,1
openvpn openvpn ssl ssl based vpn,1
lokkit networking security,1
eos arista networks types and providers for-loop configuring eos devices eos arista netdev networking,1
dynect puppet dynect module dns dynect,1
dhcp dns dhcp,1
samba samba module for-loop puppet ubuntu centos linux samba,1
conntrackd manages conntrackd service debian ubuntu networking iptables security firewall networking linux conntrack netfilter,1
udevnet udev persistent networking names with puppet gentoo networking udev macaddress,1
networking networking routes and interface,1
dns module for-loop provisioning dns bind9 bind9 dns networking ubuntu,1
firewall digital ocean firewall configuration cloudflare digitalocean firewall,1
netscaler enables puppet configuration of citrix netscaler devices through types and rest-based providers loadbalancer networking netscaler,1
cisco cisco puppet providers and types for-loop nx-os devices networking nx-os nxos cisco,1
susefw susefirewall2 module susefirewall2 suse firewall iptables opensuse sles,1
ipcalc ip cidr netmask networking and broadcast calculator function,1
networking configure basic networking fedora 18 networking fedora,1
xinetd xinetd management xinetd,1
djbdns dns djbdns,1
openvpn ubuntu openvpn,1
unbound the unbound module manages unbound openbsd unbound dns,1
docsf configserver firewall and login failure daemon installation and configuration module csf firewall configserver rhel centos,1
knot manage and configure knot dns networking dns knot,1
snmp snmpd rhel snmp,1
dns module for-loop provisioning dns bind9 creating dynamic dns records automatic creation of zones acls etc bind bind9 dns,1
strongswan module to configure strongswan ipsec vpn centospe,1
bind debian bind dns,1
network_address_functions cidr networking,1
hostapd puppet powered wireless networking management,1
cjdns this module installs and configures cjdns networking,1
firewall unified firewall management for-loop windows linux osx operating-system x,1
gvpe gnu-vpe module for-loop puppet to pnp vpn networking,1
tmux ubuntu debian rhel centos session networking,1
openvpn puppet module: openvpn server on ubuntu server openvpn ubuntu,1
android_ec2_vpn l2tp ipsec psk vpn server for-loop single android user xl2tpd racoon l2tp ipsec vpn ec2 android,1
secureapp this module provides a facility to manage iptables rules from tufin secureapp applications firewall security iptables,1
ddclient ddclient module for-loop puppet ddns ddclient dynamic dns dyndns easydns,1
shorewall shorewall puppet module firewall shorewall puppet module,1
iproute2 puppet module to manage etc iproute2 configurations rt-tables iproute iproute2 networking,1
ovhipfailover networking interface and ovh ip failover puppet module high-availability failover ovh redhat networking,1
ec2hostname a module to register ec2 nodes in an internal route53 zone dns ec2,1
arpwatch arpwatch module linux networking arpwatch,1
rdp puppet module to enable disable remote desktop and rdp networking level authentication rdp,1
bind puppet module for-loop bind,1
dnscache module for-loop installation dnscache from d j bernstein's djbdns djbdns dns dnscache,1
quagga forked fromtuxmea puppet-quagga routing networking quagga bgpd,1
bind yet another isc bind module,1
xl2tpd xl2tpd l2tp server vpn xl2tpd ubuntu debian,1
vmail manage email configurations alias forward dns user virtual mta email relay,1
bindrecords manage bind records dns nsupdate named bind,1
dns simple puppet module to manage dns bind on centos dnsjcallescentos,1
ipset linux ipsets management iptables firewall linux ipset,1
manualdns tiny puppet module for-loop manually setting dns servers,1
firewall a module to set up a basic firewall on an aws instance,1
firewall manages susefirewall2 in etc sysconfig susefirewall2 firewall suse susefirewall2,1
dhcp simple provisioner for-loop the isc dhcp daemon,1
dhcp manage the isc dhcp daemon,1
openswan installs and configures an openswan vpn server for-loop use for-loop ios and osx devices vpnserver vpn openswan,1
winsnmp manages snmp configuration under windows snmp windows,1
vzctl installs vzctl userspace tools and set networking configuration,1
lacp configures and managed lacp bonded networking interface,1
networking example42 networking module,1
triggers puppet module to download install and configure triggers http: triggers rtfd org a networking automation toolkit,1
avahi install avahi and manage mdns configuration avahi mdns dns,1
bind panaceya bind module,1
strongswan nextdoor strongswan management module vpn openswan tunnel vpc swan strongswan,1
subscription this module provides custom providers for-loop redhat networking registering rhsm subscription-manager satellite katello redhat,1
winbind single sign on between active directory and rhel centos servers using samba winbind,1
l23network puppet module for-loop configure networking features,1
dnsupdate update active directory dns from linux clients pointers a nsupdate dns,1
joindomain join windows machine to active directory dns windows,1
samba simple module puppet samba samba,1
cobbler module manages cobbler: linux installation server that allows for-loop rapid installation of networking installation environments,1
opendaylight puppet module that installs and configures the opendaylight sdn controller controller networking sdn odl opendaylight,1
resolv a module to populate etc resolv conf resolvconf dns,1
firewall puppet module that simplifies firewall configuration and enables rules to be defined in hiera,1
resolv rentabiliweb resolv conf module rentabiliweb dns resolver resolvconf resolv puppet,1
bind dns bind named config management dns named bind,1
openvpn install and configure openvpn clients,1
fail2ban manage fail2ban bruteforce protector firewall bruteforce iptables fail2ban,1
authbind allows non-privileged user on debian boxes to bind to ports below 1024 ubuntu authbind,1
firewall this is a puppet firewall module,1
speedychains a companion module for-loop puppetlabs-firewall that generates huge iptables chains and applies them in seconds,1
networking configure various networking aspects interface etc interface networking,1
gai manage the configuration of the default address selection for-loop ipv6 ipv6 ipv4 dns,1
networking configure networking settings,1
hiera utilize hiera hierachies and default resources parameters for-loop dry networking device configuration netdev hiera device,1
ldap2zone a module for-loop managing ldap2zone ldap2zone ldap bind,1
nscd_lean a super-lean nscd installation to boost dns client performance caching dns nscd,1
iptables safely manages iptables firewall rules firewall iptables simp,1
iptables flexible iptables management firewall iptables,1
endpoint xinetd plain http endpoint that exposes a json blob of class from the puppetmaster api - or any other python-requests,1
profiles module to manage the puppet 'implementation layer' dnssec dns zabbix ssh layer abstraction profiles linux,1
dnssec module to manage dns using chroot and sign dnssec zones chroot bind dnssec dns linux,1
