nfs nfs installation and installation system,1
nfs configure nfs server system,1
nfs nfs installation for linux system,1
nfs client ansible role for nfs client system,1
htpc nas share htpc media folders over nfs cifs and afp system htpc,1
nfs nfs installation for linux system,1
nfs install and configure nfs server client on debian system exports debian nfs,1
nfs nfs installation for linux system,1
nfs nfs server client system nfs,1
nfs nfs installation for linux system,1
nfs this role installs nfs on redhat centos and debian ubuntu linux servers ontic shared system nfs storage,1
efsawsmount install nfs utils nfs common and mount aws efs aws,1
hpc wn role a raw worker node role for natted hosts this role set up the private networking for the host configures default routes and mounts certain nfs shares,1
nfs installs and configures nfs on rhel centos or debian ubuntu nfs filesystems networking,1
nfs client role for running nfs clients development,1
nfs installs and configures nfs client and or server cloud,1
mapr nfs,1
nfs nfs installation for linux system,1
mapr nfs,1
nfs installs and configures nfs client and or server cloud,1
nfs nfs installation for linux system,1
nfs nfs installation for linux system,1
nfs nfs client and server module nfs centos debian ubuntu rhel nfs4 sles,1
nfs installs and configures nfs server and clients,1
types puppet module to manage default types through hash in hiera types nfs mount,1
mounts the mounts module will help manage mount points on linux system extjs nfs linux fstab mount,1
nfs puppet nfs module centos redhat ubuntu debian nfs,1
nfs manage nfs nfs rpcbind idmap,1
nfs puppet module for-loop nfs nfs example42,1
nfs installs and configures nfs server and clients mfc mount exports nfs4 nfs,1
rpcbind manage rpcbind rpcbind nfs,1
nfs nfs client and server,1
nfsclient nfs networking service,1
nfs nfs management nfs rhel,1
autohome automount home dir nfs automount home,1
mailman mailman module for-loop redhat fedora centos scientific debian and ubuntu supports hiera parameters binding tested with nfs and selinux centos ubuntu debian rhel redhat mailman email,1
nfs module to install nfs storage nfs,1
cachefilesd module to control and configure cachefilesd linux nfs caching cachefilesd,1
nfs manage nfs mounts and exports,1
nfsserver puppet module to manage an nfs server nfs openbsd,1
nfs simple nfs client and server configuration nfs,1
fstab a lightweight puppet module for-loop managing fstab mounts and server exports nfs mount mounting fstab,1
nfs configure and manage nfs client and or server nfs,1
