nginx a role to install and configure nginx web,1
nginx rails a basic role to install nginx and vhost installation for rails web,1
nginx extras install nginx extras web,1
web role to manage a simple web server with nginx and php development web,1
wsgi deployment wsgi application uwsgi nginx system,1
railsbox nginx server installation nginx server web,1
nginx an ansible role for installation and configuring nginx from a ppa web,1
nginx uwsgi supervisor an elegant nginx uwsgi and supervisor ansible role development web,1
nginx installs nginx system web,1
djangoapp install minimal django app served by gunicorn application server behind nginx reverse proxy on centos development web,1
nginx passenger install nginx with passenger on debian ubuntu development system,1
nginx nginx installation for linux unix development web,1
nginx passenger set up nginx and passenger from phusion apt repository system web,1
nginx unicorn nginx installation with unicorn integration system web,1
nginx html5boilerplate ansible role based on the html5boilerplate nginx config web,1
djangoapp still in alpha deploys one or more django apps ontoa server with gunicorn nginx upstart web,1
hhvm install hhvm for nginx web,1
provision debian nginx install nginx from mainline ppa to debian ubuntu hosts system,1
nginx nginx for debian proxy nginx web http http2 ssl https cdn ssl,1
nginx ansible role for nginx nginx passenger module management web,1
sa ruby chruby ruby install nginx passenger sample application chruby nginx ubuntu phusionpassenger ruby,1
sa nginx basic role for nginx based deployments nginx ubuntu,1
nginx handle nginx nginx web,1
centos7 nginx installs latest nginx version using packages directly from nginx org on centos 7 development web,1
nginx ansible role installs and configures nginx forked from jdauphant web,1
php7 deployment php 7 php fpm for nginx on ubuntu and centos forked from itcraftsmanpl php7 nginx web php php7,1
openapphack nginx nginx installation for linux unix development web,1
wsgi deployment wsgi application uwsgi nginx system,1
nginx configure nginx devuan,1
nginx installs and configures nginx web server system web,1
nginx this role installs and configures nginx for ubuntu trusty 14 04 development system ansidev web,1
nginx install and configure nginx system,1
nginx ansible role nginx,1
nginx ansible role to install and manage nginx configuration web,1
nginx this role installs and configures nginx system,1
nginx install nginx package nginx web debian,1
nginx nginx installation for linux unix development web,1
nginx installation install nginx on centos server nginx,1
nginx install and manage nginx and the vhosts web,1
site generate website configurations for use with nginx soon others like apache site website apache nginx,1
nginx drupal ansible role to configure nginx for running drupal system drupal web,1
freebsd jailed wordpress provides a jailed wordpress server cloud nginx ec2 iocage wordpress jails freebsd,1
django deployment django over server with nginx uwsgi and supervisor database system web monitoring sql,1
nginx an ansible role for installation nginx development web,1
dynatrace nginx agent an ansible role for automated deployments of the dynatrace agent for nginx monitoring,1
nginx role to install nginx nginx webserver,1
nginx nginx ansible role used by temelio company system web,1
nginx this role will install and configure nginx web server on desired host proxy system nginx web net webserver networking,1
nginx common an ansible role common configuration for nginx system,1
nginx ansible role for installation configuring and administering nginx instances and sites development web,1
nginx nginx http server for ubuntu 14 04 web,1
nginx unicorn nginx installation with unicorn integration system web,1
nginx vhost undefined allow nginx to silently block http python-requests when a host header is not present security nginx,1
nginx nginx is an http and reverse proxy server a email proxy server and a generics tcp proxy server web,1
nginx install nginx system,1
nginx install and configure nginx from source supports a large numbers of optional module including passenger and geoip web,1
osx nginx nginx for osx operating-system x via homebrew development system packaging,1
nginx nginx role for centos,1
nginx nginx is an http and reverse proxy server a email proxy server and a generics tcp proxy server web,1
nginx nginx installation for linux unix development web,1
puppetmaster install and configure puppetmaster unicorn and nginx system,1
nr plugins nginx install and configure official nginx plugins for newrelic system web monitoring,1
nginx installs and configures nginx web,1
nginx ansible role install nginx,1
nginx install and configure nginx web,1
nginx vhost nginx virtual host configuration,1
nginx ssl install and manage nginx configuration web,1
localcloud nginx this role will install nginx and allow you to easily manage your virtual hosts via yaml config offering extensibility of applying configuration templates comes with simple virtual host templates as well as ones for common app deployments such as symfo development system web,1
nginx nginx is an http and reverse proxy server a email proxy server and a generics tcp proxy server web,1
nginx nginx installer nginx web,1
nginx nginx installation for linux unix development web,1
nginx source build nginx from source development system web,1
nginx nginx provision role nginx centos7,1
debian nginx install nginx for debian system web,1
nginx simple nginx deployment nginx web packaging,1
nginx containers ansible role to manage nginx containers containers nginx configuration docker,1
nginx install and config nginx nginx web,1
hosting manager ansible playbooks for install nginx tengine php7 hhvm php mysql percona on ubuntu osx server and add remove backup install cms modx sites installer system web hosting,1
nginx nginx for debian ubuntu development system web,1
nginx installs nginx ubuntu adapted from geerlinguy nginx development web,1
nginx installation and config nginx development web,1
nginx ansible role nginx web,1
nginx nginx instalation development,1
nginx install and manage nginx webserver system web,1
nginx wrapper role for geerlingguy nginx nginx,1
nginx web,1
ansible ansible playbook java-collections-api that have been written for ubuntu some of the playbooks are elasticsearch mesos aws mysql sensu nginx etc salt nginx tomcat redis java mesos phabricator glassfish logstash java system elasticsearch ldap apache-kafka solr jenkins php mysql sensu mongodb,1
centos7 nginx install latest nginx for centos 7 using for le nguyen's projects nginx centos7,1
nginx installs and configures nginx on debian ubuntu linux servers nginx ubuntu debian,1
nginx an ansible role to install nginx web,1
nginx ansible role for nginx web,1
nginx installs and configures nginx web,1
nginx install nginx web,1
nginx install cloud development system ec2 web networking packaging,1
nginx ansible role to install and manage nginx configuration web,1
nginx nginx installation for linux and freebsd development web,1
nginx install and start nginx web,1
nginx install and configure nginx system,1
nginx ansible nginx playbook role with a sprinkle of nginx init ubuntu,1
nginx install the latest stable version of nginx configure sites available and ssl system web networking,1
nginxproxy a role to configure a proxy on nginx web,1
railsbox nginx upstream rails application installation nginx for rails application development,1
nginx install nginx on debian based system web networking,1
nginx this ansible role manages installation and configuration of nginx it can both configure general options as well as virtual hosts this role is a fork of git com bennojoy nginx and implements a different api for configuring locations within a web,1
nginx debian install and configure optionally nginx on debian system derived from benno joy's and pierre buyle's versions web,1
npme a role for installation npme operating-system dependencies couchdb nginx redis,1
customphp install php 5 3 5 4 5 5 with apc ioncube imagick etc and nginx web,1
nginx ansible playbook for nginx web,1
nginx an ansible role for nginx as a reverse proxy web,1
nginx proxy ansible role for nginx installation as reverse proxy on ubuntu server system,1
uwsgi app a role for setting up a uwsgi app accessed by nginx and controlled by supervisor development system web packaging,1
balancer ansible role of nginx load balancere networking,1
newrelic php new relic php nginx agent system web monitoring,1
storyteller installs a wordpress blogs on ubuntu using nginx and mysql web,1
nginx install nginx web server nginx naxsi manage virtual hosts and settings for them system web,1
nginx symfony2 very simple module to configure nginx for a symfony2 website expects another nginx role to expose the nginx reload handler and php fpm to expose either a unix or tcp sockets web,1
nginx nr agent role that installs and configures nginx nr agent monitoring,1
nginx this role installs and configures the nginx web,1
nginx installs stable nginx version from repository at nginx org system web networking,1
nginx installs minimal latest nginx version using packages directly from nginx org on centos 6 5 development web,1
wsgi app containers a comprehensive wsgi app containers using virtualenv gunicorn nginx supervisor development system web packaging,1
nginx this ansible role manage installation and configuration of nginx this role is a fork of git com bennojoy nginx web,1
nginx a role to configure nginx web,1
nginx nginx for ubuntu 12 04lts or greater system application web,1
nginx this ansible role manages installation and configuration of nginx it can both configure general options as well as virtual hosts this role is a fork of git com bennojoy nginx and implements a different api for configuring locations within web,1
nginx apps ansible role for creating nginx apps web,1
nginx a simple nginx ansible role web,1
nginx nginx role development,1
nginx installs nginx with via the offical apt repository web,1
nginx ansible nginx role web,1
nginx reverse proxy installation a nginx reverse proxy site system,1
nginx proxy ansible recipe to configure a nginx as proxy server system web networking,1
nginx install and manage an nginx server web,1
nginx ansible role for installation and configure nginx nginx ubuntu,1
nginx installs nginx web,1
nginx a simple role that compiles nginx from source development system src web,1
nginx ansible role to install and manage nginx configuration web,1
blogs ghost configure nginx and ghost on a digitalocean ghost app server common,1
nginx an ansible role that installs nginx on ubuntu specifically created with phansible in mind web,1
nginx this role installs nginx on redhat centos and debian ubuntu linux servers ontic proxy server nginx web,1
ansible role php fpm this role will install and configure php fpm for nginx web server on desired host can be used with insspb nginx role system php net networking,1
nginx this role installs nginx on redhat centos and debian ubuntu linux servers ontic proxy server nginx web,1
nginx an ansible role for installation nginx development web,1
nginx ansible script to install nginx over ubuntu server nginx web,1
nginx django installation ansible script to installation nginx for django project over ubuntu server server django nginx web,1
freebsd jailed joomla installs joomla cloud nginx ec2 iocage jails freebsd joomla,1
node install node javascript through nvm and set up an nginx site running it node nginx nvm web,1
nginx redirect role used to install nginx on centos with yum to redirect all trafic to dns,1
nginx installs nginx web,1
nginx proxy ansible role for nginx installation as reverse proxy on ubuntu server system,1
nginx application an ansible role for configuring nginx application system web,1
nginx installs and configures nginx web server system web,1
build nginx build nginx from source development system web,1
nginx installs nginx role web,1
coreos nginx,1
nginx install and installation nginx proxy or web on redhat debian based distributions proxy web,1
nginx nginx installation for debian 8 nginx http,1
letsencrypt role gets ssl ssl certificate from let's encryption and set up a cron jobs to renew the certificate nginx cloudflare letsencrypt,1
nginx installs and configures nginx web,1
galaxycloud install galaxy workflow manager production environment on centos7 postresql nginx uwsgi proftpd web galaxy,1
nginx passenger ansible role for nginx passenger module management web,1
nginx application an ansible role for configuring nginx application system web,1
nginx installs and configures nginx web server system web,1
build nginx build nginx from source development system web,1
ansible role php fpm this role will install and configure php fpm for nginx web server on desired host can be used with insspb nginx role system php net networking,1
nginx an ansible role for installation nginx development web,1
nginx ansible role for installation and configure nginx nginx ubuntu,1
nginx install and configure nginx nginx web,1
nginx docker run nginx containers as a proxy for docker containers registered with consul cloud nginx consul,1
nginx nginx installation for linux unix development web,1
nginx install nginx to centos6 web,1
nginx nginx web server web,1
nginx basic role for nginx based deployments nginx ubuntu,1
galaxycloud install galaxy workflow manager production environment on centos7 postresql nginx uwsgi proftpd web galaxy,1
freebsd jailed nginx provides a jailed nginx server cloud nginx ec2 iocage jails freebsd,1
nginx nginx installation for linux unix development web,1
nginx install and configure nginx cloud system nginx web alpine,1
nginx install and configure nginx nginx web,1
nginx nginx instalation development,1
nginx base config nginx base config web,1
nginx manage nginx cloud system web,1
nginx drupal ansible role to configure nginx for running drupal system web,1
nginx passenger ansible nginx passenger role web,1
nginx nginx is an http and reverse proxy server a email proxy server and a generics tcp proxy server web,1
nginx install and configure nginx and phusion passenger along with any numbers of server block aka vhosts node python nginx passenger web hhvm php phusion ruby,1
aegir nginx makes an nginx server accessible as an aegir remote hosting opendevshop aegir,1
nginx install and configure nginx system,1
nginx rails installation a nginx front end for a rails app development ruby,1
nginx puppet nginx management module nginx http https proxy rack,1
nginx puppet nginx management module http web virtualhost proxy webserver nginx https vhost,1
gitlab deprecated use vshn puppet-gitlab instead git gitlab git ruby nginx,1
nginx nginx web server module webservers httpd,1
nginx puppet module for-loop nginx nginx example42,1
ulyaoth puppet module for-loop ulyaoth yum repository rpm kibana logstash-forwarder repository nginx tomcat yum,1
nginx configures the nginx yum repository config to point to a local mirror for-loop enterprise linux rhel centos clients centos yum nginx redhat,1
nginx puppet nginx management module tornado friendly,1
nginx install and manage nginx nginx unicorn php load balancer,1
wrapper puppet module for-loop wrapping defined types from several puppet module that doesn't appear on puppet's enc foreman yum jboss wrapper firewalld apache freetds selinux pam-access udev php nginx apache-httpd sysctl ulimits cron trusted-ca java-ks,1
nginx nginx php-fpm opt vhosts proxies redirections ipv6 ssl and shared-libraries on fastcgi fpm nginx php vhost ipv6 ssl proxy,1
nginx nginx module ubuntu nginx networking applications web web,1
nginx install nginx php also php debugging and build environment nginx php php,1
nginx nginx module nginx web,1
nginx this module manages the nginx webserver web-servers,1
nginx puppet nginx management module nginx,1
openssl puppet module to create ssl certificate using openssl https nginx ubuntu openssl,1
nginx puppet nginx management module,1
nginx nginx module for-loop puppet >=3 0x gentoo ubuntu nginx,1
nginx puppet module for-loop nginx web server nginx webserver fedora centos ubuntu debian vhost,1
nginx nginx module nginx web reverse proxy,1
threescale this module helps install openresty and configure 3scale proxy nginx lua proxy 3scale openresty ubuntu debian,1
nginx puppet module for-loop yum-nginx-api https: git com finraos yum-nginx-api,1
puma configure puma servers for-loop rails apps ruby nginx rvm rails puma,1
nginx installs the nginx web server ubuntu nginx,1
django deployment a django app from git into an nginx postgresql redis gunicorn stack,1
nginx puppet module for-loop downloading nginx source and google pagespeed passenger nginx psol pagespeed,1
nginx puppet nginx management module nginx server http,1
nginx module for-loop installation not configuring nginx ubuntu centos redhat nginx,1
django_bootstrap django app bootstrap served by nginx apache and uwsgi,1
google puppet module to deployment a google oauth2 proxy using nginx and google_auth_proxy from bitly google-auth-proxy oauth2,1
nginx installs nginx with a sample page,1
nginx slim nginx config generator,1
nginx nginx module,1
nginx install and configura nginx on ubuntu,1
bootstrap flask app bootstrap served by nginx uwsgi,1
nginx install and configure nginx for-loop igov org ua app node,1
zserver zend-framework server management zend-server nginx apache ubuntu debian monitoring,1
uhosting simple webhosting made easy python ruby php uwsgi nginx webhosting,1
