nodejs app provision node javascript app system web,1
nodejs raspbian install node javascript on raspbian raspberry pi specific arm distro system web,1
mesos ansible nodejs playbook role system,1
nodejs install nodejs and npm system web packaging,1
nodejs install the latest stable version of node javascript and npm development system web,1
nodejs nodejs installer from source or package from nodesource development system,1
nodejs install nodejs from package build from source or download binary tarball development system,1
nodejs nodejs npm role development,1
nodejs install the latest stable version of node javascript and npm development system web,1
nodejs set up the latest version of nodejs and npm in debian like system system web,1
nodejs installs the latest version of node javascript from the chris lea ppa development web,1
nodejs simple ppa backed nodejs role development,1
nodejsserver set up base level requirements for using nodejs on a server web packaging,1
nodejs ansible nodejs role web,1
nodejs install nodejs npm and npm module development system web,1
nodejs install nodejs development,1
nodejs nodejs via package manager development web packaging,1
apache2 installs nodejs and global npm packages web,1
nodejs install nodejs and npm deb packages from ppa web,1
nodejs ansible role to install nodejs system,1
nodejs ansible role for node javascript management development web,1
nodejs installs node javascript and npm development web,1
nodejs node javascript installation for linux development web,1
pm2 installs pm2 and manages apps pm2 web nodejs,1
nodejs node javascript installation for linux development web,1
nodejs installs nodejs nodejs org en development,1
node install configure nodejs npm development npm nodejs,1
nodejs an ansible role to install nodejs on linux currently tested on centos 6 5 7 1 and ubuntu 14 04 system,1
nodejs node javascript installation for linux development web,1
nodejs ansible role for installation and updating node javascript on ubuntu server system,1
sails.js ansible role for installation and optionally lifting sails.js sails.js nodejs,1
nodejs javascript runtime by node javascript nodejs javascript,1
nodejs node javascript is a platform built on chrome's javascript runtime for easily building performance scalable networking applications development,1
nodejs installs nodejs from source on centos 7 development,1
nodejs installs nodejs development web,1
node nvm ansible install nodejs via nvm node version manager for a list of user development,1
nodejs app deployment nodejs applications web,1
nodejs install nodejs system,1
camo camo nodejs app for systemd platforms cloud web,1
nodejs install nodejs and npm on debian based system development web,1
superlumic node ansible role to install nodejs on osx this role is part of the superlumic project that aims to simplify repeat computer setups on osx 10 10 and up system,1
nodejs installs nodejs v4 nodejs,1
nodejs installation of node javascript for linux development web,1
sa pm2 production process manager for node javascript apps with a built in load balancer pm2 ubuntu startup nodejs,1
node nvm node version manager nvm tool that allows to install and use multiple node versions on the same host nvm ubuntu nodejs,1
nodejs node javascript is a javascript runtime built on chrome's v8 javascript engine node javascript uses an events driven non blocking i o model that makes it lightweight and efficient packaging nodejs,1
nodejs installation nodejs development web,1
node nodejs node nodejs javascript,1
pm2 installs pm2 and manages apps pm2 web nodejs,1
nodejs install node javascript and npm on centos servers node juwai npm nodejs,1
nodejs ansible role for nodejs development web,1
nodejs installs node javascript on a server development web,1
nodejs install and configure node javascript node development nodejs javascript,1
nodejs node hotness,1
nodejs install node javascript system web,1
nodejs ansible nodejs playbook role,1
ark nodejs ansible ark for nodejs playbook role,1
nodejs install the latest stable version of nodejs development web,1
railsbox node runtime installs nodejs runtime system,1
nodejs ansible role for installation and updating node javascript on ubuntu server system,1
nodejs nodejs for ubuntu 12 04lts or greater development system web,1
nodejs installs nodejs and global npm packages web,1
nodejs installs latest stable of nodejs cloud development web,1
nodejs installs node javascript and npm development web,1
nodejs install node javascript following the current official package based installation guide development system web,1
nodezeromq role for installation nodejs libraries for zeromq using ansible development system,1
nodejs installs node javascript and npm development,1
nodejs ansible role for installation nodejs from nodesource rpms development web networking packaging,1
nodejs installs nodejs on ubuntu lts or debian stable system,1
nodejs install nodejs packages nodejs,1
nodejs node javascript ansible role for debian development web packaging,1
nodejs5 installs nodejs 5 runtime and node package manager npm system,1
nodejs installs node javascript from source development system src php,1
nodejs nodenv an ansible role install nodejs iojs using nodenv system,1
nodejs node javascript for ubuntu 14 04 development system web,1
nodejs node javascript ansible role for debian development web packaging,1
nodejs forever an ansible role that installs nodejs and runs default or your application on ubuntu 12 04 15 10 if-statement you just want to testing node this role got you covered it comes with a simple hello world app nodejs is added as service using npm packages allowin system web nodejs,1
nodejs node javascript installation for linux development web,1
nodejs install of nodejs and npm on debian ubuntu based on the official installation script node npm nodejs,1
nodejs ansible role for installation nodejs nodejs,1
nodejs installs the latest version of node javascript from the chris lea ppa development web,1
nodejs ansible role for installation nodejs from nodesource rpms development web networking packaging,1
nodejs ansible role to installation nodejs development,1
nodejs installs nodejs and global npm packages web,1
nodejs install nodejs packages nodejs,1
ansimble role nodejs install node and npm packages on your osx from different sources development packaging,1
node install configure nodejs npm development npm nodejs,1
nodejs install of nodejs and npm on debian ubuntu based on the official installation script node npm nodejs,1
nodejs ansible role for installation nodejs nodejs,1
nodejs forever an ansible role that installs nodejs and runs default or your application on ubuntu 12 04 15 10 if-statement you just want to testing node this role got you covered it comes with a simple hello world app nodejs is added as service using npm packages allowin system web nodejs,1
nodejs node javascript installation for linux development web,1
sa node nodejs 0 10 0 12 ubuntu nodejs,1
nodejs node javascript installation for linux development web,1
nodejs install node javascript development,1
nodejs an ansible role for installation node javascript node development nvm web npm packaging nodejs gulpjs,1
nodejs install nodejs from package build from source or download binary tarball development system,1
nodejs an ansible role for installation node javascript development,1
nodejs install nodejs and npm development system,1
nodejs app ansible role node javascript galaxy ansible com blackstar257 nodejs app edit web,1
nodejs ansible nodejs playbook role,1
nodejs node javascript is a platform built on chrome's javascript runtime for easily building performance scalable networking applications development,1
nvm ansible role for installation nvm and nodejs and iojs versions development system,1
nodejs node javascript installation for linux development web,1
nodejs install node javascript package and npm package provider debian nodejs ubuntu npm,1
nodejs a module to install node javascript and npm nodejs npm node,1
nodejs install node javascript package and npm package provider,1
nodejs install localized multiple versions of nodejs via nvm for-loop centos aws linux ubuntu awslinux nodejs nvm,1
nodejs puppet module to install nodejs install nodejs,1
pm2 manage nodejs apps with pm2,1
nodejs puppet module for-loop install nodejs on ubuntu ubuntu nodejs,1
nodejs a puppet module to install nodejs nodejs darwin osx,1
npm npm nodejs for-loop ubuntu nodejs npm ubuntu,1
nodesite nodejs web app deployments deployment application nodejs,1
nodejs manages nodejs npm nodejs,1
etherpad etherpad module collaboration node nodejs etherpad,1
nodejs install stable nodejs,1
nodejs puppet management for-loop nodejs,1
nvm puppet module to install node javascript with node version manager nvm npm node nodejs nvm,1
etherpad install and configure etherpad-lite text collaboration node nodejs etherpad-lite etherpad,1
nodejs install node javascript package and npm package provider,1
nodejs configure nodejs via boxen,1
nvm module to manage multiple nodejs versions per user using nvm,1
nodejs install stable nodejs,1
