redis ansible role for configuring redid web,1
postgresql postgreql database development sql,1
redis installation redis database database nosql,1
mongodb mongos this role installs and configures the mongodb query router database nosql,1
mongodb mongodb this role installs and configures mongodb daemon database nosql,1
postgresql server install postgresql using ansible database nosql sql,1
postgresql a role for installation and configuring postgresql database sql,1
luket postgresql postgresql install and config database sql,1
opendj install opendj ldap server database development system nosql,1
opendj replication installation replication between two opendj ldap server instances database development system nosql,1
postgresql ansible postgresql role database sql,1
cassandra install and configure apache cassandra system,1
postgresql for rhel6x install and configure postgresql dependencies extensions database and user database sql,1
arangodb arangodb server database nosql,1
postgresql streaming replication a role to install and installation postgresql 9 x streaming replication on redhat centos scientific oracle enterprise linux database sql,1
redis manage redis database system nosql,1
mtpereira mongodb manage mongodb database nosql,1
bdr manage postgresql bdr system packaging,1
orientdb orientdb installation database nosql,1
postgresql94 bdr a role to install and installation postgresql 9 4 bi directional replication on redhat centos enterprise linux database sql,1
mongodb mongodb for archlinux database nosql,1
redis redis for archlinux database nosql,1
sysbench mongodb configurable load testing system for mongodb and variants works with dbaas service as well cloud database system rax nosql,1
mongodb mongodb 2 4 role database nosql,1
aerospike aerospike role roleversiontest database nosql,1
psql installs postgresql database development system sql,1
mongodb an ansible role for installation and configuring mongodb database nosql,1
mongodb an ansible role for installation and managing mongodb's system,1
mongodb installs and configures mongodb database nosql,1
redis set up the latest stable redis server in ubuntu system using chris lea's ppa database system web nosql,1
mongodb install and installation mongodb 2 6 4 or other database with security enabled and best practice configuration cloud database system rax nosql,1
sysbench mongodb configurable load testing system for mongodb and variants works with dbaas service as well cloud database system rax nosql,1
hyperdex install installation an hyperdex clustering using ansible database clustering nosql,1
neo4j neo4j database nosql,1
mongodb ansible mongodb role database nosql,1
mongodb installs mongodb on rhel centos servers database nosql,1
mongodb installs mongodb on rhel centos servers database nosql,1
psql installs postgresql database development system sql,1
mongodb an ansible role for installation and configuring mongodb database nosql,1
mongodb an ansible role for installation and managing mongodb's system,1
mongodb installs and configures mongodb database nosql,1
couchdb install couchdb database web nosql,1
contrail redis install redis server networking,1
redis ansible role for configuring redid web,1
postgresql installs and configures the postgresql database,1
pg failover install postgresql along with components required for automatic failover,1
mongodb ansible role for mongodb database ubuntu server database system nosql,1
postgresql postgresql role database sql,1
postgresql an ansible role for installation and configuring postgresql database sql,1
mongodb installs the latest version of mongodb from the 10gen ppa database nosql,1
redis ansible role for redis database ubuntu server system,1
localcloud redis this will install redis server and redis command-line-interface on an ubuntu box caching redis nosql,1
devrole postgresql,1
postgresql install and manage a postgresql web postgresql org server database sql,1
postgis3d this role installs postgis with 3d capabilities sfcgal plus pointcloud and pdal 3d postgresql postgis,1
postgresql a role for installation and configuring postgresql database sql,1
barman role for postgresql backup and restore manager barman database postgresql,1
pgpool2 role for postgresql load balancer and replication system pgpool2 database postgresql,1
geocouch geocouch module for couchdb geo database web nosql,1
postgresql ansible role for postgresql installation database,1
redis ansible role for redis management caching database nosql,1
sa postgresql installs postgresql optionally patch listen address and trusted networks possibility to pre create user for your application ubuntu postgresql,1
sa mongodb installs mongodb 2 4 2 6 or 3 on ubuntu based box mongodb ubuntu,1
redis an ansible role that installs redis on ubuntu specifically created with phansible in mind database nosql,1
postgresql9 client installs client tools and libraries for postgresql database system,1
redis handle redis system redis,1
postgresql9 extjs postgis postgis extension for postgresql to enable geospatial function system,1
redis the redis role installs a redis server on the machine monsieurbiz redis,1
postgresql role to manage postgresql database sql,1
rethinkdb install and installation rethinkdb clustering on linux database rethinkdb nosql,1
scylladb ansible role to deployment scylladb database nosql,1
mongodb ansible role for mongodb management database nosql,1
postgresql vhosts ansible role for postgresql virtualhost management database,1
cassandra cassandra clustering role for midonet deployments cloud,1
mongodb express handle mongodb express mongodb development web mongodb,1
mongodb install role to install and locking down mongodb server database mongodb nosql,1
postgresql ansible script to install postgresql over ubuntu server database postgresql web sql,1
memtier benchmarking set up memtier benchmarking in debian like system database system web nosql,1
postgresql vhosts ansible role for postgresql virtualhost management system,1
postgresql installs and configures postgresql sql,1
postgresql a role that installs postresql server database,1
postgresql manage a basic role useful for creating postgresql user and database database postgresql postgresql sql,1
mongodb installs and configures a single host mongodb service mongodb database mongodb mongodb nosql,1
couchbase server installs and initializes couchbase server clustering clustering database nosql,1
mongodb installs and configures mongodb mongodb,1
postgresql ansible role for installation and configuring a postgresql database server database postgresql,1
mongodb mongodb installation and installation cloud,1
ansible rethinkdb rethinkdb role database nosql,1
postgresql install postgresql server development,1
mongodb installs the latest version of mongodb from the 10gen ppa database nosql,1
postgresql installs configures the specified version of postgresql and creates the specified list of database database sql,1
redis ansible role to install redis system,1
postgresql installs postgresql database sql,1
pgbuildfarm member postgresql buildfarm member management database development monitoring sql,1
redis redis is an open source bsd licensed advanced key value caching and store it is often referred to as a data structure server since key can contain string hash ilist set sorted set bitmaps and hyperloglogs database nosql,1
redis dosomething org redis server system,1
tokumx tokumx is a high performance drop in replace for mongodb database nosql,1
redis install and manage redis servers database nosql,1
redis ansible role for installation redis database web nosql,1
redis installs and configures redis database nosql,1
neo4j install neo4j for specific user database nosql,1
redis redis server installation system,1
cassandra cassandra deployment web,1
redis install redis database nosql,1
mongodb ansible role for mongodb installation on a debian machine database nosql,1
mongodb mongodb is a document oriented database database nosql,1
redis highly configurable role to install redis and redis sentinel from source database nosql,1
mongodb installs mongodb role database nosql,1
redis installs redis database nosql,1
barman task for postgresql barman database sql,1
redis redis is an open source bsd licensed advanced key value caching and store it is often referred to as a data structure server since key can contain string hash ilist set sorted set bitmaps and hyperloglogs database nosql,1
redis redis for debian database nosql,1
mongodb replicator manage mongodb with authentication and replica set database nosql,1
redis3 install redis 3 database nosql,1
vindaloo vindaloo resources inventory system database development system clustering nosql,1
postgresql postgresql role for ansible centos database,1
mongodb mongodb is a document oriented database database nosql,1
postgresql server install and manage postgresql server database postgresql,1
postgresql install and configure postgresql dependencies extensions database and user database sql,1
neo4j installs neo4j database nosql,1
mongodb installation and configure mongodb database development web sql,1
postgresql basic installation for postgresql database server database sql,1
phpredis phpredis to be used with redis server development,1
redis installs and configures redis database nosql,1
redis configure redis server system redis,1
postgresql ansible role for postgresql installation system,1
mongobackuprestorer quick and easy mongodb backup mongodb,1
debian cassandra install cassandra for debian system database,1
sa redis installs basic redis redis is an open source bsd licensed in memory data structure store used as database caching and message broker it supports data structure such as string hash ilist set sorted set with range queries bitmaps hyperloglo ubuntu redis,1
postgresql postgresql installation postgresql postgresql postgresql,1
mongodb an ansible role that installs mongodb on ubuntu specifically created with phansible in mind database nosql,1
mongodb ansible role that installs and configures mongodb locally networking,1
mongodb containers ansible role to manage mongodb containers containers mongodb mongodb docker,1
redis installation redis development redis,1
redis containers ansible role to manage redis containers containers database redis docker,1
redis this role installs redis on redhat centos and debian ubuntu linux servers ontic server caching database web redis,1
mongodb install and configure the mongodb database nosql,1
redis install and configure redis with testing kitchen serverspec testing system redis,1
postgresql94 server postgresql server postgresql,1
aerospike an ansible role that installs configures and runs aerospike on redhat and centos linux amazon server caching database keyvalue aerospike centos nosql,1
mongodb mongodb is a document oriented database database nosql,1
install mongodb install mongodb database nosql,1
riak kv installs and configures riak a distributed highly available nosql database database nosql,1
postgresql an ansible role for installation postgresql database sql,1
redis an ansible role for installation redis database nosql,1
dynamodb installs the development version of the amazon dynamodb server database development nosql,1
postgresql install and configure postgresql dependencies extensions database and user database sql,1
redis highly configurable role to install redis and redis sentinel from source database nosql,1
redis redis for linux database development web,1
neo4j neo4j database nosql,1
mongodb mongoc this role installs and configures the mongodb configuration servers database nosql,1
mongodb shard this role helps in enable sharding across mongodb clustering database nosql,1
virtuoso virtuoso database nosql,1
postgresql on el6 a role to install postgresql 8 4 9 x on redhat centos scientific oracle enterprise linux database sql,1
postgresql install a bare bones version of postgresql database sql,1
postgresql server installs postgresql server system,1
postgresql database creates postgresql database system,1
solr ansible role for installation configuring and mantaining solr 4 database development system web nosql,1
wale perform continuous archiving of postgresql wal file system,1
mongodb mongodb development web,1
fluentd ansible playbook for fluentd database system web nosql sql,1
postgresql a simple role to create a database with a new postgresql user optional activate hstore extension for the new database database sql,1
redis install redis web,1
redis installs and configures redis database nosql,1
mongodb a role for installation and configuring mongodb database nosql,1
postgresql object configure postgresql object user roles database and privileges database sql,1
postgresql installs configures the specified version of postgresql and creates the specified list of database database sql,1
redis installs redis from the rwky ppa and applies the specified configuration database nosql,1
phpredis set up phpredis in debian like system database system web nosql,1
newrelic redis agent this role installs and configures newrelic redis agent git com kenjij newrelic redis plugins monitoring,1
postgresql ansible role to configure postgresql database sql,1
postgresql install minimal postgresql 9 3 on centos database development web sql,1
postgresql an ansible role for installation and configuring postgresql client server database,1
arangodb ansible role for arangodb database nosql,1
postgresql role postgreql database development sql,1
redis an ansible role for installation redis from the official ubuntu repository or from a ppa database nosql,1
mongodb manage mongodb database nosql,1
mongodb replica set manage mongodb replica set database nosql,1
cloudman database installation a postgresql database for galaxy cloudman database,1
mongodb mongodb this role installs and configures mongodb daemon database nosql,1
titan an ansible role for installation titan with cassandra and elasticsearch database,1
postgresql postgresql for archlinux database sql,1
redis ansible redis role database nosql,1
mongodb installs and configures mongodb mongodb database mongodb nosql,1
postgresql install and manage a postgresql web postgresql org server database sql,1
cassandra install and configure apache cassandra system,1
mongobackuprestorer quick and easy mongodb backup mongodb,1
redis install and configure redis database nosql,1
postgresql installs postgresql for local development development installation postgresql,1
pgbouncer role for postgresql connection pooler pgbouncer database postgresql,1
repmgr role for repomgr postgresql replication administration utility database postgresql,1
postgresql ansible role for installation and configure postgresql database postgresql ubuntu,1
stouts mongodb manage mongodb mms database nosql,1
mongodb mongodb for redhat centos debian 64bit database nosql,1
mongodb ansible install a simple mongodb no replica no authentication database development nosql,1
mongodb mongodb this role installs and configures mongodb daemon database nosql,1
xhgui xhgui graphical interface for xhprof data built on mongodb web packaging,1
redis install redis locally for use with ansible fact caching development installation redis,1
cassandra installs and configures cassandra datastax community edition cassandra nosql,1
postgresql9 server installs and configures postgresql server system,1
postgresql postgresql installation and installation cloud,1
mongodb handle mongodb system mongodb,1
postgresql handle postgresql system postgresql,1
redis install redis in in memory data structure store database redis,1
postgresql a postgresql role for elao symfony2 standards vagrant box database development web sql,1
redis installation and configure redis development web,1
cassandra cassandra role database cassandra,1
pgcluu install configure pgcluu database postgresql,1
redis an ansible role that installs and configures redis database nosql,1
postgresql postgresql is a powerful open source object relational database system it has more than 15 years of active development and a proven architecture that has earned it a strong reputation for reliability data integrity and correctness database sql,1
tt rss creates a tt rss instance using postgresql web,1
mongodb mongodb is a document oriented database database nosql,1
tokumx tokumx is a high performance drop in replace for mongodb database nosql,1
postgresql postgresql is a powerful open source object relational database system it has more than 15 years of active development and a proven architecture that has earned it a strong reputation for reliability data integrity and correctness database sql,1
postgresql on el6 a role to install postgresql 8 4 9 x on redhat centos scientific oracle enterprise linux database sql,1
postgresql role to build and install postgresql from sources installer database postgresql,1
mongodb manage a simple role for managing mongodb user database database mongodb nosql,1
redis install redis and allow to configure it system,1
redis redis installer database nosql,1
postgresql install and configure postgresql dependencies extensions database and user database sql,1
postgresql install and configure postgresql dependencies extensions database and user forked from anxs postgresql database sql,1
debian recent mongodb a role that installs mongodb on debian using mongodb repository only supported version is debian wheezy database nosql,1
postgresql install and configure postgresql dependencies extensions database and user database sql,1
short stack mongodb installs mongodb and adds launch agent system,1
redis redis for debian database nosql,1
mongodb ansible role for mongodb database ubuntu server database system nosql,1
redis ansible role for redis database ubuntu server system,1
cassandra apache cassandra role development,1
redis role to install redis database redis nosql,1
redis installs redis from the rwky ppa and applies the specified configuration database nosql,1
redis redis redis,1
debian mongodb install mongodb for debian system system,1
debian redis install redis for debian system system,1
mongodb exporter install and configure mongodb exporter for prometheus database system prometheus monitoring mongodb nosql,1
postgresql ansible playbook to install postgresql database,1
stouts mongodb manage mongodb mms database nosql,1
mongodb mongodb for redhat centos debian 64bit database nosql,1
mongodb ansible install a simple mongodb no replica no authentication database development nosql,1
mongodb mongodb this role installs and configures mongodb daemon database nosql,1
xhgui xhgui graphical interface for xhprof data built on mongodb web packaging,1
graylog containers ansible role to manage graylog containers containers graylog2 mongodb elasticsearch graylog mongodb docker,1
gitlab containers ansible role to manage gitlab containers containers postgresql gitlab redis docker,1
postgresql containers ansible role to manage postgresql containers containers database postgresql docker,1
postgresql install and configure postgresql dependencies extensions database and user database sql,1
redis installs redis and redis sentinel from source database nosql,1
postgresql install and configure postgresql dependencies extensions database and user database sql,1
postgresql 9 4 server postgresql server postgresql,1
folders ansible script to install postgresql debian,1
cassandra installs and configures cassandra datastax community edition cassandra nosql,1
postgresql9 server installs and configures postgresql server system,1
postgresql postgresql installation and installation cloud,1
mongodb handle mongodb system mongodb,1
postgresql handle postgresql system postgresql,1
redis install redis in in memory data structure store database redis,1
cassandra apache cassandra role development,1
redis role to install redis database redis nosql,1
pgcluu install configure pgcluu database postgresql,1
redis an ansible role that installs and configures redis database nosql,1
redis a role that installs redis database nosql,1
mongodb role which installs and configures mongodb system,1
postgresql install and configure postgresql dependencies extensions database and user forked from anxs postgresql database sql,1
debian recent mongodb a role that installs mongodb on debian using mongodb repository only supported version is debian wheezy database nosql,1
mongodb install and configure mongodb database nosql,1
mongobackuprestorer quick and easy mongodb backup mongodb,1
redis install and configure redis database nosql,1
postgresql installs postgresql for local development development installation postgresql,1
pgbouncer role for postgresql connection pooler pgbouncer database postgresql,1
repmgr role for repomgr postgresql replication administration utility database postgresql,1
postgresql ansible role for installation and configure postgresql database postgresql ubuntu,1
postgresql install and configure postgresql dependencies extensions database and user database sql,1
postgresql 9 4 server postgresql server postgresql,1
folders ansible script to install postgresql debian,1
redis basic standalone redis install database nosql,1
mongodb manage a simple role for managing mongodb user database database mongodb nosql,1
redis redis for debian caching database web debian keyvalue nosql,1
mongodb backup mongodb backup mongodb backup mongodb,1
mongodb replica set mongodb replica set module mongodb replication database nosql,1
mongodb mongodb server mongodb database,1
transparent huge pages disable transparent huge pages mongodb database system mongodb,1
postgresql manage local or remote postgresql roles and database database postgresql,1
couchdb couchdb for debian ubuntu database development web nosql,1
el postgresql role postgresql on one or two centos rhel boxes database,1
postgresql install postgresql server development,1
redis install and manage redis clustering database system nosql,1
redis redis is an open source bsd licensed advanced key value caching and store it is often referred to as a data structure server since key can contain string hash ilist set sorted set bitmaps and hyperloglogs database nosql,1
mongodb manage mongodb with authentication and replica set database nosql,1
mongodb mongodb for redhat centos debian 64bit database nosql,1
redis installs and configures redis on debian ubuntu linux servers ubuntu debian redis,1
postgresql server role for postgresql server on osx database,1
postgresql support an ansible role for installation libraries that support postgresql ansible module database sql,1
postgresql postgresql is a powerful open source object relational database system it has more than 15 years of active development and a proven architecture that has earned it a strong reputation for reliability data integrity and correctness database sql,1
mongodb manage mongodb with authentication and replica set database nosql,1
redis installs redis on a server database clustering nosql,1
mongodb installs and configure mongodb database nosql,1
mongodb manage mongodb mms database nosql,1
postgresql install simple role to install and security default version of postgresql on ubuntu database postgresql postgresql sql,1
postgresql offers support for-loop basic management of postgresql database database postgresql postgresql centos rhel ubuntu debian postgresql,1
mongodb installs mongodb on rhel ubuntu debian sharding nosql clustering database mongodb mongodb,1
redis redis module sentinel loadbalancing failover redis clustering,1
cassandra installs cassandra datastax agent opscenter on rhel ubuntu debian nosql database clustering opscenter datastax-agent datastax cassandra,1
redis install and configure redis debian ubuntu redis,1
redis puppet module for-loop redis server nosql caching memcached redis,1
mongodb mongodb module with sharding database clustering nosql mongodb sharding centos debian ubuntu rhel,1
redis install and configure redis and sentinel from repository or source sentinel rhel centos debian ubuntu redis,1
redis manages redis redis,1
redis puppet module for-loop redis redis database example42,1
redis installs redis server redis,1
cassandra configure and install datastax cassandra distribution datastax cassandra midonet,1
cassandra puppet module to install apache cassandra from the datastax distribution cassandra ubuntu debian datastax nosql,1
cassandra puppet module to install apache cassandra from the datastax distribution forked from gini cassandra module cassandra,1
pureftpd manages the pure-ftpd package with comprehensive configuration support postgresql mysql ldap ftp pureftpd pure-ftpd redhat rhel centos scientific pure-ftp pureftp,1
couchbase puppet couchbase module couchbase redhat centos nosql,1
redis redis and sentinel config management sentinel redis,1
postgresql install and configure the postgresql database system database postgresql postgresql,1
mongodb ubuntu database nosql mongodb,1
postgresql postgresql defined resources types database postgresql,1
postgresql puppet module for-loop postgresql postgresql example42,1
mongodb puppet module for-loop mongodb example42 mongodb,1
mongodb mongodb simple module nosql mongodb,1
marklogic puppet marklogic management module marklogic xquery xml nosql,1
riak riak module ubuntu riak networking,1
pgpool a puppet module to configure pgpool postgresql database pgpool,1
phppgadmin install and configure phppgadmin phppgadmin postgresql php,1
icingaweb2 module to install and maintain icingaweb2 postgresql nagios mysql monitoring idoutils ido icingaweb2 icinga2 icinga,1
riak a module for-loop managing riak with puppet that supports cluster-analysis of the riak nodes centos debian ubuntu database rhel nosql hiera riak,1
mongodb mongodb module centos rhel mongodb mongodb fedora,1
couchdb installs and manages couchdb database centos nosql couchdb rhel,1
couchdb database couchdb ubuntu debian nosql,1
phppgadmin deprecated! use velaluqa phppgadmin phppgadmin postgresql,1
neo4j a module installation and configuring neo4j community or enterprise editions relationship database graph nosql neo4j neo,1
postgresql postgresql defined resources types,1
riakdev installs a riak n node development clustering riak,1
orientdb puppet module for-loop orientdb orientdb database nosql example42,1
pe_external_postgresql a module for-loop installation an external postgresql node for-loop puppet enterprise,1
redis configure redis-sentinels redis-sentinel redis,1
twemproxy this module helps configure twemproxy caching redis nutcracker twemproxy,1
riak manages riak riak,1
riakcs riakcs ubuntu debian riakcs riak,1
stanchion stanchion serialization server ubuntu debian stanchion riak,1
baseline dev box with batteries included clojure couchdb elixir erlang go haskell io java lua mongodb nodejs nodots postgresql prolog python redis ruby rust scala,1
redis redis module ubuntu redis networking applications,1
postgresql a basic types for-loop managing postgresql droppod,1
redis redis installation and configuration module redis-sentinel redis-server database database sentinel redis,1
riak riak key-value store ubuntu debian riak,1
letschat this module deploys let's chat a self-hosted chat app for-loop small teams npm nodejs node mongodb web-applications chat,1
wal_e installation wal_e wal-e postgresql pitr ubuntu replication,1
redis latest stable redis-server from ppa:chris-lea redis-server on ubuntu redis-server ubuntu,1
aerospike puppet module to install aerospike server ubuntu nosql aerospike,1
mongodb puppet module to install and manage mongodb from 10gen repository,1
redis puppet module for-loop building a multi-node redis failover group with sentinel redis database clustering centos redhat ubuntu debian,1
postgresplus installation and confgiuration of a postgresql plus server with replication postgresql postgresplus enterprisedb,1
mongodbmms mongodb mms monitoring installation on ubuntu mms mongodb,1
redis puppet module for-loop installation and configuring a redis server redis-server redis,1
riak deployment a riak clustering storage dynamodb erlang cassandra database nosql riak,1
postgresqlxc postgresql xc defined resources types,1
redis install and configure redis build from thomas"s module redis source,1
phppgadmin puppet phppgadmin module postgresql postgresql phppgadmin,1
mongodb mongodb puppet module mongodb,1
postgres_xc postgres-xc module database postgresql postgresql debian postgresql pg-xc postgres-xc,1
hiera_redis redis backend for-loop hiera redis hiera,1
redis puppet module to install manage and configure redis redis,1
riak a module for-loop managing riak with puppet that supports cluster-analysis of the riak nodes this is v0 1 2 of the haf-riak module released into puppetforge as only 0 1 1 was available on puppetforge haf-riak,1
postgresq a puppet module that configure the postgresql repository on an enterprise linux and relatives system el6 postgrelsql,1
redis puppet module for-loop redis service,1
mongodb mongodb module with sharding,1
redis a basic types for-loop managing redis droppod redis,1
postgresql manage postgresql roles and database through puppet postgresql postgresql,1
mongodb_ops_manager mongodb ops manager mms on premise server and agent installs,1
redis installation latest stable redis-server on ubuntu,1
redis configure redis and or sentinel only for-loop systemd! sentinel redis,1
pgtune configures postgresql instance for-loop optimal usage of system resources optimization performance pgtune postgresql,1
riak manage riak 2 x,1
riak2 for-loop management of riak 2 0 nodes,1
backupninja install and configure backupninja postgresql mysql ldap snapshot lvm rsync backup backupninja,1
pgbouncer installs and configure pgbouncer postgresql pgbouncer,1
redis this module will install and configure redis server redis,1
