ntp installation and configuration of the ntpd system,1
ntp ansible role which ensure the defined locales are exists system,1
ntp set timezone and configure ntp time synchoronization system,1
ntp installs and configures ntp system,1
ntp an ansible role for installation and configuring ntp system,1
ntp manage time synchronization ntp server and timezone ntpdate openntpd timezone ntpd ntp,1
cw ntp this role installs and configures ntp system ntp,1
ntp ansible role for ntp management system,1
ntp ansible role ntp system,1
ntp handle ntp system ntp,1
ntp rocket ansible role ship ntp system time,1
ntp install ntpd deamon and allow to configure it system,1
ntp ansible role ntp system,1
nptd install and configure ntpd on a target host system ntp,1
ntp installs ntp on redhat centos or debian ubuntu with ansible system ntp,1
devconfcz2016 ntp role install and configure ntp devconf cz 2016 ansible workshop system,1
ntp ntp installation system,1
ntp this role enables user to install and configure ntp on their hosts system ubuntu el ntp time redhat centos,1
ntp role which helps to install ntp system,1
ntpd install and configure ntpd on a target host system ntp,1
ntp installs and configures ntp role ability to configure internal master ntp servers and configure ntp clients to poll internally included system networking,1
ntp install ntp package system networking,1
common zsh ntp system,1
ntp ntp daemon installation for centos 7 system time,1
ntp this ansible role install ntp development system,1
ntp installs and configures ntp include an ntp monitor script system ntp time,1
ntp ntp installation and configuration for linux system,1
chrony ntp client chrony for rhel centos system ntp time,1
chrony this role enables user to install and configure chrony on their hosts chrony system ntp time,1
chrony installs and configures chrony chrony system ntp,1
ntp set up a ntp server in debian like system system networking,1
ntp ntp installation system,1
ntp ansible role ntp development,1
ntp ntp installation and configuration for linux system,1
ntp install configure the ntp daemon development,1
ntp install ntp service ans set default ntp servers system,1
dynamic ntp dns configures resolv conf and ntp conf based on the client server ip address system,1
ntp ntp installation and configuration system,1
ntp installs and configures ntp system,1
ntp ansible role for installation ntp on installs rhel centos or debian ubuntu system,1
ntp ntp installation and configuration for linux system,1
seanexplus ntp set up ntp on centos 7 ntp,1
ntp ntp client ntp for rhel centos system ntp time,1
ntp ntp service installation system,1
ntp networking time protocols ntp is a networking protocols for clock synchronization between computer system system,1
ntp ansible role ntp system,1
basic settings ja basic settings system locale many popular software programs and more for japan general preferences japanese system ntp,1
ntp set up ntp on rhel centos ntp,1
debian ntp install ntp for debian system system,1
ntp role for configuration ntp server system,1
ntp ntpfor ubuntu system,1
ntpd installs ntp server on redhat centos servers system,1
basic settings ja basic settings system locale many popular software programs and more for japan general preferences japanese system ntp,1
ntp ntp client ntp for rhel centos system ntp time,1
ntpclient installation and configuration of ntp client system,1
ntp role which helps to install ntp system,1
ntp ansible role for ntp management system,1
ntp ntp installation and configuration for linux system,1
ntp this role installs ntp on redhat centos and debian ubuntu linux servers date ontic system ntp time,1
ntp an ansible role for installation ntp system,1
ntp ansible role ntp system,1
ntp ansible ntp client basic installation role client ntp time,1
ntp configure ntp client system,1
ntp install and configure ntp system,1
datetime installs and configures ntp and defines timezone on debian ubuntu linux servers ubuntu timezone debian ntp,1
ntp ansible role ntp system,1
ntp installs configures and manages the ntp service ntp time archlinux gentoo aix debian ubuntu rhel centos ntpd ntpserver,1
ntp oel opensuse suse centos gentoo debian ubuntu redhat ntp time fedora ntpd,1
ntp configure and manage ntpd centos ntp time synchronisation service rhel,1
ntp manage ntp ntp time synchronisation service synchronization synchronization,1
ntp networking time protocols module ntp ntpd,1
ntp puppet module for-loop ntp ntp example42,1
ntp this module installs configures and manages the ntp service ntp,1
ntp ntp,1
chrony manages the chrony networking time daemon centos fedora redhat ubuntu debian ntp chrony,1
openntpd puppet module for-loop openntpd openntpd ntp example42,1
ntp configures ntp servers and clients ntp ntpd freebsd debian ubuntu,1
openntp puppet module for-loop openntpd openntp ntp time,1
ntp ntp module ntp hiera,1
ntpd openntp module for-loop openbsd ntpd ntp openntpd openbsd,1
ntp install ntp on ubuntu ubuntu ntp,1
ntp ntp installation ntp,1
ntp,1
ntp install ntp on ubuntu ubuntu ntp,1
ntp lean redhat ntp module with the most common settings hiera ntpd rhel time oraclelinux centos redhat ntp,1
ntpclient a module to enable easy configuration of an ntp client ntp,1
ntp install ntp on ubuntu,1
