monasca user-interface installs grafana and the monasca dashboard into openstack horizon monitoring,1
openstack horizon openstack horizon dashboard installation ansible role cloud,1
openstack glance openstack glance image service installation ansible role cloud,1
openstack nova scheduler openstack nova scheduler service installation ansible role cloud,1
openstack nova api openstack nova api service installation ansible role cloud,1
openstack neutron server openstack neutron server installation ansible role cloud,1
openstack neutron plugins ml2 openstack neutron ml2 plugins installation ansible role cloud,1
openstack nova consoleauth openstack nova consoleauth service installation ansible role cloud,1
openstack neutron l3 agent openstack neutron l3 agent installation ansible role cloud,1
openstack neutron dhcp agent openstack neutron dhcp agent installation ansible role cloud,1
openstack nova compute openstack nova compute service installation ansible role cloud,1
openstack dev set up a server with tools useful for developing openstack cloud development,1
openstack ansible operating-system neutron installation and installation of neutron cloud development python neutron openstack,1
openstack ansible magnum deployment magnum with openstack ansible cloud,1
openstack neutron server openstack neutron server installation ansible role cloud,1
openstack nova api openstack nova api service installation ansible role cloud,1
openstack nova compute openstack nova compute service installation ansible role cloud,1
openstack keystone openstack keystone identity service installation ansible role cloud,1
openstack this role is to provision out a complete openstack kilo deployment including all service networks and tenants projects cloud development system ec2,1
storyboard ansible role to install openstack storyboard openstack storyboard,1
openstack neutron networks a role to idempotently configure neutron networks subnets and routers on a per project basis neutron openstack,1
openstack neutron dvr ansible role for openstack neutron dvr cloud networking,1
openstack common openstack common configure cloud system,1
openstack controller openstack controller configure cloud system,1
openstack client openstack clients ceilometer cinder glance heat keystone neutron nova swift and trove heat ceilometer cinder neutron glance trove client openstack packaging keystone nova swift,1
openstack horizon openstack horizon dashboard installation ansible role cloud,1
openstack keystone openstack keystone identity service installation ansible role cloud,1
openstack nova conductor openstack nova conductor service installation ansible role cloud,1
openstack nova novncproxy openstack nova novncproxy service installation ansible role cloud,1
openstack neutron plugins openvswitch agent openstack neutron openvswitch agent plugins installation ansible role cloud,1
openstack repository ansible role to add openstack repository cloud packaging,1
configdrive creates a configdrive for openstack cloud openstack,1
py openstack dev installation your dev instance for openstack development cloud,1
openstack neutron qos ansible role for openstack neutron qos cloud networking,1
openstack designate ansible role for openstack designate cloud networking,1
openstack compute openstack compute configure cloud system,1
openstack repository ansible role to add openstack repository cloud packaging,1
openstack ansible backup role backup operation for openstack ansible cloud mariadb percona openstack galera,1
ceilometer install configure openstack ceilometer,1
heat install configure openstack heat,1
openstack install configure and manage a full installation of openstack juno icehouse cloud openstack,1
neutron puppet module for-loop openstack neutron,1
midonet configure and install midonet components midonet sdn openstack,1
keystone puppet module for-loop openstack keystone,1
aviator puppet feature wrapper for-loop the aviator openstack api library for-loop ruby fog aviator openstack,1
openstack puppet openstack libraries,1
glance puppet module for-loop openstack glance,1
cinder puppet module for-loop openstack cinder,1
nova puppet module for-loop openstack nova,1
quantum puppet module for-loop openstack quantum,1
neutron puppet module for-loop openstack neutron,1
ceilometer puppet module for-loop openstack ceilometer,1
heat puppet module for-loop openstack heat,1
swift puppet module for-loop openstack swift,1
horizon puppet module for-loop openstack horizon,1
tempest puppet module for-loop openstack tempest,1
openstack cloud provisioner support for-loop openstack virtualization openstack nova virtualization,1
keystone puppet module for-loop openstack keystone,1
openstack puppet openstack libraries,1
nova puppet module for-loop openstack nova,1
glance puppet module for-loop openstack glance,1
neutron puppet module for-loop openstack neutron,1
cinder puppet module for-loop openstack cinder,1
grizzly simplified openstack grizzly deployment with puppet,1
neutron puppet module for-loop openstack neutron with midonet,1
havana simplified openstack havana deployment with puppet,1
heat puppet module for-loop openstack heat,1
cubbystack frameworks for-loop creating custom openstack deployments cinder openstack glance nova keystone swift,1
kickstack rapid openstack deployment with puppet-dashboard or any other puppet enc openstack,1
horizon puppet module for-loop openstack horizon,1
saio deployment openstack swift-all-in-one swift openstack,1
openstack define profiles and roles for-loop deployment midonet with openstack,1
havana reference module to install openstack havana with cubbystack openstack havana nova glance keystone neutron cinder,1
openstack puppet openstack extras module,1
openstack,1
swift puppet module for-loop openstack swift,1
packstack this module set up packstack and installs it openstack packstack,1
ironic puppet module for-loop openstack ironic,1
ceilometer puppet module for-loop openstack ceilometer,1
ironic puppet module for-loop openstack ironic,1
tempest puppet module for-loop openstack tempest,1
sahara puppet module for-loop openstack sahara,1
trove puppet module for-loop openstack trove,1
manila puppet module for-loop openstack manila,1
designate puppet module for-loop openstack designate,1
openstack puppet openstack extras module,1
tuskar puppet module for-loop openstack tuskar,1
openstack install configure and manage a full installation of openstack juno with midonet,1
gnocchi puppet module for-loop openstack gnocchi,1
murano puppet module for-loop openstack murano,1
aodh puppet module for-loop openstack aodh,1
openstack install configure and manage a full installation of openstack kilo with high-availability using hiera,1
glance puppet module for-loop openstack glance kilo release to support high availability,1
