openssh install and configure openssh system networking,1
openssh install and installation openssh client and server system,1
sshd install configure openssh server on debian ubuntu system,1
sshd install and configure openssh server system networking,1
openssh server install and configure sshd on a target host system networking,1
openssh installs and configures openssh system,1
sftp installation chrooted sftp service on top of openssh system networking,1
openssh openssh is a suite of security related networking level utilities based on the ssh protocols which help to security networking communications via the encryption of networking traffic over multiple authentication methods and by providing security tunneling capabilit system networking,1
openssh openssh is a suite of security related networking level utilities based on the ssh protocols which help to security networking communications via the encryption of networking traffic over multiple authentication methods and by providing security tunneling capabilit system networking,1
openssh server openssh server role for rhel centos system openssh,1
openssh authentication manage ssh key in etc ssh authorized key on rhel centos system openssh,1
sshd ubuntu 16 04 xenial xerus openssh server config system ssh networking sshd openssh,1
sshd openssh ssh deamon configuration server openssh system freebsd ubuntu debian ssh networking sshd redhat centos,1
openssh openssh is a suite of security related networking level utilities based on the ssh protocols which help to security networking communications via the encryption of networking traffic over multiple authentication methods and by providing security tunneling capabilities system networking,1
sshd openssh ssh deamon configuration server openssh system freebsd ubuntu debian ssh networking sshd redhat centos,1
sshd openssh installation configuration role system networking,1
sftp server installation chrooted sftp service on top of openssh system networking,1
sshd configure openssh server system,1
opensshserver install and configure openssh server system ssh openssh,1
openssh an ansible role for installation and configuring openssh system networking,1
sshd openssh ssh deamon configuration system networking,1
openssh openssh is a suite of security related networking level utilities based on the ssh protocols which help to security networking communications via the encryption of networking traffic over multiple authentication methods and by providing security tunneling capabilit system networking,1
openssh openssh is a suite of security related networking level utilities based on the ssh protocols which help to security networking communications via the encryption of networking traffic over multiple authentication methods and by providing security tunneling capabilit system networking,1
ubuntu server basic ubuntu headless server system ubuntu ssh networking sshd openssh,1
sshd openssh ssh deamon configuration system networking,1
openssh install and configure openssh system,1
duo installs configures and manages duo unix mfa 2sv 2fa two-factor authentication duo duosec duosecurity ssh pam openssh security,1
hardening installs and configures openssh with hardening openssh ssh hardening,1
openssh puppet module for-loop openssh openssh example42,1
openssh puppet openssh module,1
sshkeys puppet module to manage ssh public key fedora server security freebsd gentoo debian ubuntu openssh ssh,1
openssh this module provides a basic example of the package-file-service design-patterns in puppet,1
openssh module to install openssh client server on archlinux openssh archlinux,1
keymaster a module for-loop installation and managing keymaster openssh private-key publickey authorized-keys dsa rsa ssh keymaster,1
autossh manage ssh tunnels port forwarding under openssh including both the source originator and target destination servers,1
openssh module to manage openssh with focus on using augeas hostkeys ssh openssh,1
