oracle java installs the latest update of oracle java version s development system,1
oracle java oracle java system web,1
pgbouncer a role to install pgbouncer on redhat centos scientific oracle enterprise linux database sql,1
oracle java set up the latest version of oracle java in ubuntu system development system,1
oracleweblogic11g install oracle weblogic with ansible web,1
oraclewebcentersites11g install oracle webcenter sites with ansible web,1
oracle instantclient an ansible role for installation oracle instant client development,1
sa dev pycharm installs oracle java 6 7 8 phpstorm on ubuntu based box python java ubuntu pycharm ide,1
weblogic install and configure oracle weblogic server oracle web middleware,1
oracle oracle11g client oracle oracle11g client for debian ubuntu database,1
virtualbox installs virtualbox from oracle repository development system,1
oracle database sql generate and execute oracle database sql scripting database oracle sql,1
oracle weblogic install and configure oracle weblogic server oracle web middleware,1
oracle soa install and configure oracle soa suite oracle soa web middleware,1
oracle wlst generate and execute wlst scripting development execute generate,1
oracle weblogic dns,1
oracle jvm ansible oracle jvm for debian and ubuntu using webupd8team ppa development system packaging,1
ora common common oracle server installation task taken from oravirt's oravirt ansible oracle git repository cloud database development system sql,1
ora host host oracle server installation task taken from oravirt's oravirt ansible oracle git repository cloud database development system sql,1
osb install and configure oracle service bus oracle web middleware,1
oracle java ansible role to install oracle java using the webupd8team packages on debian development system web,1
sqlplus install and configure sqlplus tool database oracle system,1
oracle java ansible role which installs a particulat version of oracle java system,1
oracle java install oracle java system,1
oracle database ansible role to install oracle database software and create and configure instances and listeners database oracle sql,1
oracle java ansible role for installation one or more oracle java homes and jce on redhat java java oracle,1
oracle java oracle java 7 8 for centos debian ubuntu suse osx java jvm development java system,1
oracle java role to install oracle java development java system,1
oracle oracle installation configuration role database sql,1
emagent oracle enterprise manager agent deployment role cloud database monitoring,1
oracle client playbook for oracle instant client installation database development web sql,1
oracle java oracle java ansible role completely independent from package manager shared-libraries you can use it on any linux distribution system,1
oracle java install oracle java development system,1
sa dev phpstorm installs oracle java 6 7 8 phpstorm on ubuntu based box java phpstorm ubuntu php ide,1
sa dev rubymine installs oracle java 6 7 8 phpstorm on ubuntu based box java ubuntu ide rubymine ruby,1
sa dev intellij-idea installs oracle java 6 7 8 phpstorm on ubuntu based box java ubuntu ide rubymine ruby,1
oracle mysql install mysql oracle database sql,1
oracle weblogic dns,1
oracle java oracle java ansible role development system,1
oradb create create oracle database taken from oravirt's oravirt ansible oracle git repository cloud database development system sql,1
oraswdb install oracle server installation task taken from oravirt's oravirt ansible oracle git repository cloud database development system sql,1
sa dev phpstorm installs oracle java 6 7 8 phpstorm on ubuntu based box java phpstorm ubuntu php ide,1
sa dev rubymine installs oracle java 6 7 8 phpstorm on ubuntu based box java ubuntu ide rubymine ruby,1
sa dev intellij-idea installs oracle java 6 7 8 phpstorm on ubuntu based box java ubuntu ide rubymine ruby,1
oracle mysql install mysql oracle database sql,1
oracle client playbook for oracle instant client installation database development web sql,1
oracle java installs oracle java java development system,1
oracle database instance ansible role to create and configure oracle database instances database oracle sql,1
oradb oracle database 11 2 12 1 linux solaris enterprise manager 12c goldengate oracle11g rcu installer enterprise-manager 11gr2 oracle11g 121 fusion fmw rcu goldengate oracle database 12c,1
orawls oracle weblogic puppet module v2 for-loop linux solaris with wls puppey types providers optimized for-loop hiera 1221 weblogic oracle middleware java fusion osb soa fmw oracle11g 12c 103 1213 service-bus soa-suite oam oim,1
oracle the custom types needed to manage the basic installation of an oracle database database types oracle resources easy custom,1
wls oracle weblogic fusion middleware adf osb webcenter soa suite webcenter java webserver application server oracle weblogic fmw soa osb fusion middleware jdeveloper oepe eclipse soasuite webcenter content solaris redhat rhel centos applications ubuntu debian centos,1
orautils oracle weblogic utilities scripting soa osb middleware fmw java fusion oracle weblogic,1
myst oracle fusion middleware - weblogic soa bpm idm webcenter siebel weblogic soa osb bpm webcenter java fmw fusion idm oracle middleware soasuite myst jenkins tomcat siebel 12c oracle11g,1
virtualbox puppet module to install oracle virtualbox from the official oracle linux repository desktop virtualization debian ubuntu fedora rhel centos redhat oracle virtualbox,1
dcm4chee manage dcm4chee on oracle solaris 11 applications solaris oracle,1
oracle module for-loop installation oracle,1
jrockit oracle jrockit puppet module java jrockit oracle java java,1
glassfish puppet module for-loop glassfish 3+ glassfish oracle java,1
virtualbox a puppet module to install virtualbox virtualbox virtualization oracle darwin osx,1
webgate install and configure oracle webgate,1
dbfs configure oracle dbfs,1
oracle manage the oratab through puppet oratab oracle,1
hudson download and installs oracle's hudson continuous-integration server using native unix linux installation packages oracle continuous-integration hudson,1
providers oracle solaris providers,1
