php pear install pear and pear packages packaging,1
php manage php configuration on ubuntu and centos including extensions in various versions development web,1
newrelic php new relic php agent system web monitoring,1
php composer-php install composerphp system web,1
php extensions install php extensions web,1
php memcached install memcached extension for php from pear web,1
php pear install pear web,1
php yaml install yaml extension php from pear web,1
php php for redhat centos debian ubuntu development web,1
php pecl php pecl extension installation development web,1
php xdebug php xdebug for linux development web,1
php this role installs and configures the php development web,1
php fpm this ansible role manage installation and configuration of php fpm inspired from git com cocoy ansible playbooks web,1
php pecl install pecl extensions for php via pecl or apt web,1
composer-php install and update composer-php php dependencies manager web packaging,1
php an ansible role for installation php,1
php an ansible role for installation and configuring php development web,1
php pecl install pecl extensions for php via pecl or apt web,1
php installs and configures php development web,1
newrelic php new relic php agent system web monitoring,1
php opcache reset reset the php opcache that lives in php fpm's memory web,1
php install php its module and provide usefull settings for it development system,1
php installs and configures php web,1
php installs and configures php fpm flexible configuration and sensible defaults development web,1
zend-framework php options configures zend-framework php settings web,1
php fpm this role allows you to to configure php fpm pools for both php 5 6 and 7 0 on the same system fpm apache apache2 nginx web php,1
php this role allows you to install php 5 6 and or php 7 0 on ubuntu trusty and debian jessie web php php7,1
php php and php module installation development,1
composer-php ansible role for installation and configure composer-php ubuntu composer-php php,1
php ansible role for installation and configure php and php packages ubuntu php,1
newrelic php new relic php agent role application monitoring for rhel centos ubuntu debian monitoring,1
php mysql php mysql support for redhat centos and debian ubuntu database web,1
php handle php development web php,1
php command-line-interface a simple role that compiles php command-line-interface from source development system src php,1
openapphack php php for debian ubuntu development web,1
openapphack php xdebug php xdebug for linux development web,1
php fpm a simple role that compiles php fpm from source development system src php,1
php an ansible role that installs php on ubuntu specifically created with phansible in mind web,1
php extjs postgresql9 bridging role to use php 5 with postgresql database system,1
php mbstring php multibyte string for rhel centos php mbstring,1
sa php hhvm installs facebook's hhvm on ubuntu ubuntu hhvm php,1
php computer-science fixer install php coding standards fixer development system web packaging,1
php xdebug php xdebug for linux development web,1
php memcached php memcached support for linux database web,1
php xhprof php xhprof for linux development web,1
php this role installs and configures php 7 for ubuntu trusty 14 04 development system ansidev web,1
php mysql php mysql support for debian ubuntu database web,1
php vhosts ansible role for php virtualhost management system,1
php php for redhat centos debian ubuntu development web,1
php install php packages web debian php,1
php install and configure php web,1
composer-php composer-php php dependencies manager web packaging,1
deployment project php symfony2 an ansible for deployment symfony2 project deployment,1
php installs and configures php 5 and selected extensions development,1
php installs and configures php 5 and selected extensions development,1
phpfpmapp installation php fpm app debian php,1
php php for redhat centos debian ubuntu development web,1
php ansible role for php environment composer-php installation on ubuntu server development system web packaging,1
php nginx bridging role to use php 5 with nginx using php fpm system web,1
ubuntuphpfpm7 'ubuntu install php7 fpm' php,1
deployment ansible role to deployment scripting applications like php python ruby etc in a capistrano styles cloud web,1
php ansible small role to install php development web,1
php pecl php pecl extension installation development web,1
php command-line-interface php command-line-interface for ubuntu 14 04 development system,1
php fpm php fpm for ubuntu 14 04 development web,1
newrelic php new relic php agent role application monitoring for rhel centos ubuntu debian monitoring,1
php fpm ansible role for installation and configuring php fpm web,1
newrelic php new relic php agent system web monitoring,1
php 56 command-line-interface set up php 5 6 command-line-interface in ubuntu system system web,1
php php for redhat centos debian ubuntu development web,1
php ansible role that installs configures php on ubuntu development system web,1
phpenv role to install custom versions of php using phpenv and php build development system,1
phalcon php phalcon development web packaging,1
superlumic php ansible role to install php on osx this role is part of the superlumic project that aims to simplify repeat computer setups on osx 10 10 and up system,1
php ansible role php system web,1
zend-framework server role for installation zend-framework server cloud development php monitoring webserver,1
php php for redhat centos debian ubuntu development web,1
composer-php composer-php php dependencies manager web packaging,1
php memcached php memcached support for linux database web,1
php pecl php pecl extension installation development web,1
php xdebug php xdebug for linux development web,1
php56 php 5 6 5 3 for rhel centos development web,1
php pecl php pecl extension installation development web,1
php xhprof php xhprof for linux development web,1
php an ansible role for installation php web,1
php pear an ansible role for installation pear package for php web,1
php amqp an ansible role for installation amqp module for php web,1
php gd an ansible role for installation gd module for php web,1
php mcrypt an ansible role for installation mcrypt module for php web,1
php mongodb an ansible role for installation mongodb module for php web,1
php newrelic an ansible role for installation new relic module for php web,1
php installs php in various versions development web,1
composer-php composer-php installer composer-php php,1
php ansible role for php installation system,1
php php is a popular general purpose scripting language that is popular in web development development web,1
php fpm installs and configure system php fpm,1
php ansible role for installation php,1
phpenv scrit to installation phpenv php,1
php php for debian ubuntu development web,1
php7 install latest php version in dotdeb repository web,1
php7 command-line-interface install latest php command-line-interface version in dotdeb repository system web,1
osx php installs php and composer-php on osx manages global composer-php packages osx php,1
ansible php7 php 7 is the latest version of general purpose scripting language that is popular in web development development web,1
debian php hhvm install php hhvm for debian system web,1
debian php newrelic install php newrelic for debian system monitoring,1
debian php xdebug install php xdebug for debian system web,1
php7 php 7 is the latest version of general purpose scripting language that is popular in web development development web,1
xdebug an ansible role that installs php xdebug on linux servers specifically created with phansible in mind development web,1
php php installation web php,1
php xdebug php xdebug installation debugging web php xdebug,1
composer-php php dependencies manager composer-php web packaging,1
php role which installs and configures php and php extensions system,1
composer-php this role installs composer-php on redhat centos and debian ubuntu linux servers ontic server web composer-php php packaging,1
php fpm install php fpm and php extensions fpm php,1
php xml php xml for rhel centos xml php,1
php imap php imap for rhel centos imap php,1
php56 php 5 6 for linux server server development php56 system php webserver,1
php php for debian ubuntu web,1
magento this role installs magento on redhat centos and debian ubuntu linux servers ontic web ecommerce php magento,1
php fpm php fpm management development web,1
phpunit ansible role to install phpunit on debian development librairies web php phpunit,1
upload progress upload progress php module for beetbox development web beetbox,1
php php and fpm instalation development,1
php php and fpm instalation development,1
php apcu manage php apcu caching system web,1
php ansible role to install php development web,1
php pecl php pecl development web,1
php install latest php version in dotdeb repository web,1
php mysql php mysql support for redhat centos and debian ubuntu database web,1
newrelic php an ansible role for configuring new relic php agent on ubuntu trusty system web monitoring,1
php command-line-interface ansible role to install php command-line-interface development,1
composer-php install and update composer-php php dependencies manager web composer-php php packaging,1
composer-php installs composer-php on debian ubuntu linux servers php is required ubuntu composer-php debian,1
php install and configure php system,1
php php is a popular general purpose scripting language that is popular in web development development web,1
php xdebug php xdebug for ubuntu trusty and precise development web,1
php install phpenv php and set up a site in nginx running it with php fpm fpm nginx web composer-php php phpenv pecl psysh xdebug phpunit,1
ansistrano rollback ansible role to roll back scripting applications like php python ruby etc in a capistrano styles cloud web,1
php installs php on a server development web,1
php xdebug php xdebug for linux development web,1
php pecl php pecl extension installation development web,1
php xhprof php xhprof for linux development web,1
php fpm ansible role for installation php fpm including php apc and other helpful bits development system web packaging,1
php profiling profiling php apps development monitoring,1
php pear php pear library installation development web,1
php common installs php development web,1
phergie phergie a php irc bots web networking,1
php dev install latest php development package version in dotdeb repository web,1
php fpm install latest php fpm version in dotdeb repository web,1
php xdebug install xdebug extension for php web,1
php pecl php pecl extension installation development web,1
php fpm debian install and configure php fpm on debian system web,1
php fpm command-line-interface install libfcgi and php fpm command-line-interface which are needed for the role f500 php opcache reset web,1
php php for redhat centos debian ubuntu development web,1
php a role to configure php web,1
php redis installs and configures php redis web,1
php a role for installation and configuring php development web,1
php a role for installation and configuring php development web,1
php install and manage php environment using php fpm development system web,1
php install and configuration php development web,1
php an ansible role for installation and configuring php on ubuntu trusty with support for apache2 php fpm pear and pecl development web,1
newrelic php an ansible role for configuring new relic php agent on ubuntu trusty system web monitoring,1
adminer set up adminer database management in a single php file database system web,1
php pear php pear development web,1
newrelic php an ansible role for configuring new relic php agent on ubuntu trusty based on code originally by mark janssen dieter provoost yosh de vos system web monitoring,1
php ansible role for php environment composer-php installation on ubuntu server development system web packaging,1
php dev a set of playbook roles to install multiple versions of php using php build and phpenv development web,1
php56 scrit to installation php 6 system web networking,1
php paul php for redhat centos debian ubuntu development web,1
php a php role development web,1
php mysql php mysql support for redhat centos debian ubuntu database web,1
php xhprof php xhprof for linux development web,1
composer-php composer-php php dependencies manager web packaging,1
php memcached php memcached support for linux database web,1
php fpm php fpm role development,1
rutorrent download and installs the rutorrent php code templates config php web monitoring,1
php fpm ansible php fpm role web,1
dokuwiki install dokuwiki a text based wiki written in php web,1
deployment ansible role for deploying php applications,1
php php is a popular general purpose scripting language that is popular in web development development web,1
php debian lucid php for redhat centos debian ubuntu development web,1
php php for redhat centos debian ubuntu development web,1
composer-php composer-php php dependencies manager web packaging,1
php php for debian ubuntu web,1
php ansible galaxy role to install php applicationserver system web php base,1
composer-php an ansible role that installs composer-php the php dependencies manager on ubuntu specifically created with phansible in mind web packaging,1
php php for redhat centos debian ubuntu development web,1
php mysql php mysql support for redhat centos and debian ubuntu database web,1
php xhprof php xhprof for linux development web,1
composer-php composer-php php dependencies manager web packaging,1
composer-php composer-php php dependencies manager web packaging,1
php mysql php mysql support for redhat centos and debian ubuntu database web,1
php xdebug php xdebug for linux development web,1
php devel an ansible role for installation development file for php development,1
php common an ansible role for installation common module for php web,1
php imagick an ansible role for installation imagick module for php web,1
php memcached an ansible role for installation memcached module for php web,1
php mysql an ansible role for installation mysql module for php web,1
nr php install and configure newrelic agent for php system web monitoring,1
php mysql php mysql for rhel centos php mysql,1
php php is a popular general purpose scripting language that is popular in web development development web,1
php devel an ansible role for installation development file for php development,1
php common an ansible role for installation common module for php web,1
php imagick an ansible role for installation imagick module for php web,1
php memcached an ansible role for installation memcached module for php web,1
php mysql an ansible role for installation mysql module for php web,1
nr php install and configure newrelic agent for php system web monitoring,1
localcloud php this role will install latest stable php release with a configurable list of module expose important settings and manage your fpm pool set up use this to quickly install and manage your php deployment in a reliable way development system web,1
php install and configure php,1
php zerorpc ansible role zerorpc php,1
t3deploy a role for deploying projects of the php based enterprise cms typo3 composer-php typo3 cms php deployment deployment,1
freebsd jailed php fpm creates a php fpm pool and a zfs dataset which is used as web root by php fpm cloud ec2 iocage jails freebsd,1
php scl an ansible role to install php 5 5 from the software collections library system web,1
php php is a popular general purpose scripting language that is popular in web development development web,1
phpsh a read eval printing loops for php web phpsh org development web,1
composer-php composer-php php dependencies manager web packaging,1
php7 dev install latest php development package version in dotdeb repository web,1
php ioncube php ioncube support for linux web,1
composer-php php composer-php composer-php php,1
php this ansible role infuses antigravity you are warned development web,1
php deployment php command-line-interface and php fpm to your servers command-line-interface fpm nginx php,1
php70 php 7 0 provision role php70 centos7,1
php7 install and configure php7 development web php,1
debian php extensions install php extensions for debian system web,1
debian php fpm install php 7 fpm for debian system web,1
debian php maxmind geoip install php maxmind geoip for debian system system,1
debian php phalcon install php phalcon for debian system web,1
debian php zeromq install php zeromq for debian system system,1
composer-php install composer-php a dependencies manager for php development web packaging,1
php install and configure php fpm is wanted development web,1
php php is a popular general purpose scripting language that is popular in web development development web,1
php debian lucid php for redhat centos debian ubuntu development web,1
php php for redhat centos debian ubuntu development web,1
composer-php composer-php php dependencies manager web packaging,1
wkhtmltopdf ansible role to install wkhtmltopdf on debian development librairies web wkhtmltopdf php wkhtml2pdf,1
php70 php 7 0 for linux server server development system php php70 webserver,1
php70 php 7 0 php,1
composer-php php composer-php composer-php php,1
php fpm install and configure php fpm system,1
hhvm hhvm installer web hhvm php,1
composer-php install composer-php php dependencies manager development web packaging,1
php this role installs php on redhat centos and debian ubuntu linux servers ontic server fpm web php pecl,1
php fpm php fpm installer php,1
php php is a popular general purpose scripting language that is popular in web development development web,1
phpsh a read eval printing loops for php web phpsh org development web,1
composer-php composer-php php dependencies manager web packaging,1
php7 dev install latest php development package version in dotdeb repository web,1
php7 fpm install latest php fpm version in dotdeb repository web,1
newrelic installs the php agent for newrelic system monitoring,1
deployment ansible role for deploying php applications,1
php php for redhat centos debian ubuntu development web,1
php memcached php memcached support for linux database web memcached,1
php70 php 7 0 for linux server server development system php php70 webserver,1
php70 php 7 0 php,1
php pecl php pecl extension installation development web,1
php a php role for elao symfony2 standards vagrant box development web,1
composer-php installs and configures php composer-php development,1
php command-line-interface install latest php command-line-interface version in dotdeb repository system web,1
php php for redhat centos debian ubuntu development web,1
composer-php installs and configures php composer-php development,1
php7 installs and configure php 7 on debian ubuntu servers web php php7,1
newrelic php new relic php agent role application monitoring for rhel centos ubuntu debian monitoring,1
n98 magerun installs n98 magerun n98 magerun2 on debian ubuntu linux servers php is required for n98 magerun to function ubuntu debian,1
php fpm installs and configures php fpm on debian ubuntu linux servers ubuntu debian,1
ansistrano deployment ansible role to deployment scripting applications like php python ruby etc in a capistrano styles cloud web,1
php fpm ansible role for installation and configuring php fpm web,1
php newrelic installs new relic php agent php php monitoring newrelic,1
php php for redhat centos debian ubuntu development web,1
php mysql php mysql support for redhat centos and debian ubuntu database web,1
php redis phpredis support for linux database web,1
php memcached php memcached support for linux database web,1
composer-php composer-php php dependencies manager web packaging,1
composer-php this module installs composer-php a dependencies manager for-loop php composer-php php,1
phpldapadmin install and configure phpldapadmin phpldapadmin ldap php,1
pear puppet module to manage php pear packages php pear,1
php puppet module to manage php pecl pear on debian ubuntu - easily expandable to support other platforms fpm apache command-line-interface debianfdotdeb php pecl pear composer-php phpunit apc curl gd gearman igbinary imagick mcrypt mysql redis ssh2 uploadprogress xdebug apache apache2 fpm php5-fpm php ubuntu,1
php puppet module for-loop php apache example42 php,1
php generics php module that supports many platforms php pecl pear hiera fpm apache lamp ubuntu debian sles centos suse rhel redhat,1
php php module httpd fpm fastcgi apache php,1
composer-php this module provides the 'composer' php dependencies manager composer-php php,1
php puppet phpmyadmin module vhost apache redhat centos phpmyadmin debian ubuntu,1
php manages php daemon and pool configuration php php fastcgi fastcgi,1
symfony2 puppet module to install soft required by symfony2 standards boilerplate sandbox application app php frameworks symfony-standard symfony2,1
php puppet module to install php-fpm command-line php5-cli command-line-interface php-fpm php,1
php puppet phalconphp module phalcon installation automated centos6 phalconphp,1
php install and configure php for-loop use with drupal largely appropriate for-loop wordpress and other cmses as well,1
php apache debian ubuntu php apache2 fpm command-line-interface,1
php a module to install phars: composer-php phar phpunit phar etc phpspec behat symfony2 box php-cs-fixer phpunit composer-php phar php,1
composer-php manage php composer-php installation as well as installation and update of projects using composer-php php composer-php,1
blackfire module for-loop managing and configuring blackfire php profiler php,1
php installs the phpunit phar package to an executable path for-loop running unit testing for-loop your php-based applications phpunit php,1
php manage php qa tools http: phpqatools org using puppet php pear phpqatools phpqa phptools,1
php a puppet module to manage php ubuntu debian php devtools,1
zend-framework a puppet module that installs zend-framework frameworks 1 x x and 2 x x php zend-framework frameworks zendframework zend-framework,1
php install and configure php apc apc php,1
hhvm installs and configures facebook's hhvm facebook fastcgi ubuntu hhvm php,1
php a puppet module that installs phpmyadmin debian ubuntu mysql phpmyadmin,1
php configures upstart jobs for-loop php5-cgi php-fastcgi ubuntu php5-cgi fastcgi spawnfcgi spawn-fcgi upstart nginx,1
php php badoo,1
zend-framework a module for-loop maintaining a zend-framework server installation zend-framework server php,1
ioncubeloader ioncube loader support for-loop php amazon ubuntu debian redhat ioncubeloader php ioncube,1
php install configure and autoupdate phpmyadmin without apache config phpmyadmin,1
php installs php on windows,1
php deprecated! use velaluqa phpmyadmin phpmyadmin mysql,1
hhvm install hiphop virtualization hhvm virtual machine - the php just in time environment compiler-construction by facebook ubuntu hhvm,1
php puppet module to install php computer-science fixer https: git com fabpot php-cs-fixer php psr1 psr2 php-cs-fixer,1
composer-php puppet 'composer' php dependencies manager module,1
tinytinyrss deprecated! use velaluqa tinytinyrss rss reader php,1
php phpmyadmin puppet module phpmyadmin git,1
php installs chh php-build through puppet php,1
newrelic newrelic module newrelic php,1
php php,1
composer-php puppet module to install composer-php a dependencies manager for-loop php commposer php,1
php php,1
php installs chh phpenv through puppet php,1
php puppet module to install phpmyadmin sql database php mysql phpmyadmin,1
zendguardloader puppet module to install zend-framework guard loader for-loop php 5 3 and php 5 4 apache-linux-x64 originally forked from proud sourcing gmbh,1
php php module ubuntu fpm nginx composer-php php,1
php deprecated! use gajdaw php_phars,1
piwik puppet piwik module tracking statistics php piwik,1
box deprecated! use gajdaw php_phars phar box php,1
composer-php puppet module to install php composer-php on ubuntu using ppa:duggan composer-php,1
php deprecated! use gajdaw php_phars,1
php php module,1
php tools for-loop php applications build tools php,1
robo this module installs robo a task runner for-loop php robo php,1
php rentabiliweb php5-fpm module rentabiliweb php5-fpm php fpm php puppet,1
php php puppet module for-loop ubuntu,1
php puppet module to install php 7 beta or nightly build from zend-framework repository php,1
php installs php 5 5 on redhat centos 6 machines,1
php installs phpmyadmin from a package,1
