postgresql postgreql database development sql,1
postgresql server install postgresql using ansible database nosql sql,1
postgresql a role for installation and configuring postgresql database sql,1
luket postgresql postgresql install and config database sql,1
postgresql ansible postgresql role database sql,1
postgresql for rhel6x install and configure postgresql dependencies extensions database and user database sql,1
postgresql streaming replication a role to install and installation postgresql 9 x streaming replication on redhat centos scientific oracle enterprise linux database sql,1
bdr manage postgresql bdr system packaging,1
postgresql94 bdr a role to install and installation postgresql 9 4 bi directional replication on redhat centos enterprise linux database sql,1
psql installs postgresql database development system sql,1
psql installs postgresql database development system sql,1
postgresql installs and configures the postgresql database,1
pg failover install postgresql along with components required for automatic failover,1
postgresql postgresql role database sql,1
postgresql an ansible role for installation and configuring postgresql database sql,1
devrole postgresql,1
postgresql install and manage a postgresql web postgresql org server database sql,1
postgis3d this role installs postgis with 3d capabilities sfcgal plus pointcloud and pdal 3d postgresql postgis,1
postgresql a role for installation and configuring postgresql database sql,1
barman role for postgresql backup and restore manager barman database postgresql,1
pgpool2 role for postgresql load balancer and replication system pgpool2 database postgresql,1
postgresql ansible role for postgresql installation database,1
sa postgresql installs postgresql optionally patch listen address and trusted networks possibility to pre create user for your application ubuntu postgresql,1
postgresql9 client installs client tools and libraries for postgresql database system,1
postgresql9 extjs postgis postgis extension for postgresql to enable geospatial function system,1
postgresql role to manage postgresql database sql,1
postgresql vhosts ansible role for postgresql virtualhost management database,1
postgresql ansible script to install postgresql over ubuntu server database postgresql web sql,1
postgresql vhosts ansible role for postgresql virtualhost management system,1
postgresql installs and configures postgresql sql,1
postgresql a role that installs postresql server database,1
postgresql manage a basic role useful for creating postgresql user and database database postgresql postgresql sql,1
postgresql ansible role for installation and configuring a postgresql database server database postgresql,1
postgresql install postgresql server development,1
postgresql installs configures the specified version of postgresql and creates the specified list of database database sql,1
postgresql installs postgresql database sql,1
pgbuildfarm member postgresql buildfarm member management database development monitoring sql,1
barman task for postgresql barman database sql,1
postgresql postgresql role for ansible centos database,1
postgresql server install and manage postgresql server database postgresql,1
postgresql install and configure postgresql dependencies extensions database and user database sql,1
postgresql basic installation for postgresql database server database sql,1
postgresql ansible role for postgresql installation system,1
postgresql postgresql installation postgresql postgresql postgresql,1
postgresql94 server postgresql server postgresql,1
postgresql an ansible role for installation postgresql database sql,1
postgresql install and configure postgresql dependencies extensions database and user database sql,1
postgresql on el6 a role to install postgresql 8 4 9 x on redhat centos scientific oracle enterprise linux database sql,1
postgresql install a bare bones version of postgresql database sql,1
postgresql server installs postgresql server system,1
postgresql database creates postgresql database system,1
wale perform continuous archiving of postgresql wal file system,1
postgresql a simple role to create a database with a new postgresql user optional activate hstore extension for the new database database sql,1
postgresql object configure postgresql object user roles database and privileges database sql,1
postgresql installs configures the specified version of postgresql and creates the specified list of database database sql,1
postgresql ansible role to configure postgresql database sql,1
postgresql install minimal postgresql 9 3 on centos database development web sql,1
postgresql an ansible role for installation and configuring postgresql client server database,1
postgresql role postgreql database development sql,1
cloudman database installation a postgresql database for galaxy cloudman database,1
postgresql postgresql for archlinux database sql,1
postgresql install and manage a postgresql web postgresql org server database sql,1
postgresql installs postgresql for local development development installation postgresql,1
pgbouncer role for postgresql connection pooler pgbouncer database postgresql,1
repmgr role for repomgr postgresql replication administration utility database postgresql,1
postgresql ansible role for installation and configure postgresql database postgresql ubuntu,1
postgresql9 server installs and configures postgresql server system,1
postgresql postgresql installation and installation cloud,1
postgresql handle postgresql system postgresql,1
postgresql a postgresql role for elao symfony2 standards vagrant box database development web sql,1
pgcluu install configure pgcluu database postgresql,1
postgresql postgresql is a powerful open source object relational database system it has more than 15 years of active development and a proven architecture that has earned it a strong reputation for reliability data integrity and correctness database sql,1
tt rss creates a tt rss instance using postgresql web,1
postgresql postgresql is a powerful open source object relational database system it has more than 15 years of active development and a proven architecture that has earned it a strong reputation for reliability data integrity and correctness database sql,1
postgresql on el6 a role to install postgresql 8 4 9 x on redhat centos scientific oracle enterprise linux database sql,1
postgresql role to build and install postgresql from sources installer database postgresql,1
postgresql install and configure postgresql dependencies extensions database and user database sql,1
postgresql install and configure postgresql dependencies extensions database and user forked from anxs postgresql database sql,1
postgresql install and configure postgresql dependencies extensions database and user database sql,1
postgresql ansible playbook to install postgresql database,1
gitlab containers ansible role to manage gitlab containers containers postgresql gitlab redis docker,1
postgresql containers ansible role to manage postgresql containers containers database postgresql docker,1
postgresql install and configure postgresql dependencies extensions database and user database sql,1
postgresql install and configure postgresql dependencies extensions database and user database sql,1
postgresql 9 4 server postgresql server postgresql,1
folders ansible script to install postgresql debian,1
postgresql9 server installs and configures postgresql server system,1
postgresql postgresql installation and installation cloud,1
postgresql handle postgresql system postgresql,1
pgcluu install configure pgcluu database postgresql,1
postgresql install and configure postgresql dependencies extensions database and user forked from anxs postgresql database sql,1
postgresql installs postgresql for local development development installation postgresql,1
pgbouncer role for postgresql connection pooler pgbouncer database postgresql,1
repmgr role for repomgr postgresql replication administration utility database postgresql,1
postgresql ansible role for installation and configure postgresql database postgresql ubuntu,1
postgresql install and configure postgresql dependencies extensions database and user database sql,1
postgresql 9 4 server postgresql server postgresql,1
folders ansible script to install postgresql debian,1
postgresql manage local or remote postgresql roles and database database postgresql,1
el postgresql role postgresql on one or two centos rhel boxes database,1
postgresql install postgresql server development,1
postgresql server role for postgresql server on osx database,1
postgresql support an ansible role for installation libraries that support postgresql ansible module database sql,1
postgresql postgresql is a powerful open source object relational database system it has more than 15 years of active development and a proven architecture that has earned it a strong reputation for reliability data integrity and correctness database sql,1
postgresql install simple role to install and security default version of postgresql on ubuntu database postgresql postgresql sql,1
postgresql offers support for-loop basic management of postgresql database database postgresql postgresql centos rhel ubuntu debian postgresql,1
pureftpd manages the pure-ftpd package with comprehensive configuration support postgresql mysql ldap ftp pureftpd pure-ftpd redhat rhel centos scientific pure-ftp pureftp,1
postgresql install and configure the postgresql database system database postgresql postgresql,1
postgresql postgresql defined resources types database postgresql,1
postgresql puppet module for-loop postgresql postgresql example42,1
pgpool a puppet module to configure pgpool postgresql database pgpool,1
phppgadmin install and configure phppgadmin phppgadmin postgresql php,1
icingaweb2 module to install and maintain icingaweb2 postgresql nagios mysql monitoring idoutils ido icingaweb2 icinga2 icinga,1
phppgadmin deprecated! use velaluqa phppgadmin phppgadmin postgresql,1
postgresql postgresql defined resources types,1
pe_external_postgresql a module for-loop installation an external postgresql node for-loop puppet enterprise,1
postgresql a basic types for-loop managing postgresql droppod,1
wal_e installation wal_e wal-e postgresql pitr ubuntu replication,1
postgresplus installation and confgiuration of a postgresql plus server with replication postgresql postgresplus enterprisedb,1
postgresqlxc postgresql xc defined resources types,1
phppgadmin puppet phppgadmin module postgresql postgresql phppgadmin,1
postgres_xc postgres-xc module database postgresql postgresql debian postgresql pg-xc postgres-xc,1
postgresq a puppet module that configure the postgresql repository on an enterprise linux and relatives system el6 postgrelsql,1
postgresql manage postgresql roles and database through puppet postgresql postgresql,1
pgtune configures postgresql instance for-loop optimal usage of system resources optimization performance pgtune postgresql,1
backupninja install and configure backupninja postgresql mysql ldap snapshot lvm rsync backup backupninja,1
pgbouncer installs and configure pgbouncer postgresql pgbouncer,1
