postfix install and configure postfix system,1
postfix an ansible role for installation and configuring postfix system,1
postfix installs configures postfix for debian ubuntu system,1
postfix a base postfix config system,1
postfix installs postfix system,1
openapphack postfix postfix for debian ubuntu system email networking,1
postfix ansible role for postfix development osx alpine,1
postfwd2 install and configure postfwd2 a postfix policyd system networking,1
mailgun configure mailgun smtp relaying for postfix system monitoring,1
postfix ansible role to install and configure postfix system email postfix,1
debian postfix install postfix for debian system system,1
postfix postfix for rhel centos system email postfix,1
postfix installs and configures postfix mta email postfix,1
postfix ansible role for installation postfix smtp with spamassassin server smtp email spamassassin mta postfix startls,1
postfix postfix system email mta postfix,1
postfix manage postfix system networking,1
postfix postfix for redhat centos or debian ubuntu system email networking,1
postfix installs and configures postfix system,1
mailutils installs mailutils and postfix provide sendmail in php email in console system web,1
postfix install and manage postfix smtp server system,1
mandrill relay ansible role for deploying a postfix email server which forwards mails via mandrill networking,1
postfix scrit to installation postfix system web networking,1
mandrill use mandrill as postfix mailrelay development system,1
postfix postfix for redhat centos or debian ubuntu system networking,1
postfix install and manage postfix smtp server system networking,1
postfix send only install and configure a send only postfix,1
postfix postfix role can work with amavis dovecot and more roles to do a full scale email server,1
postfix installs postfix role include ability to configure relayhost dns url-rewriting system,1
mandrill use mandrill as postfix mailrelay development system,1
ansible role postfix ansible role for postfix mta,1
postfix postfix role can work with amavis dovecot and more roles to do a full scale email server,1
postfix postfix for debian ubuntu system email networking,1
postfix install and manage postfix smtp server system networking,1
postfix set up a postfix server in debian like system system web,1
postfix postfix email transport agent module smtp email mta,1
postfix this postfix module installs postfix and configures it using augeas postfix debian postgresql,1
postfix camptocamp postfix module postfix mta smtp satellite debian redhat ubuntu centos,1
postfix puppet module for-loop postfix postfix example42,1
nullmailer install and configure nullmailer as a simple email relay debian postfix ubuntu email mta exim email relay nullmailer sendmail,1
postfix this module installs configures and manages the postfix service postfix,1
postfix a puppet module for-loop installation and configuring the postfix message transfer agent mta smtp postfix email relayhost,1
postfix simple module to manage postfix email server mta redhat ubuntu centos debian postfix,1
postfix installs and manages the postfix service logging logstash beaver,1
amazon set up smtp through postfix for-loop amazon ses,1
mailserver this module provides a mailserver with postfix as smtp-server and dovecot as imap server with virtual configuration stored in a postgresql database debian postfix dovecot postgresql amavis spamassassin clamav email mailserver imap,1
postgrey a simple module for-loop managing postgrey email postfix postgrey,1
amazon set up smtp through postfix for-loop amazon ses smtp postfix email ses amazon,1
postfix controls postfix spf and dkim using opendkim debian postfix spf dkim,1
dopostfix postfix installation and configuration module ubuntu rhel centos sendmail mail-relay postfix,1
postfix manage a postfix server email postfix,1
pypolicyd_spf pypolicyd-spf python policyd postfix spf,1
postfix pustfix puppet module postfix email redhat debian smtp,1
postfix alpha postfix,1
smtpsandbox a postfix installation that captures all outbound email,1
postfix postfix email transport agent module,1
postfix configures postfix to send email through a smart host,1
postfix installs and configures postfix mta postfix relay smtp email,1
postfix install and configure postfix aliases,1
postfix installs and manages the postfix service postfix smtp,1
postfix postfix email transport agent module supporting multiple instances based on and compatible with the most famous thias postfix module,1
