python installs python pip setuptools and virtualenv development system,1
python common common utilities for python including python dev pip and setuptools system packaging,1
miniconda miniconda python distribution development packaging,1
gdal netcdf an ansible role for installation gdal with python binding that can read netcdf file,1
python ansible role for python utilities etc system,1
python installs minimal python 2 7 8 setuptools pip from source on centos 6 5 development web,1
python install python virtualenv virtualenvwrapper system,1
azulinho python27 ansible role for deploying the python 27 on rh system,1
bootstrap ensure python2 installed python2 python system bootstrap,1
devpi deploys a devpi server for caching download from the python package indexing development,1
python dev configure common tools used for python development cloud development,1
sd agent serverdensity python agent install cloud system ec2 gce rax clustering monitoring,1
diamond role to installation python diamond monitoring,1
virtualenv install and manage virtualenv development python packaging,1
python27 install python 2 7 system,1
ansible role install pip install python pip python system,1
virt net deps install virt net module dependencies python system,1
python python is a programming language that lets you work quickly and integrate system more effectively development,1
mapr python,1
python requirements ansible role for python requirements development osx alpine,1
python deps ansible role to install python dependencies for various python versions development packaging,1
python-3.x ansible role for installation a python 3 x version from source development system,1
python installs minimal python 2 7 8 setuptools pip from source on centos 6 5 development web,1
python monasca events installs python monasca events system clustering,1
python provisions python via pyenv database development system,1
libselinux python libsexlinux python for rhel centos packaging,1
python installation python package development web,1
python old versions installs an older version of python development system web packaging,1
locust an open source distributed python based load testing tool monitoring,1
python python role development,1
virtualenvwrapper ansible role install and configure virtualenvwrapper development python system virtualenvwrapper virtualenv,1
python installs python from sources system packaging,1
python ansible role to service python development,1
debian python install python for debian system system,1
python ansible role to build python development system,1
sa python installs most recent pip list of optional packages python ubuntu pip,1
pyenv pyenv python installer version manager development python installer,1
nfc controller itead pn532 uart this role prepares raspberry pi to be a nfc controller for itead pn532 chip based boards connected via uart electrosome com uart raspberry pi python itead nfc pn532 raspberrypi,1
sa jython installs python implementation for jython jython ubuntu,1
uwsgi ansible role to install and manage uwsgi python uwsgi,1
python install specific versions of python and python packaging tools development system,1
python2 installs python 2 language runtime development packages and pip package manager system,1
python installs python development,1
opbeat this ansible role install opbeat package python development,1
diamond ansible role to install python diamond system monitoring,1
python latest installs the latest python 3 version in ubuntu using the deadsnakes ppa development system,1
python27 ansible role for python 2 7 amazon python27 centos6,1
python installs python pip setuptools and virtualenv development system,1
python an ansible role for installation the python programming language development,1
python python is a programming language that lets you work quickly and integrate system more effectively development,1
pip python pip command web,1
virtualenv creates a python virtualenv cloud development python system packaging,1
virtualenv creates a python virtualenv cloud development python system packaging,1
python role for manage python and module development system,1
pythondev ansible role for installation python dev and pip development system,1
djangoserver installs basic requirements for setting up a server for use with a django app python requirements virtualenv and setuptools web,1
locust an open source distributed python based load testing tool monitoring,1
python install python and python tools system,1
python 2 install python 2 7 pip virtualenv and the python dev package development,1
pyenv pyenv isntaller configurer python pyenv,1
python openstackclient role to the latest version of python openstackclient using pip cloud,1
python python is a programming language that lets you work quickly and integrate system more effectively development,1
python this role installs python ubuntu packages including development header pip setuptools and virtualenv development system packaging,1
python install python packages python web debian,1
wsgiapp installation wsgi app python debian wsgi,1
compilation python compiles a python interpreter from source python is the only thing itdownloads rest is downloaded from debian repository tested for python 3 5,1
python wsgi installs wsgi by compilation with a custom python version development system,1
python lxml,1
graph tool a role to install graph tool graph tool skewed de for python development,1
python role installs python from sources system packaging,1
locust an open source distributed python based load testing tool monitoring,1
python install python and python tools system,1
compilation python install all dependencies and compilation any version of python development python,1
python 27 scl provides an role to install python27 from the software java-collections-api ilist development,1
common common role to update the system and install some usefull packages and finaly install python and pip system,1
tripleo overcloud ansible set of task for deploying tripleo overcloud cloud development python openstack,1
python lxml,1
graph tool a role to install graph tool graph tool skewed de for python development,1
compilation python compiles a python interpreter from source python is the only thing itdownloads rest is downloaded from debian repository tested for python 3 5,1
zerorpc python install zerorpc python on centos server amazon zerorpc python centos6,1
virtualenv configure and update a python virtualenv development packaging,1
python python packaging,1
bootstrap bootstrap a vps to work with ansible python installer bootstrap ansible dependencies,1
python install specific versions of python and python packaging tools development system,1
python python module python pip virtualenv gunicorn,1
puppetboard install and configure puppetboard puppetboard dashboard redhat debian python,1
python camptocamp python module,1
pip install pip using get-pip py script redhat centos trusty precise ubuntu pip python,1
python installs the python language runtime venv virtualenv setuptools pip python,1
python provides python and python development packages ubuntu debian python,1
pyenv puppet module for-loop pyenv python pyenv,1
virtualenv virtualenv module python pip arch centos debian fedora gentoo rhel redhat ubuntu,1
pypi install and configure an internal pypi server pypi debian ubuntu python pip,1
pyenv pyenv - python version manager module pyenv python,1
pyfacts create own dynamic facts with python facts python custom,1
pypy module for-loop installation pypy from official ppa python pypy ubuntu ppa,1
nltk nltk module nltk python,1
matplotlib matplotlib module python matplotlib,1
xbuild xbuild module python node php perl ruby xbuild,1
devpi puppet module to manage python devpi repository,1
python configure python via boxen,1
zds installation for-loop zds-site pandoc solr gunicorn virtualenv python django,1
pypiserver puppet module to manage python pypiserver repository,1
pythonenv configure python environment via boxen,1
pypiserver allows one to set up a local python pypi server,1
pythonel configure python interpreters and virtualenvs for-loop enterprise linux 6 and 7 including scls ius virtualenv scl pip python,1
