rabbitmq rabbitmq is a complete and highly reliable enterprise messaging system based on the emerging amqp standards networking,1
newrelic rabbitmq agent role to install and configure newrelic rabbitmq agent plugins monitoring,1
rabbitmq installs minimal rabbitmq 3 3 5 on centos 6 5 development web,1
rabbitmq installs rabbitmq server adds admin user and removes guest user database networking nosql,1
rabbitmq ansible role to install dgnest database,1
rabbitmq installs rabbitmq server adds admin user and removes guest user database networking nosql,1
rabbitmq robust messaging for applications web,1
rabbitmq robust messaging for applications cloud web networking,1
rabbitmq installs rabbitmq system clustering,1
rabbitmq installs the latest version of rabbitmq networking,1
rabbitmq installs rabbitmq system clustering,1
sa queue rabbitmq rabbitmq is a messaging broker an intermediary for messaging it gives your applications a common platform to send and receive messages and your messages a safe place to live until received ubuntu rabbitmq queue,1
rabbitmq rabbitmq server amqp rabbit rabbitmq,1
rabbitmq rabbitmq is a complete and highly reliable enterprise messaging system based on the emerging amqp standards networking,1
rabbitmq installs rabbitmq web rabbitmq com configurable high-availability and clustering ready system clustering,1
rabbitmq an ansible role for installation rabbitmq networking,1
rabbitmq ansible role for deploying rabbitmq cloud database,1
rabbitmq an ansible role for rabbitmq clustering clustering,1
rabbitmq simple rabbitmq role for ubuntu servers mq ubuntu broker rabbitmq,1
rabbitmq an ansible role for rabbitmq clustering database clustering,1
rabbitmq rabbitmq installation and configuration system,1
rabbitmq ec2 rabbitmq auto clustering cloud ec2 clustering,1
rabbitmq manage rabbitmq database system networking nosql,1
rabbitmq an ansible role for rabbitmq clustering clustering,1
rabbitmq installs rabbitmq server adds admin user and removes guest user optionally set nodename database networking nosql,1
rabitmq a role that installs rabbitmq networking monitoring,1
rabbitmq installs configures and manages rabbitmq mcollective amqp stomp rabbitmq middleware message messaging queue debian ubuntu centos rhel,1
rabbitmq rabbitmq module rabbitmq rabbit centos rhel fedora,1
rabbitmq rabbitmq puppet module for-loop company internal usage,1
rabbitmq minimalistic rabbitmq module erlang amqp rabbitmq,1
