rails deployment deploys rails application like capistrano or mina do web,1
rails deployment a rails application using git development system web,1
railsbox rails application deploys rails to server development,1
pumacorn manage either a puma or unicorn rails process with init d development system web,1
fork deploys rails application like capistrano or mina do web,1
railserver installs ruby rails and rvm web,1
rails app set up and deploys a rails application development web,1
sidekiq manage a sidekiq worker for rails applications development system web,1
rails deployment deployment and monitor rails applications development system,1
rails eye ansible role to load config for eye and to restart all the jobs web,1
rails install checkout and install rails application system,1
rails prepares a server for rails development development,1
rails stack easily installation a rails application on centos web,1
rails ruby on rails server with rbenv puma nginx and nodejs rails puma,1
rails common ansible commons rails role development web,1
pumacorn manage either a puma or unicorn rails process with init d development system web,1
rails clone repository configure rails as of a bundle and run the server development system web packaging,1
rails out sink tank for module and playbooks that help to deployment ruby on rails applications development system web,1
puma installation puma development rails,1
bundler installation bundler development rails,1
rails puppet rails deployment management rails,1
railsapp basic rails server with mysql apache rvm and passenger passenger ruby rails,1
rails the module to install ruby on rails frameworks rubygems rails rail rails ruby install,1
rails puppet rails deployment management rails,1
railsapp basic rails server with mysql apache rvm and passenger rails ruby,1
badstation badquanta has many badstations to herd these are their stories c++ c java jruby ruby rails developers,1
puma deprecated! use velaluqa puma rails puma server,1
capistrano installation a basic deployment target for-loop the rails deployment tool capistrano ruby rails capistrano,1
firefield configure server for-loop deployment rails applications rails,1
rails highly configurable rails deploys with common rubygems dependencies management capistrano and web server installation nokogiri mysql elasticsearch redis sidekiq rmagick rvm nginx ruby puma capistrano rails,1
bundle puppet module to install gems for-loop rails app install ruby application app rails gems rubygems bundler bundle,1
redmine puppet redmine module rails redmine,1
puma puppet puma module web server rails puma,1
