redis ansible role for configuring redid web,1
redis installation redis database database nosql,1
redis manage redis database system nosql,1
redis redis for archlinux database nosql,1
redis set up the latest stable redis server in ubuntu system using chris lea's ppa database system web nosql,1
contrail redis install redis server networking,1
redis ansible role for configuring redid web,1
redis ansible role for redis database ubuntu server system,1
localcloud redis this will install redis server and redis command-line-interface on an ubuntu box caching redis nosql,1
redis ansible role for redis management caching database nosql,1
redis an ansible role that installs redis on ubuntu specifically created with phansible in mind database nosql,1
redis handle redis system redis,1
redis the redis role installs a redis server on the machine monsieurbiz redis,1
redis ansible role to install redis system,1
redis redis is an open source bsd licensed advanced key value caching and store it is often referred to as a data structure server since key can contain string hash ilist set sorted set bitmaps and hyperloglogs database nosql,1
redis dosomething org redis server system,1
redis install and manage redis servers database nosql,1
redis ansible role for installation redis database web nosql,1
redis installs and configures redis database nosql,1
redis redis server installation system,1
redis install redis database nosql,1
redis highly configurable role to install redis and redis sentinel from source database nosql,1
redis installs redis database nosql,1
redis redis is an open source bsd licensed advanced key value caching and store it is often referred to as a data structure server since key can contain string hash ilist set sorted set bitmaps and hyperloglogs database nosql,1
redis redis for debian database nosql,1
redis3 install redis 3 database nosql,1
phpredis phpredis to be used with redis server development,1
redis installs and configures redis database nosql,1
redis configure redis server system redis,1
sa redis installs basic redis redis is an open source bsd licensed in memory data structure store used as database caching and message broker it supports data structure such as string hash ilist set sorted set with range queries bitmaps hyperloglo ubuntu redis,1
redis installation redis development redis,1
redis containers ansible role to manage redis containers containers database redis docker,1
redis this role installs redis on redhat centos and debian ubuntu linux servers ontic server caching database web redis,1
redis install and configure redis with testing kitchen serverspec testing system redis,1
redis an ansible role for installation redis database nosql,1
redis highly configurable role to install redis and redis sentinel from source database nosql,1
redis redis for linux database development web,1
redis install redis web,1
redis installs and configures redis database nosql,1
redis installs redis from the rwky ppa and applies the specified configuration database nosql,1
newrelic redis agent this role installs and configures newrelic redis agent git com kenjij newrelic redis plugins monitoring,1
redis an ansible role for installation redis from the official ubuntu repository or from a ppa database nosql,1
redis ansible redis role database nosql,1
redis install and configure redis database nosql,1
redis install redis locally for use with ansible fact caching development installation redis,1
redis install redis in in memory data structure store database redis,1
redis installation and configure redis development web,1
redis an ansible role that installs and configures redis database nosql,1
redis install redis and allow to configure it system,1
redis redis installer database nosql,1
redis redis for debian database nosql,1
redis ansible role for redis database ubuntu server system,1
redis role to install redis database redis nosql,1
redis installs redis from the rwky ppa and applies the specified configuration database nosql,1
redis redis redis,1
debian redis install redis for debian system system,1
redis installs redis and redis sentinel from source database nosql,1
redis install redis in in memory data structure store database redis,1
redis role to install redis database redis nosql,1
redis an ansible role that installs and configures redis database nosql,1
redis a role that installs redis database nosql,1
redis install and configure redis database nosql,1
redis basic standalone redis install database nosql,1
redis redis for debian caching database web debian keyvalue nosql,1
redis install and manage redis clustering database system nosql,1
redis redis is an open source bsd licensed advanced key value caching and store it is often referred to as a data structure server since key can contain string hash ilist set sorted set bitmaps and hyperloglogs database nosql,1
redis installs and configures redis on debian ubuntu linux servers ubuntu debian redis,1
redis installs redis on a server database clustering nosql,1
redis redis module sentinel loadbalancing failover redis clustering,1
redis install and configure redis debian ubuntu redis,1
redis puppet module for-loop redis server nosql caching memcached redis,1
redis install and configure redis and sentinel from repository or source sentinel rhel centos debian ubuntu redis,1
redis manages redis redis,1
redis puppet module for-loop redis redis database example42,1
redis installs redis server redis,1
redis redis and sentinel config management sentinel redis,1
redis configure redis-sentinels redis-sentinel redis,1
twemproxy this module helps configure twemproxy caching redis nutcracker twemproxy,1
redis redis module ubuntu redis networking applications,1
redis redis installation and configuration module redis-sentinel redis-server database database sentinel redis,1
redis latest stable redis-server from ppa:chris-lea redis-server on ubuntu redis-server ubuntu,1
redis puppet module for-loop building a multi-node redis failover group with sentinel redis database clustering centos redhat ubuntu debian,1
redis puppet module for-loop installation and configuring a redis server redis-server redis,1
redis install and configure redis build from thomas"s module redis source,1
hiera_redis redis backend for-loop hiera redis hiera,1
redis puppet module to install manage and configure redis redis,1
redis puppet module for-loop redis service,1
redis a basic types for-loop managing redis droppod redis,1
redis installation latest stable redis-server on ubuntu,1
redis configure redis and or sentinel only for-loop systemd! sentinel redis,1
redis this module will install and configure redis server redis,1
