repository google yum repository for goole google-chrome talkplugin musicmanager earth packaging,1
repository extra yum repository for rpmfusion free rpmfusion nonfree livna packaging,1
packages adobe flash install the flash plugins it's repository for updates and fix full screen bug packaging,1
ubuntu python apt idempotent installer for python apt module prevents python apt is not installed errors system,1
debian common manage apt configurations and debian specific behavior utilities system,1
screenfetch installs screenfetch from it's official repository system,1
repos for centos scrit to installation centos repository system web networking,1
repository pcextreme pcextreme linux software repository packaging,1
apt apt repository sources list configuration for ubuntu system,1
hwraid configure hwraid repository and install packages for recognized raid storage arrays hwraid system monitoring hardware raid,1
azulinho yum plugins versionlock ansible role for install the versionlock plugins for yum packaging,1
epel installs and configures yum epel repository system packaging,1
remi repository configure remi and epel repository development,1
apt source a role for adding new package sources to apt and pinning packages system packaging,1
apt cacher ng install apt cacher ng apt packaging,1
repository pcextreme pcextreme linux software repository packaging,1
pacmanrepo arch linux signed package repository system,1
epel installs and configures yum epel repository system packaging,1
remi repository configure remi and epel repository development,1
contrail common add contrail repository and create user networking,1
apt manages apt and executes apt get update to ensure the local apt package caching is up to date system,1
apt a base configuration for apt packaging,1
linux base updates apt packages for ubuntu 12 04lts or greater system application,1
apt a really simple role that will keep your apt up to date system,1
apt configure and manage apt package manager system apt packages,1
reprepro create local apt repository with reprepro development system packaging,1
repository checkout a git repository and compilation it or hyperlink it development system packaging,1
apt handle apt system apt,1
percona apt role to installation the percona apt repository database,1
backports add backports repository backports,1
repository epel extra packages for enterprise linux epel packaging,1
repository remi installs remi repository packaging,1
repository postgresql get repository from postgresql home page for rhel and clones postgresql repository,1
repository remi install remi repository system packaging,1
smartling repository connector smartling repository connector system,1
nexus open-source install nexus repository manager java web,1
percona percona repository for rhel centos percona,1
ius ius community repository for rhel centos system ius packaging,1
newrelic new relic repository for rhel centos monitoring newrelic,1
hp spp install hp spp repository and install some software from it system packaging,1
gogs role used to install gogs on centos with yum,1
repository ppa role install ppa repository of choice ppa repository,1
epel epel repository for rhel centos packaging,1
webmail role used to install webmail on centos with yum,1
postfixadmin role used to install postfixadmin on centos with yum,1
proxmox role used to configure proxmox on debian with apt,1
yum ansible role to manage yum configuration system,1
apt role installs the packages using the apt apt,1
unattended upgrades configure unattended upgrades on debian based hosts security system apt,1
apt apt for ubuntu 12 04 system,1
sphinxsearch role installs and configure sphinxsearch apt,1
ohmyzsh plbk ansible role to install and configure oh my zsh on both apt and yum based distros development,1
epel set up the epel repository on rhel centos epel,1
elrepo set up the elrepo repository on rhel centos elrepo,1
iojs debian installation io javascript with repository from nodesource development system,1
midonet repos midonet open-source repository cloud networking,1
nightly security update yum a role to install cron to automatically run security updates system,1
repository squeeze lts install lts repository on debian squeeze packaging,1
artifactory install artifactory the world s most advanced repository manager development,1
apt ensures that apt caching is up to date and set up unattended updates system,1
apt cacher ng installs apt cacher ng web unix ag uni kl de bloch acng client server configurations system packaging,1
rhel epel epel repository for rhel centos web,1
nexus install and configure nexus nexus repository,1
apt simple apt role system,1
repository remi remi's rpm repository for rhel centos packaging,1
repository webtatic webtatic repository for rhel centos packaging,1
apt an apt role for elao symfony2 standards vagrant box development web,1
repository epel an ansible role for installation epel release package packaging,1
yum basic package and locales installation and configuration system packaging,1
apt cacher ng apt cacher ng installer yum caching installer apt,1
dotdeb configure the dotdeb repository on debian hosts system packages,1
yum plugins role which helps to configure yum plugins system,1
yumrepo role which helps to manage yum repository system,1
backports configure the debian backport repository system packages,1
relkit all things build release this role manages the provisioning of various b r tools and service such as code repository build environments continuous integration service and package repository see the usage section for the exhaustive list of,1
repository mariadb10 install repository for mariadb10,1
lmod development repository of ansible role lmod system packaging,1
openmpi depelopment repository of ansible role openmpi,1
base this role installs base apt packages for ubuntu trusty 14 04 development system ansidev web,1
yum update executes a yum update and set permissions on rhel centos yum system update,1
apt configure apt get stuff system,1
apt repository apt repository installation apt repository,1
apt ansible role for ubuntu apt initialization system,1
apt cacher ng containers ansible role to manage apt cacher ng containers containers aptcacherng aptcacher docker,1
repository epel epel repository for rhel centos packaging,1
redhat subscription manage red hat subscription and repository system subscription redhat,1
grafana repository grafana repository installation for red hat and debian operating-system family servers system packaging,1
repository epel epel repository for rhel centos packaging,1
apt sources manage apt sources list d system,1
yum yum role yum disconnected,1
apt distupgrade ansible role for dist upgrade debian ubuntu and waiting for ssh is up again reboot system apt upgrade ssh,1
ambari presto ansible repository for setting up presto using ambari service ambari hortonworks prestodb hadoop presto,1
repository epel configure epel repository for redhat centos system,1
debian backports add backports repository for debian and ubuntu system packaging,1
common common task needed by other juwai roles amazon repository centos6 locale packages,1
packages extra packages role for beetbox development installer apt beetbox,1
packages install debian ubuntu packages apt ubuntu packages,1
yum updates yum and installs development tools on centos 6 5 development web,1
apt update all installed packages system,1
repository epel install the epel repository for centos rhel packaging,1
yum remi installation remi repository packaging,1
epel epel repository packaging,1
oh my zsh ansible role to install and configure oh my zsh on both apt and yum based distros development,1
repos manage centos yum and debian apt repository system packaging,1
dotdeb ansible playbook for dotdeb repository system packaging,1
yum replace the default yum module system packaging,1
apt repository adds a repository for apt and import the corresponding signing key system packaging,1
apt manages apt and executes apt get update to ensure the local apt package caching is up to date system,1
repository remi remi's rpm repository for rhel centos packaging,1
apt configures apt system,1
umd3 umd3 repository for centos 6 x packaging,1
repository puias puias repository for rhel centos packaging,1
plowshare installs plowshare from it's official ubuntu ppa repository web,1
epel el 5 epel repository packaging,1
apt ansible role which manage apt system,1
apt manage packages and up date grade s in debian like system system packaging,1
epel an ansible role to install the epel repository packaging,1
apt sources baseline set the contents of etc apt sources list a security server should use as a baseline system,1
apt file set up apt file in debian like system system packaging,1
azulinho yum repository epel ansible role for deploying the epel yum repository packaging,1
azulinho yum repository jenkins ansible role for deploying the jenkins yum repository packaging,1
common this ansible simple role just ensure apt get is up to date and install language packs system packaging,1
repository remi installs remi repository packaging,1
epel role for manage epel repository packaging,1
autoupdate enable or disable automatic apt yum updates system packaging,1
phalcon install phalcon php frameworks stable version using apt for ubuntu and debian development system web,1
epel repository ansible epel repository role web,1
reboot if-statement needed for upgrade reboots if-statement reboot is pending after apt get upgrade dist upgrade and waits until host returns back online system,1
repository epel install extra packages for enterprise linux repository system packaging,1
apt configures apt and installs updates packages system apt,1
aptsource configure debian apt sources apt aptsource debian,1
repository webtatic webtatic repository for rhel centos packaging,1
apt manages apt and executes apt get update to ensure the local apt package caching is up to date system,1
repository newrelic an ansible role for installation new relic repository packaging,1
rpmforge repoforge repository for rhel centos rpmforge,1
epel epel repository for rhel centos epel,1
el repos installs extra packages for enterprise linux epel repository and remi repository repository php remi epel rpm,1
tkimball83 tkimball83 repository for rhel centos tkimball83,1
yum security plugins install the yum security plugins on rhel boxes packaging,1
yum cron install yum cron on rhel centos flavours packaging,1
repository newrelic an ansible role for installation new relic repository packaging,1
node install node from nodesource any other user defined packages from apt get for debian ubuntu ubuntu node web debian nodejs,1
packagecloud install packagecloud io repository cloud packaging,1
epel epel repository for rhel centos packaging,1
apt mirror installs and configures apt mirror local apt repository also configures clients if-statement extra var passed system packaging,1
hp firmware upgrade this repository automates hp firmware upgradation process using ansible system,1
gromacs development repository of ansible role gromacs,1
repository passenger role install passenger repository from open-source binaries phusionpassenger com apt passenger passenger repository ruby,1
repository remi role install remi repository from blogs remirepo net useful for mote php versions on rhel and clones php repository,1
seedbox role used to install seedbox on centos with yum,1
ghost blogs role used to install ghost blogs on centos with yum,1
gcc development repository of ansible role gcc,1
repository mysql mysql repository database packaging,1
epel epel repository for rhel centos packaging,1
apt cacher ng apt cacher ng role development,1
wkhtmltopdf role installs the wkhtmltopdf wkhtmltopdf org apt,1
yum plugins priorities role to manage yum repository priorities yum system packaging centos,1
apt installs removes apt packages development system,1
repository epel installs and configures epel repository extra packages for enterprise linux repository epel,1
sphinxseacrh role installs and configure sphinxsearch apt,1
apt pin creates apt preferences pin file system packaging,1
repos install repository installer in ansible 2 1 there's a module to replace this playbook,1
apt ansible role to configures apt and installs updates packages system apt,1
elrepo elrepo project repository for rhel centos system elrepo packaging,1
qemu install qemu from source or apt system,1
repository lan configure lan repository for redhat centos system,1
gitrepo repository the multiple repository tool development system,1
aptsource configure debian apt sources apt aptsource debian,1
repository epel installs and configures epel repository extra packages for enterprise linux repository epel,1
sphinxseacrh role installs and configure sphinxsearch apt,1
el repos installs extra packages for enterprise linux epel repository and remi repository repository php remi epel rpm,1
tkimball83 tkimball83 repository for rhel centos tkimball83,1
yumconf role which helps to manage yum configuration system,1
repository mysql mysql repository database packaging,1
epel epel repository for rhel centos packaging,1
apt cacher ng apt cacher ng role development,1
repository epel install extra packages for enterprise linux repository system packaging,1
apt configures apt and installs updates packages system apt,1
epel managing the red hat epel repository system packaging repository,1
apt cacher ng install and manage the caching http proxy apt cacher ng proxy system apt packages caching,1
gitrepo repository the multiple repository tool development system,1
apt mirror installs and configures apt mirror local apt repository also configures clients if-statement extra var passed system packaging,1
update everything upgrade all apt packages on debian ubuntu system,1
yum cron automatic yum updates for rhel centos security system packaging,1
base common base role for all hosts should be ran after mrlesmithjr bootstrap role configure apt cacher update dhcp client update dns servers configure lvm system networking,1
repository dotdeb add dotdeb repository system packaging,1
dell installs dell yum repository and related softwares for managing a dell server system,1
azulinho yum repository rpmforge ansible role to install the rpmforge yum repository packaging,1
apt preferences manage apt pins in etc apt preferences d system apt,1
yumreposd role to manage etc yum repos d on rhel like system yum system packaging yumrepo,1
apt configure apt system,1
apt repository adds a repository for apt and import the corresponding signing key system packaging,1
repository ius install the ius repository for centos rhel packaging,1
yum epel ansible role to manage epel repository system,1
epel repository epel release and or testing repository installation on redhat centos operating-system family servers system packaging,1
package a role for installation packages on different operating system yum zypper apt packaging brew pacman portage,1
repository epel epel repository for rhel centos packaging,1
launchpad ppa webupd8 role to installation webupd8 apt repository at launchpad net system packaging,1
apt provides an interface for-loop managing apt source key and definitions with puppet apt debian ubuntu dpkg apt-get aptitude ppa,1
epel installation the epel package repository rpm repository yum epel,1
zypprepo a puppet description of a zypper repository opensuse suse repository repository zypper zypp libzypp types,1
yum yum utilities package yum,1
yum puppet module for-loop yum yum package,1
yum installation the puppet labs yum package repository yum-puppetlabs centos rhel puppetlabs yum fedora yumrepo,1
packagecloud packagecloud io puppet integration rubygems repository rpm yum deb apt,1
unattended provides an interface for-loop managing apt unattended_upgrades with puppet,1
repro assists in the creation of reprepro-based repository reprepro apt package repository ubuntu debian,1
remi installation the remi package repository remi repository rhel centos yum,1
mrepo configures and manages mrepo mirrors which are generated from distribution isos existing rpm mirrors the redhat networking or yast online update rpm repository yum mrepo mirror,1
freight module to install the freight debian package repository tool packaging,1
apt installs the puppet labs community apt repository puppetlabs apt,1
nexus puppet module for-loop nexus continuous-integration build artifacts repository,1
repository manages creation of yum repository repository repository yum createrepo,1
atomic installation the atomicorp free rpm repository yum yumrepo atomic atomicorp,1
rpmfusion set up the rpm fusion repository on fedora centos rhel centos centos rhel rpmfusion yum,1
yum yum management module yum centos scientific redhat rhel,1
yum manages installed repos through hiera yum,1
rpmforge set up the rpmforge repository on centos rhel centos rpmforge centos rhel yum,1
apt puppet module for-loop apt apt example42,1
pulp installation pulp repository server and client pulp forge yum rpm,1
apt apt module debian apt ubuntu,1
mocking enterprise linux rpm build configuration rpm centos build rhel package yum rpmbuild enterprise compilation,1
yum centos repository rhel yum repository,1
ubuntu puppet module to update and upgrade debian ubuntu apt-get apt clean upgrade update,1
yum extension of yum package provider to allow command-line options yum-plus rhel centos yum rpm provider package,1
yum yum repository definitions for-loop common repos rhel centos repos rhel centos rpm yum,1
ius module for-loop managing ius community repository yum repository ius repository,1
yum mysql,1
yum nagios monitoring nrpe monitor,1
aptly module to manage aptly apt aptly,1
yum apache passenger puppet,1
yum http apache passenger apache2 httpd,1
percona module for-loop installation percona repository,1
elrepo puppet module to configure the elrepo yum repository for-loop enterprise linux rhel centos clients elrepo module repository yum centos rhel redhat,1
yum ssh authentication security duo mfa multi factor openssh two mnx,1
apt install and configure an apt-cacher-ng server packaging apt caching apt-cacher-ng,1
razorsedge install the razorsedge yum repository oel rpm centos rhel repository yum,1
pe module to create yum apt repos of puppet enterprise puppet enterprise yum apt dpkg repository,1
remi set up remi repository on centos rhel centos remi centos rhel yum,1
yum puppet module to caching yum packages and create a local repository centos rhel redhat repository yum scientific oraclelinux caching rpm package,1
yum adds yumrepos from parameters redhat repository centos rhel yumrepo yum,1
yum a module to manage the configuration of yum-updatesd on cent rhel 5 6 hosts yum-updatesd yum centos redhat,1
yum puppet module for-loop scheduled system updates on rhel variants update unattended yum,1
yum configure yum repository on redhat and centos redhat centos yum,1
apaxage set up an apaxy themed package repository apaxy packagerepository yum packages,1
yum installation the yum hairmare ch package repository yum mongodb centos,1
yum a puppet module that manages yum configurations 010,1
yum yum groupinstall module for-loop running groupinstall,1
yum configures the centos 5 6 or 7 yum repository config to point to a local mirror module repository yum centos,1
epel configures the epel yum repository config to point to a local mirror on enterprise linux rhel centos clients epel module repository yum,1
yum yum provider that supports proper version locking centos65 yum puppet3,1
artifactory a really simple module to install artifactory artifactory repository maven,1
jpackage6 puppet module for-loop jpackage yum repository yum jpackage java fedora rhel,1
yum yum repos module yum,1
artifactory installs the artifactory service and fetches artifacts from the repository artifactory,1
unattended puppet module that installs and configures the unattended upgrades service ubuntu debian unattended upgrade apt aptitude automatic update unattended-upgrades,1
repository manage the centos yum repository on centos clients yum rpm repository repository,1
repository installation 3rd party rpm repos centosrhelrpmepelrpmforge,1
ygrpms a puppet module that installs and configure ygrpms repository el centos rpm rpms,1
apt a simple module to work with apt-mirror apt-mirror mirror ubuntu debian,1
aptcacher install and manage an apt cacher server via puppet debian caching apt apt-cacher,1
yum yet another yum module to manage yum repository stanzas repository yum centos rhel,1
sysdig install sysdig from the official repository redhat ubuntu sysdig,1
yum provides yumgroup types for-loop rhel system,1
elrepo module for-loop managing elrepo repository yum elrepo repository,1
yum this module can be used to installation local yum server sever local puppet module yum,1
security_update_notifier apticron apt ubuntu update-notifier,1
apt apt management module apt unattended-updates apticron ubuntu debian,1
apticron rentabiliweb apticron module packages dpkg aptitude security apt rentabiliweb apticron puppet,1
chromerepo module for-loop installation the official google google-chrome apt yum repository google-chrome google,1
zypp create zypp yast repository file for-loop suse opensuse etc opensuse suse packaging operating-system zypper yast,1
approx puppet approx module dpkg deb aptitude apt ubuntu debian approx,1
garethr module to allow installation of packages from packages garethrushgrove com ubuntu apt debian,1
forgerepo repoforge repository repository forge rpm rpmforge repoforge,1
apt apt automatic update module apt ubuntu unattended-upgrades apticron,1
atrpms installation the atrpms package repository redhat rhel centos atrpms repository repository,1
package manage package manager currently only apt debian apt security initr,1
utilrepo interact with package repository in os-indepenent way package packages repository query apt aptitude ports debian freebsd pkgnames versions candidates,1
apt,1
repository configure zypper for-loop opensuse repository obs opensuse suse,1
spotify module to manage spotify on ubuntu spotify workstation ubuntu apt,1
reset cleans the apt package ilist and gets a fresh package list apt reset,1
puias puias repository configuration for-loop redhat family,1
autoupdate enable autoupdates unattended update yum apt,1
adobe module for-loop installation the adobe yum repository flash adobe,1
localaptrepo local apt repository dependencies apt dpkg repository install package,1
gaudi module for-loop installation gaudi from repository on gaudi io apt gaudi docker,1
aptserver simple apt server module ubuntu debian apt server,1
libreoffice module for-loop installation and configure libreoffice repository and packages on ubuntu distributions impress calc writer office-suite office libreoffice,1
elrepo installation the elrepo repository elrepo,1
pkgsrcrepo puppet module for-loop pkgsrc repository,1
collectd a puppet module that just installs collectd from signalfx repository,1
reprepro puppet reprepro module apt repository packages ubuntu debian reprepro,1
epel installation the epel package repository linux redhat rhel epel,1
remi remi repository,1
epel installation the epel package repository,1
rdorepo a puppet module to manage the rdo repository openstackrdoredhatcentosfedora,1
apticron apticron puppet module apticron apt,1
virtualbox configures the virtualbox yum repository config to optinally point to a local mirror on enterprise linux rhel centos clients,1
yum puppet yum repository file management,1
justhub a puppet module that installs justhub repository stuff things,1
collectd a puppet module that just installs collectd from signalfx repository,1
aptly module to manage install and configure aptly a debian repository management tool,1
apt cleans the apt package ilist and gets a fresh package list,1
apt provides an interface for-loop managing apt source key and definitions with puppet,1
yum module for-loop using centos repos,1
nux nux repository repository dextop desktop nux,1
apt simple apt-dater configuration apt-dater,1
apt provides an interface for-loop managing apt source key and definitions with puppet,1
fhs puppet module that manages repository in fhs app requires solict-fhs_app version-control user application app fhs,1
repository configure git repository,1
yum mirror selected rpm packages from configured yum repository to a local repository,1
cronapt configures the debian package 'cron-apt' to automatically control package updates via apt apt packages,1
mirror configure and manage debian mirrors apt ftpsync mirror debmirror,1
repository mocking version of pe_repo module -- for-loop rspec testing,1
yum manages installed repos through hiera yum,1
