ntp installation and configuration of the ntpd system,1
timezone manage timezone system,1
coreos timezone configures timezone for coreos cloud system,1
ntp ansible role which ensure the defined locales are exists system,1
ntp set timezone and configure ntp time synchoronization system,1
ntp installs and configures ntp system,1
locales installs the specified locales and language packs system,1
ntp an ansible role for installation and configuring ntp system,1
ntp manage time synchronization ntp server and timezone ntpdate openntpd timezone ntpd ntp,1
cw ntp this role installs and configures ntp system ntp,1
ntp ansible role for ntp management system,1
locales handle locales locales system,1
cron handle cron cron system,1
ntp ansible role ntp system,1
ntp handle ntp system ntp,1
ntp rocket ansible role ship ntp system time,1
ntp install ntpd deamon and allow to configure it system,1
ntp ansible role ntp system,1
nptd install and configure ntpd on a target host system ntp,1
ntp installs ntp on redhat centos or debian ubuntu with ansible system ntp,1
timezone configures timezone system timezone,1
devconfcz2016 ntp role install and configure ntp devconf cz 2016 ansible workshop system,1
ntp ntp installation system,1
ntp this role enables user to install and configure ntp on their hosts system ubuntu el ntp time redhat centos,1
ntp role which helps to install ntp system,1
cron ansible role to manage crontab system crontab,1
locales installs the specified locales and language packs system,1
enable standards cronjobs this role removes the disabled extension that hosting companys sometimes adds to default cronjobs to disable them and save cpu cycles these cronjobs generally exist for a reason and should be run if-statement there is no reason against it cronjobs system cron,1
ntpd install and configure ntpd on a target host system ntp,1
time timezone and ntp for ubuntu 14 04 system,1
timezone configure timezone system,1
ntp installs and configures ntp role ability to configure internal master ntp servers and configure ntp clients to poll internally included system networking,1
baptism a server needs a unique name even if-statement service ips and etc change it should be possibile to identify it troughout its life time system networking,1
locales install and configure locales on your system system,1
time set timezone and ensure ntp is running system,1
ntp install ntp package system networking,1
common zsh ntp system,1
locales install locales package system,1
mainwp crons manage cron jobs related to mainwp system web,1
ntp ntp daemon installation for centos 7 system time,1
locales ansible role for locale management system,1
locales configure system locales development web,1
timezone timezone configure timezone,1
timezone this role configure's the system timezone for ubuntu trusty 14 04 development system ansidev web,1
ntp this ansible role install ntp development system,1
ntp installs and configures ntp include an ntp monitor script system ntp time,1
basic basic debian 8 server installation locales apt common apticron timezone linux ntp email,1
timezone set timezone and optionally enable ntp on a host system,1
ntp ntp installation and configuration for linux system,1
chrony ntp client chrony for rhel centos system ntp time,1
timezone set update the timezone system,1
timezone configures timezone settings system,1
timezone role for manage timezone system,1
locale ansible role which ensure the defined locales are exists system,1
locales set locales on debian like system system,1
chrony this role enables user to install and configure chrony on their hosts chrony system ntp time,1
timezone set timezone on debian like system system,1
chrony installs and configures chrony chrony system ntp,1
timezone set timezone on debian like system system,1
cron apt set up cron apt in debian like system system packaging,1
ntp set up a ntp server in debian like system system networking,1
timezone role for managing timezone system,1
locale enables locales and reload into the system system,1
ntp ntp installation system,1
certbot ansible role to install let's encryption cert bots generate a certificate and set a cron jobs for renewal cloud security web,1
cron installs the cron package and starts the crond service system,1
ntp ansible role ntp development,1
ntp ntp installation and configuration for linux system,1
locale set locales in debian like system system,1
timezone configures timezone system,1
ntp install configure the ntp daemon development,1
ntp install ntp service ans set default ntp servers system,1
timezone configures the timezone system,1
cron installs and configures cron cron system,1
locale a simple role to install locales on a debian based system system,1
tzupdater ansible role for updating timezone data in the java software system,1
timezone set the timezone of debian based system system,1
supported locales ensures that a given list of locales is generated on a debian based system system,1
dynamic ntp dns configures resolv conf and ntp conf based on the client server ip address system,1
time a role to manage time and synchronization system,1
locale lang scrit to installation locale and timezone system web networking,1
ntp ntp installation and configuration system,1
timezone timezone configuration system,1
cron installs and configures cron system web,1
ntp installs and configures ntp system,1
timezone ansible role for confguring system clock and localtime system,1
timezone install and set timezone on your system system,1
ntp ansible role for installation ntp on installs rhel centos or debian ubuntu system,1
ntp ntp installation and configuration for linux system,1
timezone installation timezone development web,1
cron a cron role to manage crontab entries development web,1
seanexplus ntp set up ntp on centos 7 ntp,1
ntp ntp client ntp for rhel centos system ntp time,1
sa queue beanstalkd beanstalk is a simple performance work queue its interface is generics but was originally designed for reducing the latency of page views in high volume web applications by running time consuming task asynchronously ubuntu queue beanstalkd,1
ntp ntp service installation system,1
veracode scanner uses veracodecli ruby to set up cron task for veracode scanning system,1
ntp networking time protocols ntp is a networking protocols for clock synchronization between computer system system,1
lets encryption ansible role to install let's encryption gernerate a certificate and set a cron jobs for renewal cloud security web,1
ntp ansible role ntp system,1
basic settings ja basic settings system locale many popular software programs and more for japan general preferences japanese system ntp,1
ntp set up ntp on rhel centos ntp,1
locale timezone configuration of locale and timezone timezone locale,1
debian ntp install ntp for debian system system,1
timezone install and set timezone on your system system,1
ntp role for configuration ntp server system,1
ansible lets encryption ansible role to install let's encryption gernerate a certificate and set a cron jobs for renewal cloud security web,1
crond this role ensures crond is installed and enabled cron system operating-system,1
certbot ansible role to install let's encryption cert bots generate a certificate and set a cron jobs for renewal cloud security web,1
ntp ntpfor ubuntu system,1
ntpd installs ntp server on redhat centos servers system,1
cron this role installs cron on redhat centos and debian ubuntu linux servers cron ontic schedule system task,1
backupmanager install and configure backupmanager and cron to send to s3 bucket,1
basic settings ja basic settings system locale many popular software programs and more for japan general preferences japanese system ntp,1
ntp ntp client ntp for rhel centos system ntp time,1
sa queue beanstalkd beanstalk is a simple performance work queue its interface is generics but was originally designed for reducing the latency of page views in high volume web applications by running time consuming task asynchronously ubuntu queue beanstalkd,1
ntpclient installation and configuration of ntp client system,1
ntp role which helps to install ntp system,1
tzdata ansible role for timezone management system,1
ntp ansible role for ntp management system,1
ntp ntp installation and configuration for linux system,1
locale enables locales and reload into the system system,1
cron this role installs cron on redhat centos and debian ubuntu linux servers cron ontic schedule system task,1
ntp this role installs ntp on redhat centos and debian ubuntu linux servers date ontic system ntp time,1
locale install and configure your system's locales system,1
ntp an ansible role for installation ntp system,1
ntp ansible role ntp system,1
coreos timezone configures timezone for coreos cloud system,1
ntp ansible ntp client basic installation role client ntp time,1
ntp configure ntp client system,1
ntp install and configure ntp system,1
timezone handle timezone system timezone,1
datetime installs and configures ntp and defines timezone on debian ubuntu linux servers ubuntu timezone debian ntp,1
tmpreaper installs and configures tmpreaper and set it's cron jobs system monitoring,1
ntp ansible role ntp system,1
timezone set the timezone development system packaging,1
ntp installs configures and manages the ntp service ntp time archlinux gentoo aix debian ubuntu rhel centos ntpd ntpserver,1
timezone scientificlinux archlinux redhat centos debian ubuntu timezone gentoo,1
chrony module to install chrony time daemon on archlinux,1
cron a module to manage cron jobs via etc cron d cron,1
locales manage locales on linux debian ubuntu locale locales,1
ntp oel opensuse suse centos gentoo debian ubuntu redhat ntp time fedora ntpd,1
locales puppet locales module locale,1
timezone configure etc localtime and associated system file linux timezone,1
curator installs elasticsearch curator and schedules cron jobs curator elasticsearch,1
ntp configure and manage ntpd centos ntp time synchronisation service rhel,1
timezone puppet module to manage timezone timezone time example42,1
cron yum-cron module yum yum-cron,1
ntp manage ntp ntp time synchronisation service synchronization synchronization,1
ntp networking time protocols module ntp ntpd,1
ntp puppet module for-loop ntp ntp example42,1
ntp this module installs configures and manages the ntp service ntp,1
cron manage the etc crontab file hiera cron,1
tzdata install update the olson timezone database time rhel tzdata zoneinfo olsondb date tz redhat centos gentoo scientific dst debian,1
timezone puppet timezone module localtime tzdata timezone,1
ntp ntp,1
chrony manages the chrony networking time daemon centos fedora redhat ubuntu debian ntp chrony,1
timezone configure timezone on ubuntu timezone ubuntu,1
openntpd puppet module for-loop openntpd openntpd ntp example42,1
ntp configures ntp servers and clients ntp ntpd freebsd debian ubuntu,1
timezone ubuntu timezone,1
openntp puppet module for-loop openntpd openntp ntp time,1
ntp ntp module ntp hiera,1
crontab a puppet module to manage crontab scheduler schedule jobs cron crontab ubuntu,1
time manages the timezone and ntp ntp,1
syscron syscron module cron crontab,1
timezone system timezone configuration debian ubuntu timezone tzdata,1
ntpd openntp module for-loop openbsd ntpd ntp openntpd openbsd,1
ntp install ntp on ubuntu ubuntu ntp,1
cron adds cron jobs from parameters cronmonthly cronweekly crondaily cronhourly crontab cron,1
ntp ntp installation ntp,1
ntp,1
ntp install ntp on ubuntu ubuntu ntp,1
ntp lean redhat ntp module with the most common settings hiera ntpd rhel time oraclelinux centos redhat ntp,1
timezone ubuntu timezone configuration,1
locales system locales configuration encoding locales ubuntu debian,1
systemd configure system hostname locale timezone using systemd,1
cron module to manage cron jobs via etc cron d cron,1
timezone manage system time zone,1
ntpclient a module to enable easy configuration of an ntp client ntp,1
cron puppet management for-loop cron,1
timemachine manage the osx time machine,1
ntp install ntp on ubuntu,1
linux manage main linux configurations in a single module user selinux timezone sudoers resolvconf ntpdate motd hosts security tools management linux,1
scheduled_runonce run a task once during a scheduled date time,1
foreman set up foreman extras aka report processor for-loop puppetserver and fact java-collections-api via cron,1
curator installs elasticsearch curator and schedules cron jobs elasticsearch curator,1
