ruby common ansible role that compiles and installs ruby web ruby lang org and bundler bundler io development,1
ruby 2 0 0 ansible role that compiles and installs ruby 2 0 0 web ruby lang org and bundler bundler io development,1
rails deployment deploys rails application like capistrano or mina do web,1
ruby builder ansible role that compiles and installs ruby web ruby lang org for debian and rhel based distributions development,1
ruby ansible ruby role using brighbox repos system,1
ruby via ruby build installs specific ruby version system,1
rvm rvm and ruby installation development web packaging,1
rbenv install rbenv and ruby development web packaging,1
ruby install a specific version of ruby using rvm development web,1
rails deployment a rails application using git development system web,1
railsbox ruby runtime installs latest ruby from brightbox ppa development,1
railsbox rails application deploys rails to server development,1
ruby ubuntu installs ruby on ubuntu using chruby and ruby install development system,1
pumacorn manage either a puma or unicorn rails process with init d development system web,1
rbenv centos install rbenv and ruby development web packaging,1
fork deploys rails application like capistrano or mina do web,1
rbenv role to install rbenv and multiple ruby versions development system,1
railserver installs ruby rails and rvm web,1
ruby install installs ruby install development system,1
ruby uses ruby install and chruby to installation ruby development system,1
ruby compiled compiled ruby role development,1
rails app set up and deploys a rails application development web,1
ruby this ansible role aims to install ruby on ubuntu system development system,1
sidekiq manage a sidekiq worker for rails applications development system web,1
whenever manage the ruby ruby whenever development system web,1
ruby install install ruby install on remote system,1
ruby ansible role to install ruby via rbenv development,1
osx ruby an ansible role to installation ruby on operating-system x development,1
rails deployment deployment and monitor rails applications development system,1
ruby install and installation ruby rubygems development system,1
ruby ansible role for ruby 2 ubuntu server system,1
ruby 1 install ruby on linux development web,1
rbenv install rbenv and ruby build plugins for specified user gems rbenv ruby,1
ruby ansible role for rbenv and ruby management development web,1
ruby installs ruby from source in given version development system language ruby,1
rvm set up your local rvm with ruby head development rvm installation ruby,1
rbenv install rbenv and ruby development web packaging,1
ruby install install ruby install installer ruby,1
ruby2 installs ruby 2 language runtime and development packages system,1
jekyll install jekyll jekyll ruby,1
ruby install configure ruby install extra gems development system dotfiles ruby,1
ruby 2 3 0 installs ruby 2 3 0 development ruby,1
ruby ruby installation for linux development web,1
ruby ansible role for ruby 2 ubuntu server system,1
ruby use this role to install ruby from source in usr local on debian based system after installation ruby it will also install bundler shared-libraries user of the system can install their dependencies in a local bundler directory system packaging,1
ruby ruby installation for linux development web,1
ruby rbenv an ansible role install ruby using rbenv system,1
rvm the official rvm role to install and manage your ruby versions development web,1
brightbox ruby install ruby with brightbox ppa development system,1
fluentd really simple management of data java-collections-api from logging or scripting installation from ruby monitoring,1
ruby ruby for ubuntu 14 04 development system web,1
rails eye ansible role to load config for eye and to restart all the jobs web,1
rvm rvm and ruby installation development,1
fluentd really simple management of data java-collections-api from logging or scripting installation from ruby monitoring,1
brightbox ruby debian lucid install brightbox ruby for debian lucid development system,1
ruby install ruby and bundler development web,1
gems install ruby gems development web,1
rails install checkout and install rails application system,1
fluentd really simple management of data java-collections-api from logging or scripting installation from ruby monitoring,1
rails prepares a server for rails development development,1
ruby system wide ruby installation from source development,1
rails stack easily installation a rails application on centos web,1
ruby installation ruby development web,1
ansible chruby installs ruby with chruby development,1
deployment bundle install install ruby gems to shared bundle directory system web deployment,1
rvm ansible role to install and manage your ruby versions fork of rvm1 ansible development rvm ruby,1
ruby ruby gems installation development web,1
ruby install ruby packages and gems development gems programming ruby,1
ruby an ansible role for installation the ruby programming language development,1
rails ruby on rails server with rbenv puma nginx and nodejs rails puma,1
ruby installs ruby from a custom repository default values install ruby 1 9 3 from brightbox repository web brightbox com documentation ruby ubuntu system packaging,1
chruby installs chruby and ruby install development ruby,1
user mri installs mri on a non root user development ruby,1
rvm1 ruby the official rvm role to install and manage your ruby versions development web,1
ruby 1 9 3 ansible role that compiles and installs ruby 1 9 3 web ruby lang org and bundler bundler io development,1
ruby 2 1 ansible role that compiles and installs ruby 2 1 web ruby lang org and bundler bundler io development,1
ruby install ruby system,1
ruby common ansible role that compiles and installs ruby web ruby lang org and bundler bundler io development,1
rails common ansible commons rails role development web,1
ruby build install ruby build for installation ruby system,1
ruby simple ansible role for installation ruby with apt development,1
ruby a simple role to install ruby and bundler development system,1
ruby ansible role to install ruby via rbenv development,1
rbenv install and configure rbenv and ruby build and use rbenv to install one or more versions of ruby development system,1
pumacorn manage either a puma or unicorn rails process with init d development system web,1
galaxy rbenv ruby ansible galaxy rbenv with ruby install development system,1
ruby ansible role to install ruby system,1
brightbox ruby an ansible role for installation ruby from the brightbox ppa development,1
rbenv install rbenv and ruby development web packaging,1
ruby ruby for ubuntu 12 04lts development system application web,1
ruby from source installs specified ruby version from source development,1
rails clone repository configure rails as of a bundle and run the server development system web packaging,1
rails out sink tank for module and playbooks that help to deployment ruby on rails applications development system web,1
ruby2 1 install ruby 2 1 on debian based distro development system,1
rbenv install rbenv and ruby development web packaging,1
ruby build this ansible role aims to install ruby build on ubuntu system development system,1
bundler bundler installation on debian ubuntu bundler ruby ruby,1
ruby ansible role for ruby development osx alpine,1
ruby ansible role for installation and configure ruby with rbenv ubuntu rbenv ruby,1
ruby ansible role to install ruby with rbenv system,1
ruby provisions ruby core and optional gems database development system,1
ruby ruby installer ruby,1
chruby install chruby chruby installer ruby,1
ruby install ruby with ruby install installer ruby,1
ruby installation ruby gems development web,1
ruby installs and configures ruby development,1
ruby install ruby on linux development web,1
ruby build compilation and install a ruby version system wide system,1
ruby compiled ruby role development,1
ruby2 installs ruby 2 2 from source development system packaging,1
ruby a dynamic open source programming language with a focus on simplicity and productivity it has an elegant syntax that is natural to read and easy to write development,1
ruby installs and configures ruby development,1
ruby2 installs ruby 2 including development packages development,1
ruby brightbox role will install ruby package for ubuntu bundler will also be installed bundler ruby,1
rubies all of the rubies development system packaging ruby,1
ruby install rbenv ruby and create an nginx site running it through phusion passenger nginx passenger web rbenv phusion ruby,1
ruby ansible role to install ruby with rbenv system,1
ruby install ruby gems packaging ruby,1
rubymotion set rubymotion development up please note that this is unofficial role rubymotion osx android ios ruby,1
gems install ruby gems development ruby,1
chruby install chruby chruby installer ruby,1
ruby install ruby with ruby install installer ruby,1
rubies all of the rubies development system packaging ruby,1
ruby install configure ruby install extra gems development system dotfiles ruby,1
bundler bundler installation on debian ubuntu bundler ruby ruby,1
ruby ansible role for ruby development osx alpine,1
ruby ansible role for installation and configure ruby with rbenv ubuntu rbenv ruby,1
rubymotion set rubymotion development up please note that this is unofficial role rubymotion osx android ios ruby,1
gems install ruby gems development ruby,1
ruby ruby installation for linux development web,1
ruby2 installs ruby 2 including development packages development,1
ruby install ruby development,1
ruby deployment prepare deployment user for capistrano or mina deployment development web,1
ruby a dynamic open source programming language with a focus on simplicity and productivity it has an elegant syntax that is natural to read and easy to write development,1
rvm rvm and ruby installation development,1
brightbox ruby an ansible role for installation ruby from brightbox ppa development web ruby,1
rvm rvm and ruby installation development,1
puma installation puma development rails,1
bundler installation bundler development rails,1
ruby ruby installation for linux development web,1
user jruby installs jruby on a non root user development ruby,1
ruby manage ruby ruby,1
pe_gem adds provider for-loop the puppet enterprise ruby rubygems manager pe rubygems,1
rvm a puppet module for-loop installation and using rvm ruby version manager ruby rvm,1
rbenv installation rbenv ruby manager for-loop systemwide use rbenv ruby ubuntu rubygems rubygems centos redhat,1
rbenv rbenv ruby version manager module ruby rbenv version manager virtual-environment,1
rvm install and manage rvm and ruby installations in single-user mode rvm ruby debian,1
bundler install and manage bundler ruby bundler bundle,1
ruby camptocamp ruby module ruby,1
pry simple debugging function for-loop puppet manifests function pry debugging debugging ruby function,1
jruby jruby puppet module ruby jruby java,1
rbenv system wide rbenv ubuntu rbenv ruby,1
rack install and manage rack a minimal modular and adaptable interface for-loop developing web applications in ruby rack ruby,1
rails puppet rails deployment management rails,1
railsapp basic rails server with mysql apache rvm and passenger passenger ruby rails,1
ruby puppet module for-loop ruby ruby example42,1
chruby installs chruby chruby ruby,1
rails the module to install ruby on rails frameworks rubygems rails rail rails ruby install,1
rubybuild ruby-build standalone install ruby without rbenv ruby-build standalone rbenv ruby-build rubybuild ruby,1
ruby the module installs ruby compilation it from sources build makefile update install compilation source ruby,1
ruby puppet ruby management module ruby rhel fedora,1
ruby install ruby-build and installation resources to manage ruby and rubygems versions rbenv ubuntu ruby-build,1
ruby installs the ruby language runtime and popular packages rack passenger gemrc ruby,1
rails puppet rails deployment management rails,1
ruby manages ruby and acts as a central location to include gems as packages ruby,1
rubygems manage rubygem source repos ruby gemsource gems rubygems rubygems,1
ruby a ruby module ruby debian centos el,1
railsapp basic rails server with mysql apache rvm and passenger rails ruby,1
badstation badquanta has many badstations to herd these are their stories c++ c java jruby ruby rails developers,1
puma deprecated! use velaluqa puma rails puma server,1
ruby ruby stable module,1
capistrano installation a basic deployment target for-loop the rails deployment tool capistrano ruby rails capistrano,1
geminabox installs and runs the geminabox rubygem server ruby ubuntu precise gems applications,1
ruby a frameworks for-loop managing ruby environments droppod,1
ruby ruby,1
firefield configure server for-loop deployment rails applications rails,1
rbenv puppet for-loop rbenv rbenv ruby,1
ruby installs ruby-build and rubies with it ruby-build ruby,1
rails highly configurable rails deploys with common rubygems dependencies management capistrano and web server installation nokogiri mysql elasticsearch redis sidekiq rmagick rvm nginx ruby puma capistrano rails,1
ruby install one or more ruby versions from software collections as well as an optional list of gems ruby scl software-collections,1
rvm install localized multiple versions of ruby via rvm rvm ruby centos aws,1
bundle puppet module to install gems for-loop rails app install ruby application app rails gems rubygems bundler bundle,1
redmine puppet redmine module rails redmine,1
puma puppet puma module web server rails puma,1
sinatra the module to install sinatra ruby rubygems install frameworks sinatra,1
http contains a types that allows simple http download via ruby,1
rubyenv configure ruby environment via boxen,1
rubies installs and configures self-packaged versions of ruby,1
ruby configure ruby via boxen,1
chef sometimes you just need puppet to be fucking chef for-loop a minute extends the exec types to take arbitrary ruby code,1
