tomcat tomcat ansible role development web,1
tomcat an ansible role for apache tomcat 7 web,1
openapphack tomcat6 tomcat 6 for debian ubuntu development web,1
tomcat6 tomcat 6 for debian ubuntu development web,1
tomcat tomcat for ubuntu development system web,1
tomcat6 tomcat 6 for debian ubuntu development web,1
tomcat 8 an ansible role to install tomcat 8 on debian based distributions tomcat,1
tomcat deployment java and tomcat with ansible development web packaging,1
xwiki ctrl this module should be used to install tomcat for xwiki from the set of ansible playbook from git com kanedafromparis the first is ansible xwiki example git com kanedafromparis ansible xwiki example web,1
tomcat installs tomcat 8 on ubuntu trusty java tomcat,1
tomcat manage tomcat installation web,1
tomcat ansible tomcat role web,1
tomcat and java deployment java and tomcat with ansible development web packaging,1
tomcat7 tomcat 7 containers web,1
tomcat installation and configuration of the apache tomcat from tar gz web,1
tomcat 8 tomcat 8 containers web,1
tomcat ansible role to install tomat development web,1
tomcat tomcat 7 for ubuntu development web,1
xwiki tomcat this module should be used to install tomcat for xwiki from the set of ansible playbook from git com kanedafromparis the first is ansible xwiki example git com kanedafromparis ansible xwiki example web,1
hippo tomcat web,1
tomcat multi installation of multiple tomcat instances per box system web,1
dynatrace tomcat agent an ansible role for automated deployments of the dynatrace java agent for apache tomcat monitoring,1
tomcat multi installation of multiple tomcat instances per box system web,1
dynatrace tomcat agent an ansible role for automated deployments of the dynatrace java agent for apache tomcat monitoring,1
tomcat6 tomcat 6 for rhel centos and debian ubuntu development web,1
tomcat ubuntu tomcat 8 latest official deb packages from the ubuntu package archive development system web,1
tomcat tomcat for linux system web,1
tomcat7 tomcat 7 for rhel centos web,1
tomcat installs deploys and configures apache tomcat web service tomcat,1
tomcat a puppet module to install tomcat java webserver tomcat tomcat,1
tomcat puppet tomcat module java-ee tomcat webservers java jsp,1
rhel tomcat7 rhel centos tomcat,1
tomcat puppet module for-loop tomcat tomcat application server example42 java,1
tomcat puppet labs se team tomcat module tomcat,1
tomcat run tomcat instances under runit tomcat applications runit,1
tomcat installs configures and runs tomcat manages war file tomcat,1
tomcat the tomcat module installs the apache tomcat binary distribution tomcat apache webserver java jsp web,1
tomcat a puppet module that installs tomcat6 on el debian platforms tomcat servlets tomcat6,1
tomcat a tomcat6 module that supports multiple instances tomcat6 rhel,1
tomcat manual without package system installation of tomcat7 tomcat tomcat 7,1
tomcat puppet module for-loop tomcat apache java tomcat,1
tomcat tomcat module for-loop ubuntu tomcat7 tomcat6 ubuntu tomcat,1
tomcat a tomcat6 module that supports multiple instances clustering tomcat6 high-availability,1
tomcat installation and configure apache tomcat on redhat centos and debian instances multiple tomcat puppet,1
tomcat installs and manages tomcat6 tomcat6,1
tomcat configure multiple instances of tomcat tomcat,1
tomcat a module for-loop managing tomcat instances,1
tomcat the tomcat module installs and customization apache tomcat on your nodes tomcat apache servlets,1
tomcat puppet module to manage several apache tomcat instances on one node linux windows instances tomcats tomcat apache,1
tomcat installation tomcat instances,1
tomcat support for-loop tomcat 7 and 8 on redhat,1
tomcat manages tomcat version 6 or 7 in etc tomcat 6,1
tomcat manages tomcat6 in etc tomcat6,1
tomcat install the apache tomcat and java file,1
tomcat installs and manages tomcat6,1
tomcat performs installation and configuration of tomcat based on packages provided by the operating-system solr,1
tomcat this is the tomcat module it allows you to create instances of tomcat and deployment tomcat applications maven oss-sonatype tomcat,1
tomcat configure and install tomcat on ubuntu debian tomcat-7 tomcat-6 ubuntu tomcat7 tomcat6 tomcat,1
solr this is the solr module it deploys an installation of solr in tomcat solr tomcat,1
tomcat installs deploys and configures apache tomcat web service web-serever tomcat7 tomcat8 tomcat,1
tcif a module to manage the eupathdb tomcat instance frameworks tcif,1
