azulinho yum plugins versionlock ansible role for install the versionlock plugins for yum packaging,1
epel installs and configures yum epel repository system packaging,1
epel installs and configures yum epel repository system packaging,1
gogs role used to install gogs on centos with yum,1
webmail role used to install webmail on centos with yum,1
postfixadmin role used to install postfixadmin on centos with yum,1
yum ansible role to manage yum configuration system,1
nightly security update yum a role to install cron to automatically run security updates system,1
yum basic package and locales installation and configuration system packaging,1
yum plugins role which helps to configure yum plugins system,1
yumrepo role which helps to manage yum repository system,1
yum update executes a yum update and set permissions on rhel centos yum system update,1
yum yum role yum disconnected,1
yum updates yum and installs development tools on centos 6 5 development web,1
yum remi installation remi repository packaging,1
repos manage centos yum and debian apt repository system packaging,1
yum replace the default yum module system packaging,1
azulinho yum repository epel ansible role for deploying the epel yum repository packaging,1
azulinho yum repository jenkins ansible role for deploying the jenkins yum repository packaging,1
yum security plugins install the yum security plugins on rhel boxes packaging,1
yum cron install yum cron on rhel centos flavours packaging,1
seedbox role used to install seedbox on centos with yum,1
ghost blogs role used to install ghost blogs on centos with yum,1
yum plugins priorities role to manage yum repository priorities yum system packaging centos,1
yumconf role which helps to manage yum configuration system,1
yum cron automatic yum updates for rhel centos security system packaging,1
dell installs dell yum repository and related softwares for managing a dell server system,1
azulinho yum repository rpmforge ansible role to install the rpmforge yum repository packaging,1
yumreposd role to manage etc yum repos d on rhel like system yum system packaging yumrepo,1
yum epel ansible role to manage epel repository system,1
package a role for installation packages on different operating system yum zypper apt packaging brew pacman portage,1
epel installation the epel package repository rpm repository yum epel,1
yum yum utilities package yum,1
yum puppet module for-loop yum yum package,1
yum installation the puppet labs yum package repository yum-puppetlabs centos rhel puppetlabs yum fedora yumrepo,1
packagecloud packagecloud io puppet integration rubygems repository rpm yum deb apt,1
remi installation the remi package repository remi repository rhel centos yum,1
mrepo configures and manages mrepo mirrors which are generated from distribution isos existing rpm mirrors the redhat networking or yast online update rpm repository yum mrepo mirror,1
atomic installation the atomicorp free rpm repository yum yumrepo atomic atomicorp,1
rpmfusion set up the rpm fusion repository on fedora centos rhel centos centos rhel rpmfusion yum,1
yum yum management module yum centos scientific redhat rhel,1
yum manages installed repos through hiera yum,1
rpmforge set up the rpmforge repository on centos rhel centos rpmforge centos rhel yum,1
pulp installation pulp repository server and client pulp forge yum rpm,1
mocking enterprise linux rpm build configuration rpm centos build rhel package yum rpmbuild enterprise compilation,1
yum centos repository rhel yum repository,1
yum extension of yum package provider to allow command-line options yum-plus rhel centos yum rpm provider package,1
yum yum repository definitions for-loop common repos rhel centos repos rhel centos rpm yum,1
ius module for-loop managing ius community repository yum repository ius repository,1
yum mysql,1
yum nagios monitoring nrpe monitor,1
yum apache passenger puppet,1
yum http apache passenger apache2 httpd,1
elrepo puppet module to configure the elrepo yum repository for-loop enterprise linux rhel centos clients elrepo module repository yum centos rhel redhat,1
yum ssh authentication security duo mfa multi factor openssh two mnx,1
razorsedge install the razorsedge yum repository oel rpm centos rhel repository yum,1
pe module to create yum apt repos of puppet enterprise puppet enterprise yum apt dpkg repository,1
remi set up remi repository on centos rhel centos remi centos rhel yum,1
yum puppet module to caching yum packages and create a local repository centos rhel redhat repository yum scientific oraclelinux caching rpm package,1
yum adds yumrepos from parameters redhat repository centos rhel yumrepo yum,1
yum a module to manage the configuration of yum-updatesd on cent rhel 5 6 hosts yum-updatesd yum centos redhat,1
yum puppet module for-loop scheduled system updates on rhel variants update unattended yum,1
yum configure yum repository on redhat and centos redhat centos yum,1
apaxage set up an apaxy themed package repository apaxy packagerepository yum packages,1
yum installation the yum hairmare ch package repository yum mongodb centos,1
yum a puppet module that manages yum configurations 010,1
yum yum groupinstall module for-loop running groupinstall,1
yum configures the centos 5 6 or 7 yum repository config to point to a local mirror module repository yum centos,1
epel configures the epel yum repository config to point to a local mirror on enterprise linux rhel centos clients epel module repository yum,1
yum yum provider that supports proper version locking centos65 yum puppet3,1
jpackage6 puppet module for-loop jpackage yum repository yum jpackage java fedora rhel,1
yum yum repos module yum,1
yum yet another yum module to manage yum repository stanzas repository yum centos rhel,1
yum provides yumgroup types for-loop rhel system,1
elrepo module for-loop managing elrepo repository yum elrepo repository,1
yum this module can be used to installation local yum server sever local puppet module yum,1
autoupdate enable autoupdates unattended update yum apt,1
adobe module for-loop installation the adobe yum repository flash adobe,1
virtualbox configures the virtualbox yum repository config to optinally point to a local mirror on enterprise linux rhel centos clients,1
yum puppet yum repository file management,1
yum module for-loop using centos repos,1
yum mirror selected rpm packages from configured yum repository to a local repository,1
yum manages installed repos through hiera yum,1
