foreman install foreman ddollar git io foreman system,1
git install git add git and bitbucket to etc ssh ssh known hosts system,1
deployment update code git clones repository to fresh release directory system web,1
gitlab gitlab git web interface development web,1
svn svn web server development,1
svn2git svn2git versioncontrol conversion software for linux development system,1
git role to create a bare git repository with hook development,1
source get application source code from git or mercurial repositoires cloud development system web,1
beanstalkd an ansible role for the installation of the beanstalkd networking work queue kr git io beanstalkd networking,1
git install a specific version of git from source development system,1
node installs latest nodejs and the latest npm git com npm npm fancy install unix development system,1
meetme newrelic plugins agent this role installs and configures meetme newrelic plugins agent git com meetme newrelic plugins agent monitoring,1
azulinho git ansible role for installation the latest git on rh system,1
oauthd install oauth daemon git com oauth io oauthd cloud web,1
gitchatploy ansible hipchat deployment notifications for git things development,1
openerp ansible role to install openerp from a git or mercurial repository and configure it web,1
evm an ansible role to install evm git com rejeep evm development system packaging,1
git installs git and related utilities development system,1
certified install certified git com rcrowley certified system,1
s3fs ansible role to install s3fs git com s3fs fuse s3fs fuse system networking,1
gitlab gitlab git web interface development web,1
user git configures git for user system,1
latest git set up the latest version of git in ubuntu system development system,1
svn a role for installation svn development,1
pulsar install and manage a pulsar git com galaxyproject pulsar server web clustering,1
letsencryptsh install and configure letsencrypt sh git com lukas2511 letsencrypt sh create user for privilege dropping and cron configuration for certificate renewals x509 certificate acme openssl certificate ssl letsencrypt ssl ca,1
githook for jira installs a local githook for jira git jira,1
rancid git rancid 2 fork with git support also include customizations for snapshotting many more devices than the main project such as vyatta f5 dell and ubiquiti edgeswitch to name a few nexus brocade junos juniper rancid dell f5 networking vyatta git pfsense arista ubiquiti cisco fortigate,1
githubhooks adds a web hook to all an organizations git repository automation system,1
githubwebhooks adds a web hook to all an organizations git repository automation system,1
git mfa checker checks all admin user of a git org have their 2 factor authentication enabled automation system,1
git webhooks adds a web hook to all an organizations git repository automation system,1
git webhooks adds a web hook to all an organizations git repository automation system,1
gitlab gitlab git web interface development web,1
git install configure git packages that enchance git git git dotfiles,1
gitlab gitlab git web interface development web,1
git ansible role to service git development,1
git ansible role for installation git and nginx for self hosted repository server git nginx,1
git ansible role for installation git and nginx for self hosted repository server git nginx,1
git install configure git packages that enchance git git git dotfiles,1
git deployment git client from source let you choose the version require build tools development git system,1
git git for ubuntu 14 04 development system packaging,1
git install and set up git package for centos debian ubuntu and osx if-statement brew available development system,1
git install git git version-control com in a cross platform way networking packaging,1
http2 build and installs several bleeding edge http 2 compliant tools from git repository development system web,1
rancid git installs rancid really awesome new cisco config differ configurable git enabled system networking,1
git debian lucid git version control software development system,1
git code pull ansible role to pull a git repository cloud system,1
justniffer build and installs justniffer from git repository system networking monitoring,1
gitlab gitlab git web interface development web,1
git git version control software development system,1
git git version control software development system,1
logmon install logmon use git com kuchitama logmon kuchitama logmon is fork of moomindani logmon monitoring,1
git release infra role for installation released binaries from git development,1
apache2 this role installs the following packages apache2 php php gd git curl wget,1
git git version control software development system,1
debian git install git for debian system system,1
continuous-integration versioncontrol versioncontrol for continuous-integration for linux server server development git system svn continuous-integration webserver,1
sa git helps you to install recent version of git core software on your ubuntu 16 04 lts 15 10 15 04 14 10 14 04 lts 12 04 lts system using ppa git ubuntu,1
buildbranchessites build sites from git branch cloud system,1
gitautodeploy machines with this role will have a small http server that listens for web hook python-requests sent from git gitlab or bitbucket servers see this hyperlink olipo186 git io git auto deployment development,1
gitolite install gitolite from upstream git development,1
pyenv ansible galaxy role for pyenv git com yyuu pyenv development system,1
sources ansible role for deploying sources from git repository system,1
git an ansible role for installation git development,1
git install git,1
git install git package source server development system,1
git git version control software development system,1
base a basic role providing some common development tools and system configurations for doing full stack web development gruntjs node development gulp git system web bash sass bower ruby,1
prm ansible role that creates and synchronizes a deb or rpm repository using prm git com dnbert prm packaging,1
package server a role to pack projects from git repository into deb packages and makefile then available as debian software channel to install with apt get development packaging,1
gogs gogs go git service development web,1
rbenv ansible role to deployment rbenv and rbenv plugins git com sstephenson rbenv development system packaging,1
git install git and provide usefull settings for it development system,1
git user installation user with git users' ssh key system networking,1
stationmaster ansible playbook to support git com radify stationmaster takes care of updating stationmaster's csv monitoring,1
git installs git and set global options development,1
osx git an ansible role to installation git development,1
git an ansible role for installation and configuring git development,1
gitusers manage user accounts based around git shell system,1
helga ansible role for helga the irc bots git com shaunduncan helga networking,1
seafile install and configure seafile an open source cloud storage homepage seafile comsee git com dresden weekly ansible seafile example for usage and development web,1
git publisher git deployment development system,1
openerp ansible role to install openerp from a git or mercurial repository and configure it web,1
svn apache svn for rhel centos 6 x development,1
svn installs svn development,1
gitlab install gitlab windows-ce omnibus development git,1
git mfa checker checks all admin user of a git org have their 2 factor authentication enabled automation system,1
git this role will assume the installation and configuration of git installation git package define the gitconfig file allow installation of the giconfig file system developpement,1
base simple base providing git pip wheel virtualenv various utils system,1
git installs and configures lastest git development,1
moodle role moodle install from git web,1
trellis deployment locally this role can be swapped in into a trellis project if-statement the webserver has no access to the git repository trellis deployment,1
git git installation and cloning for rhel centos git system,1
kallithea ansible role to install kallithea and configure it development git system web mercurial mercurial,1
buildpack deps version-control git bazaar mercurial svn system,1
base simple base providing git pip wheel virtualenv various utils system,1
git installs and configures lastest git development,1
git installs git of version you want by compilation source for centos 7 development system,1
git git a distributed version control system development,1
git server installation bare git repositors system web,1
casalibs ppa installs casacore libs as per radio astro git io packaging,1
gitconfig configures git for various user system,1
shellinabox role for git com shellinabox shellinabox development,1
git git lfs git large file storage development system,1
git install configure git packages that enchance git git git dotfiles,1
sources ansible role for deploying sources from git repository system,1
git application a role for deploying applications using git cloud development system web packaging,1
ubuntu git latest installs the latest git version on ubuntu git ubuntu latest,1
git installs git version control system system,1
gitlab gitlab git web interface development web,1
pyenv ansible galaxy role for pyenv git com yyuu pyenv development system,1
git application a role for deploying applications using git cloud development system web packaging,1
moodle role moodle install from git web,1
trellis deployment locally this role can be swapped in into a trellis project if-statement the webserver has no access to the git repository trellis deployment,1
git git installation and cloning for rhel centos git system,1
git git version control software development system,1
gitlab gitlab git web interface development web,1
git git lfs git large file storage development system,1
git install configure git packages that enchance git git git dotfiles,1
git repos clones any numbers of git repos with less configuration git osxstrap osx,1
git git role development,1
gitlab install gitlab windows-ce omnibus development git,1
git mfa checker checks all admin user of a git org have their 2 factor authentication enabled automation system,1
git handle git git system developpement,1
gitlab gitlab git web interface development web,1
git server installation bare git repositors system web,1
casalibs ppa installs casacore libs as per radio astro git io packaging,1
git this role installs git on redhat centos and debian ubuntu linux servers ontic git system control version,1
git installs git development,1
git git installation development system,1
git installs git development,1
