timezone manage timezone system,1
coreos timezone configures timezone for coreos cloud system,1
timezone configures timezone system timezone,1
timezone configure timezone system,1
timezone timezone configure timezone,1
timezone this role configure's the system timezone for ubuntu trusty 14 04 development system ansidev web,1
timezone set timezone and optionally enable ntp on a host system,1
timezone set update the timezone system,1
timezone configures timezone settings system,1
timezone role for manage timezone system,1
timezone set timezone on debian like system system,1
timezone set timezone on debian like system system,1
timezone role for managing timezone system,1
timezone configures timezone system,1
timezone configures the timezone system,1
tzupdater ansible role for updating timezone data in the java software system,1
timezone set the timezone of debian based system system,1
locale lang scrit to installation locale and timezone system web networking,1
timezone timezone configuration system,1
timezone ansible role for confguring system clock and localtime system,1
timezone install and set timezone on your system system,1
timezone installation timezone development web,1
locale timezone configuration of locale and timezone timezone locale,1
timezone install and set timezone on your system system,1
tzdata ansible role for timezone management system,1
coreos timezone configures timezone for coreos cloud system,1
timezone handle timezone system timezone,1
timezone set the timezone development system packaging,1
timezone scientificlinux archlinux redhat centos debian ubuntu timezone gentoo,1
timezone configure etc localtime and associated system file linux timezone,1
timezone puppet module to manage timezone timezone time example42,1
tzdata install update the olson timezone database time rhel tzdata zoneinfo olsondb date tz redhat centos gentoo scientific dst debian,1
timezone puppet timezone module localtime tzdata timezone,1
timezone configure timezone on ubuntu timezone ubuntu,1
timezone ubuntu timezone,1
timezone system timezone configuration debian ubuntu timezone tzdata,1
timezone ubuntu timezone configuration,1
systemd configure system hostname locale timezone using systemd,1
timezone manage system time zone,1
linux manage main linux configurations in a single module user selinux timezone sudoers resolvconf ntpdate motd hosts security tools management linux,1
