supervisor a role for creating supervisor task cloud development system web packaging,1
supervisor install minimal supervisor on centos development web,1
supervisor install and configuration supervisor monitoring,1
supervisor2 an ansible role for install supervisor on centos and add init script for running supervisord automatically on startup system web monitoring,1
supervisor handle supervisor system supervisor,1
supervisor install and run supervisord as any user requires virtualenv web monitoring,1
supervisor ansible script to install supervisor over ubuntu server system monitoring supervisor,1
supervisor manage supervisor development system,1
supervisor role to install supervisor system supervisor,1
supervisor a role for creating supervisor task cloud development system web packaging,1
supervisor ansible role for supervisor system,1
supervisor install and run supervisord as any user requires virtualenv web monitoring,1
supervisor ansible role for supervisor system monitoring,1
supervisor supervisor role development web,1
supervisor an ansible role for supervisor system,1
supervisor install supervisor and add conf to supervise program tools,1
debian supervisor install supervisor for debian system system,1
supervisor set up the latest or a specific version of supervisor in ubuntu system system web networking monitoring,1
supervisor supervisor web,1
supervisor install and run supervisord as any user requires virtualenv web monitoring,1
supervisor task a role for creating supervisor task cloud development system web packaging,1
supervisor installs supervisor latest development web,1
supervisor supervisor installation system,1
supervisor install and configure supervisord deployment docker,1
supervisor ansible role to install supervisor system,1
supervisor installs and configures supervisor process control system based on stouts supervisor process system management web monitoring,1
supervisor supervisor installer python27 supervisor,1
supervisor supervisor installation system,1
supervisor ansible role for supervisord amazon supervisord centos6,1
supervisord supervisor is a client server system that allows its user to monitor and control a numbers of process on unix like operating system system monitoring,1
supervisor manage supervisor development system,1
supervisord module supervisord class and function management supervisor supervisord process python,1
supervisor module for-loop installation supervisor in centos aws linux debian ubuntu process-management process-control supervisor awslinux,1
supervisor rentabiliweb supervisor module daemon supervise rentabiliweb autoreload autostart supervisord supervisor puppet,1
supervisor supervisor module made by digg inc python supervisor,1
supervisor install and configure supervisord supervisor supervisord,1
supervisor puppet module to install and configure supervisor supervisor supervisord,1
supervisor install and configure supervisord supervisord supervisor,1
runit runit module for-loop deb rpm-based system runit process supervision supervisor linux ubuntu debian,1
circus circus process and sockets manager circus supervisor process sockets manager,1
supervisor adds a provider for-loop supervisor to the built in service resources types puppet provider service supervisord supervisor,1
supervisor dalenys supervisor module autoreload autostart supervisord daemon supervise supervisor puppet,1
