include pritunl simple pritunl vpn installation with ansible networking,1
include pritunl simple pritunl vpn installation with ansible networking,1
openvpn openvpn playbook for centos fedora rhel rhel clones ubuntu debian networking,1
ibvpn installs and configures openvpn to use with the ibvpn service it also installs a squid proxy server for easy use web networking,1
openvpn 2fa install and installation openvpn with 2fa using google authenticator networking,1
tinc configure tinc mesh vpn networking system networking,1
openvpn installs and configures openvpn client system,1
openvpn openvpn with pki for ubuntu debian security system web cryptography networking,1
openvpn role which helps to install and configure openvpn server system,1
openvpn manage openvpn server system networking,1
fastd installation fastd vpn networking,1
openvpn for access this role provisions an openvpn server this server is not designed for routing all traffic from the client it is for granting access to the server shared-libraries that ssh for example can be allowed only via openvpn networking,1
openvpn openvpn installation for centos 7 networking,1
openvpn java-collections-api of ansible roles to run openvpn networking,1
ipredator openvpn client using ipredator service to assist in networking diagnostics system networking monitoring,1
pritunl a role for the pritunl vpn server networking,1
openvpn openvpn compiled from source security networking,1
ipredator openvpn client using ipredator service to assist in networking diagnostics system networking monitoring,1
openvpn installs and configures openvpn networking,1
openvpn install openvpn for us with aws bastions development,1
tinc configure tinc mesh vpn networking vpn networking tinc,1
openvpn openvpn server puppet module vpn openvpn,1
openconnect cisco openconnect vpn client openconnect ubuntu cisco vpn,1
openvpn puppet powered openvpn openbsd vpn openvpn freebsd debian,1
openvpn install enable and configure openvpn servers and static clients networking vpn security openvpn,1
tinc puppet module for-loop tinc tinc vpn example42,1
openvpn this module installs configures and manages the openvpn service openvpn,1
openvpn puppet module for-loop openvpn openvpn example42,1
racoon racoon ike server vpn ipsec racoon ubuntu debian,1
openvpn controls openvpn server and clients debian openvpn,1
openswan openswan installation and configuration + site to site vpn creation,1
nordicedgeotp install the nordicedge otp server and manage its configfile redhat otp nordicedge mcafee centos rhel applications vpn networking security,1
openvpn openvpn ssl ssl based vpn,1
openvpn ubuntu openvpn,1
strongswan module to configure strongswan ipsec vpn centospe,1
gvpe gnu-vpe module for-loop puppet to pnp vpn networking,1
openvpn puppet module: openvpn server on ubuntu server openvpn ubuntu,1
android_ec2_vpn l2tp ipsec psk vpn server for-loop single android user xl2tpd racoon l2tp ipsec vpn ec2 android,1
xl2tpd xl2tpd l2tp server vpn xl2tpd ubuntu debian,1
openswan installs and configures an openswan vpn server for-loop use for-loop ios and osx devices vpnserver vpn openswan,1
strongswan nextdoor strongswan management module vpn openswan tunnel vpc swan strongswan,1
openvpn install and configure openvpn clients,1
