ruby common ansible role that compiles and installs ruby web ruby lang org and bundler bundler io development,1
ruby 2 0 0 ansible role that compiles and installs ruby 2 0 0 web ruby lang org and bundler bundler io development,1
rails deployment deploys rails application like capistrano or mina do web,1
ruby builder ansible role that compiles and installs ruby web ruby lang org for debian and rhel based distributions development,1
erlang a role that install erlang with kerl development,1
go install go system,1
nodejs app provision node javascript app system web,1
nodejs raspbian install node javascript on raspbian raspberry pi specific arm distro system web,1
php pear install pear and pear packages packaging,1
ruby ansible ruby role using brighbox repos system,1
ruby via ruby build installs specific ruby version system,1
python installs python pip setuptools and virtualenv development system,1
erlang install erlang system,1
rvm rvm and ruby installation development web packaging,1
mesos ansible nodejs playbook role system,1
php manage php configuration on ubuntu and centos including extensions in various versions development web,1
python common common utilities for python including python dev pip and setuptools system packaging,1
newrelic php new relic php agent system web monitoring,1
nodejs install nodejs and npm system web packaging,1
php composer-php install composerphp system web,1
php extensions install php extensions web,1
php memcached install memcached extension for php from pear web,1
php pear install pear web,1
php yaml install yaml extension php from pear web,1
rbenv install rbenv and ruby development web packaging,1
miniconda miniconda python distribution development packaging,1
java ubuntu saucy install oracle open java on ubuntu saucy 13 10 development system,1
erlang rebar a role that installs erlang rebar development,1
ruby install a specific version of ruby using rvm development web,1
java oracle java web,1
rails deployment a rails application using git development system web,1
goservice a role to fetch a go repository build it and create an related upstart jobs packaging,1
railsbox bower runtime installs bower development,1
railsbox ruby runtime installs latest ruby from brightbox ppa development,1
railsbox rails application deploys rails to server development,1
gocd install the go continuous delivery tool model even the most complex build and deployment workflow with ease development,1
go install go language go support using debian packages development go go programming,1
nodejs install the latest stable version of node javascript and npm development system web,1
ruby ubuntu installs ruby on ubuntu using chruby and ruby install development system,1
gocd an ansible role for installation go continuous delivery server development,1
gdal netcdf an ansible role for installation gdal with python binding that can read netcdf file,1
nodejs nodejs installer from source or package from nodesource development system,1
java scrit to installation japanese environment system web networking,1
java install install oracle java from ppa repository development system packaging,1
php php for redhat centos debian ubuntu development web,1
php pecl php pecl extension installation development web,1
php xdebug php xdebug for linux development web,1
python ansible role for python utilities etc system,1
pumacorn manage either a puma or unicorn rails process with init d development system web,1
rbenv centos install rbenv and ruby development web packaging,1
php this role installs and configures the php development web,1
nodejs install nodejs from package build from source or download binary tarball development system,1
java installs java from the webupd8 ppa and applies the specified configuration development,1
python installs minimal python 2 7 8 setuptools pip from source on centos 6 5 development web,1
fork deploys rails application like capistrano or mina do web,1
nodejs nodejs npm role development,1
python install python virtualenv virtualenvwrapper system,1
rbenv role to install rbenv and multiple ruby versions development system,1
php fpm this ansible role manage installation and configuration of php fpm inspired from git com cocoy ansible playbooks web,1
azulinho python27 ansible role for deploying the python 27 on rh system,1
azulinho java openjdk java ansible role for installation java from openjdk on rh packaging,1
php pecl install pecl extensions for php via pecl or apt web,1
erlang ansible role for erlang installs erlang from a custom repository by default it will install the latest erlang and erlang manpages packages available from erlang solutions repository packages erlang solutions com erlang development packaging,1
gocd install the go continuous delivery tool model even the most complex build and deployment workflow with ease development,1
go install go language go support using debian packages development go go programming,1
nodejs install the latest stable version of node javascript and npm development system web,1
railserver installs ruby rails and rvm web,1
ruby install installs ruby install development system,1
ruby uses ruby install and chruby to installation ruby development system,1
composer-php install and update composer-php php dependencies manager web packaging,1
nodejs set up the latest version of nodejs and npm in debian like system system web,1
bootstrap ensure python2 installed python2 python system bootstrap,1
nodejs installs the latest version of node javascript from the chris lea ppa development web,1
ruby compiled compiled ruby role development,1
php an ansible role for installation php,1
nodejs simple ppa backed nodejs role development,1
java java for linux development system web,1
java oracle a lean and quick ansible role to install oracle java in vagrant machines development system web,1
devpi deploys a devpi server for caching download from the python package indexing development,1
python dev configure common tools used for python development cloud development,1
java an ansible role to install java on linux currently tested on centos 6 5 and ubuntu 14 04 system,1
rails app set up and deploys a rails application development web,1
php an ansible role for installation and configuring php development web,1
java role install oracle java for rhel centos 6 x and debian ubuntu development system web,1
nodejsserver set up base level requirements for using nodejs on a server web packaging,1
nodejs ansible nodejs role web,1
ruby this ansible role aims to install ruby on ubuntu system development system,1
perl perl playbook development,1
php pecl install pecl extensions for php via pecl or apt web,1
erlang ansible role for erlang installs erlang from a custom repository by default it will install the latest erlang and erlang manpages packages available from erlang solutions repository packages erlang solutions com erlang development packaging,1
sidekiq manage a sidekiq worker for rails applications development system web,1
whenever manage the ruby ruby whenever development system web,1
nodejs install nodejs npm and npm module development system web,1
java install java system web,1
php installs and configures php development web,1
java installs oracle java 8 from webupd8team system,1
nodejs install nodejs development,1
newrelic php new relic php agent system web monitoring,1
php opcache reset reset the php opcache that lives in php fpm's memory web,1
php install php its module and provide usefull settings for it development system,1
elixir ansible role for erlang elixir ubuntu development system,1
nodejs nodejs via package manager development web packaging,1
ruby install install ruby install on remote system,1
fatjar service deployment and run java app as fatjar cloud development packaging,1
perl ansible role for perl environment carton cpanm installation on ubuntu server system,1
apache2 installs nodejs and global npm packages web,1
java oracle java from oracle using the webupd8 ppa development system,1
php installs and configures php web,1
ruby ansible role to install ruby via rbenv development,1
osx ruby an ansible role to installation ruby on operating-system x development,1
php installs and configures php fpm flexible configuration and sensible defaults development web,1
nodejs install nodejs and npm deb packages from ppa web,1
rails deployment deployment and monitor rails applications development system,1
ruby install and installation ruby rubygems development system,1
go an ansible role for installation the go programming language development,1
ruby ansible role for ruby 2 ubuntu server system,1
sd agent serverdensity python agent install cloud system ec2 gce rax clustering monitoring,1
zend-framework php options configures zend-framework php settings web,1
nodejs ansible role to install nodejs system,1
php fpm this role allows you to to configure php fpm pools for both php 5 6 and 7 0 on the same system fpm apache apache2 nginx web php,1
php this role allows you to install php 5 6 and or php 7 0 on ubuntu trusty and debian jessie web php php7,1
ruby 1 install ruby on linux development web,1
php php and php module installation development,1
rbenv install rbenv and ruby build plugins for specified user gems rbenv ruby,1
composer-php ansible role for installation and configure composer-php ubuntu composer-php php,1
php ansible role for installation and configure php and php packages ubuntu php,1
newrelic php new relic php agent role application monitoring for rhel centos ubuntu debian monitoring,1
php mysql php mysql support for redhat centos and debian ubuntu database web,1
diamond role to installation python diamond monitoring,1
nodejs ansible role for node javascript management development web,1
virtualenv install and manage virtualenv development python packaging,1
ruby ansible role for rbenv and ruby management development web,1
php handle php development web php,1
ruby installs ruby from source in given version development system language ruby,1
php command-line-interface a simple role that compiles php command-line-interface from source development system src php,1
nodejs installs node javascript and npm development web,1
nodejs node javascript installation for linux development web,1
openapphack java java for linux development system web,1
openapphack php php for debian ubuntu development web,1
openapphack php xdebug php xdebug for linux development web,1
php fpm a simple role that compiles php fpm from source development system src php,1
rvm set up your local rvm with ruby head development rvm installation ruby,1
rbenv install rbenv and ruby development web packaging,1
php an ansible role that installs php on ubuntu specifically created with phansible in mind web,1
pm2 installs pm2 and manages apps pm2 web nodejs,1
nodejs node javascript installation for linux development web,1
ruby install install ruby install installer ruby,1
nodejs installs nodejs nodejs org en development,1
java handle java java developement,1
php extjs postgresql9 bridging role to use php 5 with postgresql database system,1
java packages lsst square's java packages jvm java system ubuntu centos,1
ruby2 installs ruby 2 language runtime and development packages system,1
jekyll install jekyll jekyll ruby,1
ruby install configure ruby install extra gems development system dotfiles ruby,1
matlab runtime installs the matlab runtime matlab,1
python27 install python 2 7 system,1
ansible role install pip install python pip python system,1
java java for gnu linux system development system web,1
ruby 2 3 0 installs ruby 2 3 0 development ruby,1
php mbstring php multibyte string for rhel centos php mbstring,1
sa php hhvm installs facebook's hhvm on ubuntu ubuntu hhvm php,1
virt net deps install virt net module dependencies python system,1
php computer-science fixer install php coding standards fixer development system web packaging,1
php xdebug php xdebug for linux development web,1
php memcached php memcached support for linux database web,1
php xhprof php xhprof for linux development web,1
php this role installs and configures php 7 for ubuntu trusty 14 04 development system ansidev web,1
php mysql php mysql support for debian ubuntu database web,1
node install configure nodejs npm development npm nodejs,1
php vhosts ansible role for php virtualhost management system,1
python python is a programming language that lets you work quickly and integrate system more effectively development,1
php php for redhat centos debian ubuntu development web,1
php install php packages web debian php,1
gocd agent install the go continuous delivery agent cd development,1
nodejs an ansible role to install nodejs on linux currently tested on centos 6 5 7 1 and ubuntu 14 04 system,1
php install and configure php web,1
ruby ruby installation for linux development web,1
composer-php composer-php php dependencies manager web packaging,1
deployment project php symfony2 an ansible for deployment symfony2 project deployment,1
php installs and configures php 5 and selected extensions development,1
php installs and configures php 5 and selected extensions development,1
nodejs node javascript installation for linux development web,1
phpfpmapp installation php fpm app debian php,1
php php for redhat centos debian ubuntu development web,1
nodejs ansible role for installation and updating node javascript on ubuntu server system,1
php ansible role for php environment composer-php installation on ubuntu server development system web packaging,1
ruby ansible role for ruby 2 ubuntu server system,1
erlang programming,1
mapr python,1
dynatrace glassfish agent an ansible role for automated deployments of the dynatrace java agent for glassfish monitoring,1
php nginx bridging role to use php 5 with nginx using php fpm system web,1
ubuntuphpfpm7 'ubuntu install php7 fpm' php,1
python requirements ansible role for python requirements development osx alpine,1
python deps ansible role to install python dependencies for various python versions development packaging,1
sails.js ansible role for installation and optionally lifting sails.js sails.js nodejs,1
go installs go from source set up the necessary development environment and grabs the specified packages development,1
nodejs javascript runtime by node javascript nodejs javascript,1
phoenix frameworks phoenix frameworks phoenix elixir frameworks erlang,1
ubuntu sunjava installs sun java on ubuntu system packaging,1
python-3.x ansible role for installation a python 3 x version from source development system,1
ruby use this role to install ruby from source in usr local on debian based system after installation ruby it will also install bundler shared-libraries user of the system can install their dependencies in a local bundler directory system packaging,1
deployment ansible role to deployment scripting applications like php python ruby etc in a capistrano styles cloud web,1
ruby ruby installation for linux development web,1
ruby rbenv an ansible role install ruby using rbenv system,1
iojs ansible role for installation the io javascript runtime environment development web,1
rvm the official rvm role to install and manage your ruby versions development web,1
brightbox ruby install ruby with brightbox ppa development system,1
nodejs node javascript is a platform built on chrome's javascript runtime for easily building performance scalable networking applications development,1
php ansible small role to install php development web,1
fluentd really simple management of data java-collections-api from logging or scripting installation from ruby monitoring,1
robot sweatshop continuous integration without pet servers or the jvm development system,1
nodejs installs nodejs from source on centos 7 development,1
php pecl php pecl extension installation development web,1
nodejs installs nodejs development web,1
python installs minimal python 2 7 8 setuptools pip from source on centos 6 5 development web,1
php command-line-interface php command-line-interface for ubuntu 14 04 development system,1
php fpm php fpm for ubuntu 14 04 development web,1
node nvm ansible install nodejs via nvm node version manager for a list of user development,1
newrelic php new relic php agent role application monitoring for rhel centos ubuntu debian monitoring,1
gocd agent install the go continuous delivery agent development,1
ruby ruby for ubuntu 14 04 development system web,1
gobuild build go lang projects development packaging,1
openjdk installs openjdk java from the openjdk ppa and applies the specified configuration development,1
elixir installs erlang and elixir from erlang repository system,1
php fpm ansible role for installation and configuring php fpm web,1
newrelic php new relic php agent system web monitoring,1
rails eye ansible role to load config for eye and to restart all the jobs web,1
nodejs app deployment nodejs applications web,1
erlang install erlang system,1
nodejs install nodejs system,1
python monasca events installs python monasca events system clustering,1
rvm rvm and ruby installation development,1
php 56 command-line-interface set up php 5 6 command-line-interface in ubuntu system system web,1
skeleton service install skeleton service a sample microservice implemented in java with dropwizard development,1
java ansible playbook to install the official oracle java java system,1
java oracle java from oracle using the webupd8 ppa development system,1
fluentd really simple management of data java-collections-api from logging or scripting installation from ruby monitoring,1
camo camo nodejs app for systemd platforms cloud web,1
php php for redhat centos debian ubuntu development web,1
brightbox ruby debian lucid install brightbox ruby for debian lucid development system,1
go go is an open source programming language that makes it easy to build simple reliable and efficient software development,1
ruby install ruby and bundler development web,1
gems install ruby gems development web,1
keycloak installs wildfly's application runtime development web,1
nodejs install nodejs and npm on debian based system development web,1
php ansible role that installs configures php on ubuntu development system web,1
phpenv role to install custom versions of php using phpenv and php build development system,1
rails install checkout and install rails application system,1
python provisions python via pyenv database development system,1
phalcon php phalcon development web packaging,1
fluentd really simple management of data java-collections-api from logging or scripting installation from ruby monitoring,1
rails prepares a server for rails development development,1
ruby system wide ruby installation from source development,1
superlumic node ansible role to install nodejs on osx this role is part of the superlumic project that aims to simplify repeat computer setups on osx 10 10 and up system,1
superlumic php ansible role to install php on osx this role is part of the superlumic project that aims to simplify repeat computer setups on osx 10 10 and up system,1
rails stack easily installation a rails application on centos web,1
php ansible role php system web,1
zend-framework server role for installation zend-framework server cloud development php monitoring webserver,1
php php for redhat centos debian ubuntu development web,1
composer-php composer-php php dependencies manager web packaging,1
php memcached php memcached support for linux database web,1
php pecl php pecl extension installation development web,1
php xdebug php xdebug for linux development web,1
java ansible role to install java development,1
php56 php 5 6 5 3 for rhel centos development web,1
libselinux python libsexlinux python for rhel centos packaging,1
php pecl php pecl extension installation development web,1
php xhprof php xhprof for linux development web,1
ruby installation ruby development web,1
python installation python package development web,1
java install java development web,1
php an ansible role for installation php web,1
php pear an ansible role for installation pear package for php web,1
php amqp an ansible role for installation amqp module for php web,1
php gd an ansible role for installation gd module for php web,1
php mcrypt an ansible role for installation mcrypt module for php web,1
php mongodb an ansible role for installation mongodb module for php web,1
php newrelic an ansible role for installation new relic module for php web,1
python old versions installs an older version of python development system web packaging,1
php installs php in various versions development web,1
openjdk java install openjdk java package development web,1
java ansible role for oracle java installation system,1
composer-php composer-php installer composer-php php,1
php ansible role for php installation system,1
php php is a popular general purpose scripting language that is popular in web development development web,1
locust an open source distributed python based load testing tool monitoring,1
php fpm installs and configure system php fpm,1
go go role development,1
python python role development,1
java install java system,1
virtualenvwrapper ansible role install and configure virtualenvwrapper development python system virtualenvwrapper virtualenv,1
java build tools java build tools role development,1
php ansible role for installation php,1
java java for linux development system web,1
phpenv scrit to installation phpenv php,1
php php for debian ubuntu development web,1
php7 install latest php version in dotdeb repository web,1
php7 command-line-interface install latest php command-line-interface version in dotdeb repository system web,1
osx php installs php and composer-php on osx manages global composer-php packages osx php,1
python installs python from sources system packaging,1
python ansible role to service python development,1
ansible php7 php 7 is the latest version of general purpose scripting language that is popular in web development development web,1
debian java install java for debian system system,1
debian php hhvm install php hhvm for debian system web,1
debian php newrelic install php newrelic for debian system monitoring,1
debian php xdebug install php xdebug for debian system web,1
debian python install python for debian system system,1
nodejs installs nodejs v4 nodejs,1
php7 php 7 is the latest version of general purpose scripting language that is popular in web development development web,1
python ansible role to build python development system,1
xdebug an ansible role that installs php xdebug on linux servers specifically created with phansible in mind development web,1
php php installation web php,1
php xdebug php xdebug installation debugging web php xdebug,1
java dev installs java 7 and 8 maven and gradle gradle development java maven,1
composer-php php dependencies manager composer-php web packaging,1
sa go go language by google ubuntu go google language,1
ansible chruby installs ruby with chruby development,1
nodejs installation of node javascript for linux development web,1
php role which installs and configures php and php extensions system,1
composer-php this role installs composer-php on redhat centos and debian ubuntu linux servers ontic server web composer-php php packaging,1
sa python installs most recent pip list of optional packages python ubuntu pip,1
deployment bundle install install ruby gems to shared bundle directory system web deployment,1
php fpm install php fpm and php extensions fpm php,1
php xml php xml for rhel centos xml php,1
php imap php imap for rhel centos imap php,1
php56 php 5 6 for linux server server development php56 system php webserver,1
php php for debian ubuntu web,1
sa pm2 production process manager for node javascript apps with a built in load balancer pm2 ubuntu startup nodejs,1
pyenv pyenv python installer version manager development python installer,1
elixir install latest version of elixir elixir erlang,1
java install and configure oracle or openjdk java with testing kitchen serverspec testing java system,1
nfc controller itead pn532 uart this role prepares raspberry pi to be a nfc controller for itead pn532 chip based boards connected via uart electrosome com uart raspberry pi python itead nfc pn532 raspberrypi,1
magento this role installs magento on redhat centos and debian ubuntu linux servers ontic web ecommerce php magento,1
node nvm node version manager nvm tool that allows to install and use multiple node versions on the same host nvm ubuntu nodejs,1
sa jython installs python implementation for jython jython ubuntu,1
java install java java development java system packaging,1
rvm ansible role to install and manage your ruby versions fork of rvm1 ansible development rvm ruby,1
nodejs node javascript is a javascript runtime built on chrome's v8 javascript engine node javascript uses an events driven non blocking i o model that makes it lightweight and efficient packaging nodejs,1
uwsgi ansible role to install and manage uwsgi python uwsgi,1
python install specific versions of python and python packaging tools development system,1
python2 installs python 2 language runtime development packages and pip package manager system,1
php fpm php fpm management development web,1
java se ansible playbook for installation java se on centos debian linux java jvm development java system,1
python installs python development,1
java installs openjdk oracle java 6 7 8 system,1
phpunit ansible role to install phpunit on debian development librairies web php phpunit,1
opbeat this ansible role install opbeat package python development,1
diamond ansible role to install python diamond system monitoring,1
ruby ruby gems installation development web,1
common langs java-collections-api of common used languages java python java nvm sbt scala ubuntu javascript nodejs java,1
java install openjdk packages development system,1
java installs and configures java java,1
python latest installs the latest python 3 version in ubuntu using the deadsnakes ppa development system,1
nodejs installation nodejs development web,1
python27 ansible role for python 2 7 amazon python27 centos6,1
upload progress upload progress php module for beetbox development web beetbox,1
gocd agent install the go continuous delivery agent cd development,1
php php and fpm instalation development,1
php php and fpm instalation development,1
php apcu manage php apcu caching system web,1
java installs oracle java development system,1
ruby install ruby packages and gems development gems programming ruby,1
php ansible role to install php development web,1
php pecl php pecl development web,1
node nodejs node nodejs javascript,1
python installs python pip setuptools and virtualenv development system,1
php install latest php version in dotdeb repository web,1
php mysql php mysql support for redhat centos and debian ubuntu database web,1
ruby an ansible role for installation the ruby programming language development,1
rails ruby on rails server with rbenv puma nginx and nodejs rails puma,1
java oracle java installation role development,1
newrelic php an ansible role for configuring new relic php agent on ubuntu trusty system web monitoring,1
go install go development,1
pm2 installs pm2 and manages apps pm2 web nodejs,1
php command-line-interface ansible role to install php command-line-interface development,1
composer-php install and update composer-php php dependencies manager web composer-php php packaging,1
ruby installs ruby from a custom repository default values install ruby 1 9 3 from brightbox repository web brightbox com documentation ruby ubuntu system packaging,1
java openjdk oracle java 6 7 and 8 development system,1
nodejs install node javascript and npm on centos servers node juwai npm nodejs,1
composer-php installs composer-php on debian ubuntu linux servers php is required ubuntu composer-php debian,1
java manage java installation development,1
ansible go ansible role that installs go go org the latest stable release that has been compiled for x86 64 bit linux system is installed by default and different platforms and versions are supported by modifying the role variables development,1
python an ansible role for installation the python programming language development,1
php install and configure php system,1
php php is a popular general purpose scripting language that is popular in web development development web,1
python python is a programming language that lets you work quickly and integrate system more effectively development,1
php xdebug php xdebug for ubuntu trusty and precise development web,1
nodejs ansible role for nodejs development web,1
php install phpenv php and set up a site in nginx running it with php fpm fpm nginx web composer-php php phpenv pecl psysh xdebug phpunit,1
ansistrano rollback ansible role to roll back scripting applications like php python ruby etc in a capistrano styles cloud web,1
nodejs installs node javascript on a server development web,1
php installs php on a server development web,1
nodejs install and configure node javascript node development nodejs javascript,1
perl manage perl installation and provides cpan module to install module from cpan system,1
pip python pip command web,1
php xdebug php xdebug for linux development web,1
php pecl php pecl extension installation development web,1
chruby installs chruby and ruby install development ruby,1
php xhprof php xhprof for linux development web,1
user mri installs mri on a non root user development ruby,1
java java for linux development system web,1
rvm1 ruby the official rvm role to install and manage your ruby versions development web,1
nodejs node hotness,1
ruby 1 9 3 ansible role that compiles and installs ruby 1 9 3 web ruby lang org and bundler bundler io development,1
ruby 2 1 ansible role that compiles and installs ruby 2 1 web ruby lang org and bundler bundler io development,1
php fpm ansible role for installation php fpm including php apc and other helpful bits development system web packaging,1
php profiling profiling php apps development monitoring,1
ruby install ruby system,1
nodejs install node javascript system web,1
ruby common ansible role that compiles and installs ruby web ruby lang org and bundler bundler io development,1
php pear php pear library installation development web,1
rails common ansible commons rails role development web,1
ruby build install ruby build for installation ruby system,1
ruby simple ansible role for installation ruby with apt development,1
ruby a simple role to install ruby and bundler development system,1
php common installs php development web,1
phergie phergie a php irc bots web networking,1
nodejs ansible nodejs playbook role,1
php dev install latest php development package version in dotdeb repository web,1
php fpm install latest php fpm version in dotdeb repository web,1
php xdebug install xdebug extension for php web,1
php pecl php pecl extension installation development web,1
erlang relx a role that installs erlang relx development,1
java ubuntu installs java on ubuntu development,1
ark nodejs ansible ark for nodejs playbook role,1
ruby ansible role to install ruby via rbenv development,1
nodejs install the latest stable version of nodejs development web,1
railsbox node runtime installs nodejs runtime system,1
railsbox bundler runtime installs bundler development,1
rbenv install and configure rbenv and ruby build and use rbenv to install one or more versions of ruby development system,1
newrelic java agent new relic java agent role web monitoring,1
pumacorn manage either a puma or unicorn rails process with init d development system web,1
virtualenv creates a python virtualenv cloud development python system packaging,1
galaxy rbenv ruby ansible galaxy rbenv with ruby install development system,1
virtualenv creates a python virtualenv cloud development python system packaging,1
java manage java installation development,1
go compiles and installs go packaging,1
php fpm debian install and configure php fpm on debian system web,1
php fpm command-line-interface install libfcgi and php fpm command-line-interface which are needed for the role f500 php opcache reset web,1
php php for redhat centos debian ubuntu development web,1
nodejs ansible role for installation and updating node javascript on ubuntu server system,1
nodejs nodejs for ubuntu 12 04lts or greater development system web,1
nodejs installs nodejs and global npm packages web,1
php a role to configure php web,1
php redis installs and configures php redis web,1
php a role for installation and configuring php development web,1
php a role for installation and configuring php development web,1
osx go an ansible role to install go development,1
ruby ansible role to install ruby system,1
brightbox ruby an ansible role for installation ruby from the brightbox ppa development,1
go installs go from source set up the necessary development environment and grabs the specified packages development,1
php install and manage php environment using php fpm development system web,1
rbenv install rbenv and ruby development web packaging,1
nodejs installs latest stable of nodejs cloud development web,1
ruby ruby for ubuntu 12 04lts development system application web,1
libgdal java an ansible role for installation java binding to the geospatial data abstraction library gdal development,1
php install and configuration php development web,1
php an ansible role for installation and configuring php on ubuntu trusty with support for apache2 php fpm pear and pecl development web,1
newrelic php an ansible role for configuring new relic php agent on ubuntu trusty system web monitoring,1
perlbrew perlbrew is a admin free perl installation management tool development system web,1
adminer set up adminer database management in a single php file database system web,1
ruby from source installs specified ruby version from source development,1
rails clone repository configure rails as of a bundle and run the server development system web packaging,1
go ansible role that makes use of a custom module go install included in this role development,1
rails out sink tank for module and playbooks that help to deployment ruby on rails applications development system web,1
php pear php pear development web,1
newrelic php an ansible role for configuring new relic php agent on ubuntu trusty based on code originally by mark janssen dieter provoost yosh de vos system web monitoring,1
php ansible role for php environment composer-php installation on ubuntu server development system web packaging,1
ruby2 1 install ruby 2 1 on debian based distro development system,1
php dev a set of playbook roles to install multiple versions of php using php build and phpenv development web,1
nodejs installs node javascript and npm development web,1
gocd agent an ansible role for installation go continuous delivery agent development,1
java certificate import ssl certificate into the java trusted ca keystore development system,1
nodejs install node javascript following the current official package based installation guide development system web,1
python role for manage python and module development system,1
nodezeromq role for installation nodejs libraries for zeromq using ansible development system,1
pythondev ansible role for installation python dev and pip development system,1
php56 scrit to installation php 6 system web networking,1
php paul php for redhat centos debian ubuntu development web,1
php a php role development web,1
php mysql php mysql support for redhat centos debian ubuntu database web,1
php xhprof php xhprof for linux development web,1
composer-php composer-php php dependencies manager web packaging,1
php memcached php memcached support for linux database web,1
go an ansible role for installation go development,1
go ansible role for go apps system,1
rbenv install rbenv and ruby development web packaging,1
php fpm php fpm role development,1
rutorrent download and installs the rutorrent php code templates config php web monitoring,1
djangoserver installs basic requirements for setting up a server for use with a django app python requirements virtualenv and setuptools web,1
java java ansible role web,1
php fpm ansible php fpm role web,1
ruby build this ansible role aims to install ruby build on ubuntu system development system,1
dokuwiki install dokuwiki a text based wiki written in php web,1
nodejs installs node javascript and npm development,1
bundler bundler installation on debian ubuntu bundler ruby ruby,1
java installs oracle java system packaging,1
ruby ansible role for ruby development osx alpine,1
ruby ansible role for installation and configure ruby with rbenv ubuntu rbenv ruby,1
deployment ansible role for deploying php applications,1
java runtime ansible role java development system,1
ruby ansible role to install ruby with rbenv system,1
java playbook to install and configure java development,1
nodejs ansible role for installation nodejs from nodesource rpms development web networking packaging,1
java set up oracle java 8 system,1
php php is a popular general purpose scripting language that is popular in web development development web,1
locust an open source distributed python based load testing tool monitoring,1
poet install perl toolkits poet mason web,1
java instalaci n de java system,1
php debian lucid php for redhat centos debian ubuntu development web,1
php php for redhat centos debian ubuntu development web,1
composer-php composer-php php dependencies manager web packaging,1
python install python and python tools system,1
nodejs installs nodejs on ubuntu lts or debian stable system,1
php php for debian ubuntu web,1
ruby provisions ruby core and optional gems database development system,1
python 2 install python 2 7 pip virtualenv and the python dev package development,1
perl install cpan minus cpanm and perl module system packaging,1
ruby ruby installer ruby,1
pyenv pyenv isntaller configurer python pyenv,1
php ansible galaxy role to install php applicationserver system web php base,1
composer-php an ansible role that installs composer-php the php dependencies manager on ubuntu specifically created with phansible in mind web packaging,1
nodejs install nodejs packages nodejs,1
chruby install chruby chruby installer ruby,1
java ansible role for java development osx alpine,1
java packages lsst square's java packages jvm java system,1
ruby install ruby with ruby install installer ruby,1
java oracle java java 8 installation on rhel centos 7 java system,1
xwiki java this is one role of the roles used in order to install xwiki on a sever via ansible system,1
java java for linux development system web,1
php php for redhat centos debian ubuntu development web,1
php mysql php mysql support for redhat centos and debian ubuntu database web,1
php xhprof php xhprof for linux development web,1
composer-php composer-php php dependencies manager web packaging,1
composer-php composer-php php dependencies manager web packaging,1
php mysql php mysql support for redhat centos and debian ubuntu database web,1
php xdebug php xdebug for linux development web,1
ruby installation ruby gems development web,1
php devel an ansible role for installation development file for php development,1
php common an ansible role for installation common module for php web,1
php imagick an ansible role for installation imagick module for php web,1
php memcached an ansible role for installation memcached module for php web,1
php mysql an ansible role for installation mysql module for php web,1
ruby installs and configures ruby development,1
nodejs node javascript ansible role for debian development web packaging,1
nr php install and configure newrelic agent for php system web monitoring,1
nodejs5 installs nodejs 5 runtime and node package manager npm system,1
php mysql php mysql for rhel centos php mysql,1
nodejs installs node javascript from source development system src php,1
ruby install ruby on linux development web,1
ruby build compilation and install a ruby version system wide system,1
ruby compiled ruby role development,1
python openstackclient role to the latest version of python openstackclient using pip cloud,1
go go is an open source programming language that makes it easy to build simple reliable and efficient software development,1
java installs java 8 via the webupd8team java ppa repository packaging,1
java installs the java runtime engine java defaults to oracle server java on linux system,1
nodejs nodenv an ansible role install nodejs iojs using nodenv system,1
erlang an ansible role for installation erlang development,1
ruby2 installs ruby 2 2 from source development system packaging,1
java java system,1
python python is a programming language that lets you work quickly and integrate system more effectively development,1
go go is an open source programming language that makes it easy to build simple reliable and efficient software development,1
java ansible role for configuring oracle java 8 development system,1
go installs go language development,1
ruby a dynamic open source programming language with a focus on simplicity and productivity it has an elegant syntax that is natural to read and easy to write development,1
php php is a popular general purpose scripting language that is popular in web development development web,1
java oracle java java installation development,1
nodejs node javascript for ubuntu 14 04 development system web,1
java oracle ansible small ansible role designed to install oracle java on an ubuntu server development,1
go installs the go language development packaging,1
php devel an ansible role for installation development file for php development,1
php common an ansible role for installation common module for php web,1
php imagick an ansible role for installation imagick module for php web,1
php memcached an ansible role for installation memcached module for php web,1
php mysql an ansible role for installation mysql module for php web,1
ruby installs and configures ruby development,1
nodejs node javascript ansible role for debian development web packaging,1
nr php install and configure newrelic agent for php system web monitoring,1
go installs go and set add it to path env development system,1
localcloud php this role will install latest stable php release with a configurable list of module expose important settings and manage your fpm pool set up use this to quickly install and manage your php deployment in a reliable way development system web,1
php install and configure php,1
nodejs forever an ansible role that installs nodejs and runs default or your application on ubuntu 12 04 15 10 if-statement you just want to testing node this role got you covered it comes with a simple hello world app nodejs is added as service using npm packages allowin system web nodejs,1
ruby2 installs ruby 2 including development packages development,1
php zerorpc ansible role zerorpc php,1
ruby brightbox role will install ruby package for ubuntu bundler will also be installed bundler ruby,1
t3deploy a role for deploying projects of the php based enterprise cms typo3 composer-php typo3 cms php deployment deployment,1
python this role installs python ubuntu packages including development header pip setuptools and virtualenv development system packaging,1
freebsd jailed php fpm creates a php fpm pool and a zfs dataset which is used as web root by php fpm cloud ec2 iocage jails freebsd,1
python install python packages python web debian,1
gocd server install the go continuous delivery server cd development,1
java oracle java installation role development,1
gocd install the go continuous delivery tool model even the most complex build and deployment workflow with ease development,1
php scl an ansible role to install php 5 5 from the software collections library system web,1
wsgiapp installation wsgi app python debian wsgi,1
php php is a popular general purpose scripting language that is popular in web development development web,1
go go installer go,1
phpsh a read eval printing loops for php web phpsh org development web,1
build go builder create dockerized builder of go dockerized applications cloud development system packaging,1
java ansible role for installation oracle java cloud java jvm development openjdk java system web packaging,1
openjdk ansible role for installation openjdk cloud java jvm development openjdk java system web packaging,1
compilation python compiles a python interpreter from source python is the only thing itdownloads rest is downloaded from debian repository tested for python 3 5,1
osx jenv ansible role to install and configure jenv java environment manager on osx system osx,1
rubies all of the rubies development system packaging ruby,1
nodejs node javascript installation for linux development web,1
java java for linux development system web,1
composer-php composer-php php dependencies manager web packaging,1
php7 dev install latest php development package version in dotdeb repository web,1
ruby install rbenv ruby and create an nginx site running it through phusion passenger nginx passenger web rbenv phusion ruby,1
php ioncube php ioncube support for linux web,1
python wsgi installs wsgi by compilation with a custom python version development system,1
go go is an open source programming language that makes it easy to build simple reliable and efficient software go packaging,1
perl ansible role for perl environment carton cpanm installation on ubuntu server system,1
python lxml,1
nodejs install of nodejs and npm on debian ubuntu based on the official installation script node npm nodejs,1
dynatrace java agent an ansible role for automated deployments of the dynatrace java agent monitoring,1
go role to install go go go google programming,1
java role to install java development java programming,1
graph tool a role to install graph tool graph tool skewed de for python development,1
composer-php php composer-php composer-php php,1
nodejs ansible role for installation nodejs nodejs,1
java installs java from the webupd8 ppa and applies the specified configuration development,1
nodejs installs the latest version of node javascript from the chris lea ppa development web,1
elixir lang elixir on erlang virtualization elixir erlang,1
galaxy ubuntu sunjava installs sun java on ubuntu system packaging,1
php this ansible role infuses antigravity you are warned development web,1
php deployment php command-line-interface and php fpm to your servers command-line-interface fpm nginx php,1
php70 php 7 0 provision role php70 centos7,1
php7 install and configure php7 development web php,1
python role installs python from sources system packaging,1
java oracle java 8 installation for ubuntu machines java oracle,1
java java 8 java,1
debian go install go for debian system system,1
debian php extensions install php extensions for debian system web,1
debian php fpm install php 7 fpm for debian system web,1
debian php maxmind geoip install php maxmind geoip for debian system system,1
debian php phalcon install php phalcon for debian system web,1
debian php zeromq install php zeromq for debian system system,1
erlang installs erlang development,1
composer-php install composer-php a dependencies manager for php development web packaging,1
php install and configure php fpm is wanted development web,1
wildfly installs wildfly's application runtime development web,1
go ansible playbook to build the go distribution from source system,1
ruby ansible role to install ruby with rbenv system,1
java playbook to install and configure java development,1
nodejs ansible role for installation nodejs from nodesource rpms development web networking packaging,1
java set up oracle java 8 system,1
php php is a popular general purpose scripting language that is popular in web development development web,1
locust an open source distributed python based load testing tool monitoring,1
poet install perl toolkits poet mason web,1
java instalaci n de java system,1
php debian lucid php for redhat centos debian ubuntu development web,1
php php for redhat centos debian ubuntu development web,1
composer-php composer-php php dependencies manager web packaging,1
python install python and python tools system,1
compilation python install all dependencies and compilation any version of python development python,1
sa erlang elixir erlang is a general purpose programming language and runtime environment elixir is a dynamic functional-programming language designed for building scalable and maintainable applications elixir ubuntu erlang,1
python 27 scl provides an role to install python27 from the software java-collections-api ilist development,1
nodejs ansible role to installation nodejs development,1
java the oracle java java java packaging,1
ruby install ruby gems packaging ruby,1
common common role to update the system and install some usefull packages and finaly install python and pip system,1
java install oracle java on ubuntu trusty java infrastructure,1
nodejs installs nodejs and global npm packages web,1
go installs go development,1
wkhtmltopdf ansible role to install wkhtmltopdf on debian development librairies web wkhtmltopdf php wkhtml2pdf,1
php70 php 7 0 for linux server server development system php php70 webserver,1
openjdk java install openjdk java package development web,1
rubymotion set rubymotion development up please note that this is unofficial role rubymotion osx android ios ruby,1
php70 php 7 0 php,1
gems install ruby gems development ruby,1
nodejs install nodejs packages nodejs,1
chruby install chruby chruby installer ruby,1
java ansible role for java development osx alpine,1
java packages lsst square's java packages jvm java system,1
ruby install ruby with ruby install installer ruby,1
java oracle java java 8 installation on rhel centos 7 java system,1
ansimble role nodejs install node and npm packages on your osx from different sources development packaging,1
jvm ansible installation and configuration of the latest stable java java jvm development java system platform,1
tripleo overcloud ansible set of task for deploying tripleo overcloud cloud development python openstack,1
node install configure nodejs npm development npm nodejs,1
python lxml,1
nodejs install of nodejs and npm on debian ubuntu based on the official installation script node npm nodejs,1
dynatrace java agent an ansible role for automated deployments of the dynatrace java agent monitoring,1
go role to install go go go google programming,1
java role to install java development java programming,1
graph tool a role to install graph tool graph tool skewed de for python development,1
composer-php php composer-php composer-php php,1
nodejs ansible role for installation nodejs nodejs,1
nodejs forever an ansible role that installs nodejs and runs default or your application on ubuntu 12 04 15 10 if-statement you just want to testing node this role got you covered it comes with a simple hello world app nodejs is added as service using npm packages allowin system web nodejs,1
php fpm install and configure php fpm system,1
java java role development,1
java java for linux development system web,1
hhvm hhvm installer web hhvm php,1
composer-php install composer-php php dependencies manager development web packaging,1
php this role installs php on redhat centos and debian ubuntu linux servers ontic server fpm web php pecl,1
java java installer openjdk java,1
php fpm php fpm installer php,1
php php is a popular general purpose scripting language that is popular in web development development web,1
go go installer go,1
phpsh a read eval printing loops for php web phpsh org development web,1
build go builder create dockerized builder of go dockerized applications cloud development system packaging,1
java ansible role for installation oracle java cloud java jvm development openjdk java system web packaging,1
openjdk ansible role for installation openjdk cloud java jvm development openjdk java system web packaging,1
compilation python compiles a python interpreter from source python is the only thing itdownloads rest is downloaded from debian repository tested for python 3 5,1
osx jenv ansible role to install and configure jenv java environment manager on osx system osx,1
rubies all of the rubies development system packaging ruby,1
nodejs node javascript installation for linux development web,1
java java for linux development system web,1
composer-php composer-php php dependencies manager web packaging,1
php7 dev install latest php development package version in dotdeb repository web,1
php7 fpm install latest php fpm version in dotdeb repository web,1
ruby install configure ruby install extra gems development system dotfiles ruby,1
newrelic installs the php agent for newrelic system monitoring,1
java installs java on debian ubuntu linux servers java java ubuntu debian,1
bundler bundler installation on debian ubuntu bundler ruby ruby,1
java installs oracle java system packaging,1
ruby ansible role for ruby development osx alpine,1
ruby ansible role for installation and configure ruby with rbenv ubuntu rbenv ruby,1
deployment ansible role for deploying php applications,1
java runtime ansible role java development system,1
php php for redhat centos debian ubuntu development web,1
php memcached php memcached support for linux database web memcached,1
erlang installs erlang development,1
sa node nodejs 0 10 0 12 ubuntu nodejs,1
java ansible role to install openjdk runtime java runtime,1
nodejs node javascript installation for linux development web,1
php70 php 7 0 for linux server server development system php php70 webserver,1
openjdk java install openjdk java package development web,1
rubymotion set rubymotion development up please note that this is unofficial role rubymotion osx android ios ruby,1
php70 php 7 0 php,1
gems install ruby gems development ruby,1
php pecl php pecl extension installation development web,1
ruby ruby installation for linux development web,1
ruby2 installs ruby 2 including development packages development,1
java ansible java playbook role development,1
php a php role for elao symfony2 standards vagrant box development web,1
zerorpc python install zerorpc python on centos server amazon zerorpc python centos6,1
ruby install ruby development,1
gocd server install the go continuous delivery server cd development,1
nodejs install node javascript development,1
composer-php installs and configures php composer-php development,1
nodejs an ansible role for installation node javascript node development nvm web npm packaging nodejs gulpjs,1
ruby deployment prepare deployment user for capistrano or mina deployment development web,1
virtualenv configure and update a python virtualenv development packaging,1
php command-line-interface install latest php command-line-interface version in dotdeb repository system web,1
python python packaging,1
nodejs install nodejs from package build from source or download binary tarball development system,1
php php for redhat centos debian ubuntu development web,1
nodejs an ansible role for installation node javascript development,1
composer-php installs and configures php composer-php development,1
php7 installs and configure php 7 on debian ubuntu servers web php php7,1
nodejs install nodejs and npm development system,1
ruby a dynamic open source programming language with a focus on simplicity and productivity it has an elegant syntax that is natural to read and easy to write development,1
newrelic php new relic php agent role application monitoring for rhel centos ubuntu debian monitoring,1
nodejs app ansible role node javascript galaxy ansible com blackstar257 nodejs app edit web,1
bootstrap bootstrap a vps to work with ansible python installer bootstrap ansible dependencies,1
nodejs ansible nodejs playbook role,1
rvm rvm and ruby installation development,1
brightbox ruby an ansible role for installation ruby from brightbox ppa development web ruby,1
n98 magerun installs n98 magerun n98 magerun2 on debian ubuntu linux servers php is required for n98 magerun to function ubuntu debian,1
php fpm installs and configures php fpm on debian ubuntu linux servers ubuntu debian,1
python install specific versions of python and python packaging tools development system,1
java an ansible role for installation java development,1
nodejs node javascript is a platform built on chrome's javascript runtime for easily building performance scalable networking applications development,1
ansistrano deployment ansible role to deployment scripting applications like php python ruby etc in a capistrano styles cloud web,1
php fpm ansible role for installation and configuring php fpm web,1
nvm ansible role for installation nvm and nodejs and iojs versions development system,1
go ansible role that installs go go org the latest stable release that has been compiled for x86 64 bit linux system is installed by default and different platforms and versions are supported by modifying the role variables development,1
rvm rvm and ruby installation development,1
java java development,1
php newrelic installs new relic php agent php php monitoring newrelic,1
java installs java development,1
nodejs node javascript installation for linux development web,1
php php for redhat centos debian ubuntu development web,1
php mysql php mysql support for redhat centos and debian ubuntu database web,1
php redis phpredis support for linux database web,1
php memcached php memcached support for linux database web,1
puma installation puma development rails,1
bundler installation bundler development rails,1
ruby ruby installation for linux development web,1
user jruby installs jruby on a non root user development ruby,1
composer-php composer-php php dependencies manager web packaging,1
java installs the correct java package on various platforms java puppetlabs std runtime java java,1
nodejs install node javascript package and npm package provider debian nodejs ubuntu npm,1
python python module python pip virtualenv gunicorn,1
ruby manage ruby ruby,1
composer-php this module installs composer-php a dependencies manager for-loop php composer-php php,1
erlang module for-loop installation erlang from official repos erlang ubuntu apt centos redhat suse,1
pe_gem adds provider for-loop the puppet enterprise ruby rubygems manager pe rubygems,1
rvm a puppet module for-loop installation and using rvm ruby version manager ruby rvm,1
phpldapadmin install and configure phpldapadmin phpldapadmin ldap php,1
pear puppet module to manage php pear packages php pear,1
nodejs a module to install node javascript and npm nodejs npm node,1
php puppet module to manage php pecl pear on debian ubuntu - easily expandable to support other platforms fpm apache command-line-interface debianfdotdeb php pecl pear composer-php phpunit apc curl gd gearman igbinary imagick mcrypt mysql redis ssh2 uploadprogress xdebug apache apache2 fpm php5-fpm php ubuntu,1
php puppet module for-loop php apache example42 php,1
java oracle java puppet module,1
rbenv installation rbenv ruby manager for-loop systemwide use rbenv ruby ubuntu rubygems rubygems centos redhat,1
php generics php module that supports many platforms php pecl pear hiera fpm apache lamp ubuntu debian sles centos suse rhel redhat,1
rbenv rbenv ruby version manager module ruby rbenv version manager virtual-environment,1
php php module httpd fpm fastcgi apache php,1
java oracle java java puppet module optimized for-loop weblogic urandom rngd entropy java oracle java java rngd rng-tools urandom entropy,1
puppetboard install and configure puppetboard puppetboard dashboard redhat debian python,1
composer-php this module provides the 'composer' php dependencies manager composer-php php,1
rvm install and manage rvm and ruby installations in single-user mode rvm ruby debian,1
bundler install and manage bundler ruby bundler bundle,1
ruby camptocamp ruby module ruby,1
go a barebones go installation go go,1
jetty jetty application server installation jetty java appserver application server,1
java module for-loop automating oracle java download and installation java oracle java,1
r9util misc utilities properties java deepmerge utilities curl download miscellaneous json,1
cpan cpan perl,1
windows java-collections-api of useful puppet manifests for-loop windows-based platforms environment iis regsvr unzip nssm windowsupdate java windows,1
pry simple debugging function for-loop puppet manifests function pry debugging debugging ruby function,1
jruby jruby puppet module ruby jruby java,1
perl puppet module for-loop perl example42 perl,1
java puppet module to install oracle java on linux system java java oracle java,1
php puppet phpmyadmin module vhost apache redhat centos phpmyadmin debian ubuntu,1
python camptocamp python module,1
rbenv system wide rbenv ubuntu rbenv ruby,1
rack install and manage rack a minimal modular and adaptable interface for-loop developing web applications in ruby rack ruby,1
nodejs install node javascript package and npm package provider,1
php manages php daemon and pool configuration php php fastcgi fastcgi,1
java puppet module to deployment oracle's formerly sun microsystems java or java java java java java oracle-java sun-java java,1
symfony2 puppet module to install soft required by symfony2 standards boilerplate sandbox application app php frameworks symfony-standard symfony2,1
pip install pip using get-pip py script redhat centos trusty precise ubuntu pip python,1
rails puppet rails deployment management rails,1
gradle puppet module for-loop installation the gradle build tool from the official distribution gradle java ubuntu debian fedora desktop,1
php puppet module to install php-fpm command-line php5-cli command-line-interface php-fpm php,1
railsapp basic rails server with mysql apache rvm and passenger passenger ruby rails,1
php puppet phalconphp module phalcon installation automated centos6 phalconphp,1
go module for-loop installation go from the juju ppa go go ubuntu,1
java puppet module for-loop java java example42,1
java windows oracle java oracle java java,1
gvm paulo suzart gvm module groovy gvm grails java,1
php install and configure php for-loop use with drupal largely appropriate for-loop wordpress and other cmses as well,1
php apache debian ubuntu php apache2 fpm command-line-interface,1
php a module to install phars: composer-php phar phpunit phar etc phpspec behat symfony2 box php-cs-fixer phpunit composer-php phar php,1
composer-php manage php composer-php installation as well as installation and update of projects using composer-php php composer-php,1
python installs the python language runtime venv virtualenv setuptools pip python,1
go a module for-loop google's go language go go,1
ruby puppet module for-loop ruby ruby example42,1
chruby installs chruby chruby ruby,1
python provides python and python development packages ubuntu debian python,1
blackfire module for-loop managing and configuring blackfire php profiler php,1
rails the module to install ruby on rails frameworks rubygems rails rail rails ruby install,1
nodejs install localized multiple versions of nodejs via nvm for-loop centos aws linux ubuntu awslinux nodejs nvm,1
nodejs puppet module to install nodejs install nodejs,1
php installs the phpunit phar package to an executable path for-loop running unit testing for-loop your php-based applications phpunit php,1
pyenv puppet module for-loop pyenv python pyenv,1
jpackage a puppet that ensures the jpackage repos are installed centos java rhel package,1
install4j install4j installation and configuration install4j java installer,1
java java puppet module based on bcarpio java_jdk java,1
java oracle java puppet module ubuntu debian oracle-java7,1
php manage php qa tools http: phpqatools org using puppet php pear phpqatools phpqa phptools,1
php a puppet module to manage php ubuntu debian php devtools,1
go puppet module to manage thoughtworks go server and agent,1
java manages java java,1
gitlab_ci_multi_runner a module to install and register the gitlab continuous-integration multirunner go multirunner continuous-integration gitlab,1
rubybuild ruby-build standalone install ruby without rbenv ruby-build standalone rbenv ruby-build rubybuild ruby,1
zend-framework a puppet module that installs zend-framework frameworks 1 x x and 2 x x php zend-framework frameworks zendframework zend-framework,1
confluence install atlassian confluence standalone java atlassian confluence,1
php install and configure php apc apc php,1
virtualenv virtualenv module python pip arch centos debian fedora gentoo rhel redhat ubuntu,1
ruby the module installs ruby compilation it from sources build makefile update install compilation source ruby,1
hhvm installs and configures facebook's hhvm facebook fastcgi ubuntu hhvm php,1
php a puppet module that installs phpmyadmin debian ubuntu mysql phpmyadmin,1
ruby puppet ruby management module ruby rhel fedora,1
goenv system wide goenv go goenv ubuntu,1
java zuinnote oracle java 8 module debian ubuntu java oracle,1
ruby install ruby-build and installation resources to manage ruby and rubygems versions rbenv ubuntu ruby-build,1
java install oracle java jdk6 7 or 8 via source rpm or http proxy oracle java,1
pypi install and configure an internal pypi server pypi debian ubuntu python pip,1
ruby installs the ruby language runtime and popular packages rack passenger gemrc ruby,1
rails puppet rails deployment management rails,1
pm2 manage nodejs apps with pm2,1
php configures upstart jobs for-loop php5-cgi php-fastcgi ubuntu php5-cgi fastcgi spawnfcgi spawn-fcgi upstart nginx,1
php php badoo,1
ruby manages ruby and acts as a central location to include gems as packages ruby,1
pyenv pyenv - python version manager module pyenv python,1
zend-framework a module for-loop maintaining a zend-framework server installation zend-framework server php,1
jetty jetty installation and configuration module hiera server application appserver java jetty,1
java jpuppet java module oracle openjdk java,1
java,1
rubygems manage rubygem source repos ruby gemsource gems rubygems rubygems,1
ruby a ruby module ruby debian centos el,1
java install oracle java java oracle,1
zfs_auto_snapshot installs and configures a perl reimplementation of the solaris zfs-auto-snapshot service zfs snapshot,1
ioncubeloader ioncube loader support for-loop php amazon ubuntu debian redhat ioncubeloader php ioncube,1
php install configure and autoupdate phpmyadmin without apache config phpmyadmin,1
java oracle sun java java,1
pyfacts create own dynamic facts with python facts python custom,1
go module for-loop installation go from unofficial juju ppa go ubuntu go,1
java oracle java puppet module for-loop oracle sun solaris 10 oracle java java java solaris,1
railsapp basic rails server with mysql apache rvm and passenger rails ruby,1
erlang installs erlang runtime centos debian ubuntu redhat erlang,1
java oracle java java java,1
elixir module for-loop installation elixir on ubuntu erlang ubuntu elixir,1
badstation badquanta has many badstations to herd these are their stories c++ c java jruby ruby rails developers,1
dukesbank dukesbank deployment demo java,1
php installs php on windows,1
puma deprecated! use velaluqa puma rails puma server,1
java camptocamp java module java debian redhat centos ubuntu,1
ruby ruby stable module,1
php deprecated! use velaluqa phpmyadmin phpmyadmin mysql,1
hhvm install hiphop virtualization hhvm virtual machine - the php just in time environment compiler-construction by facebook ubuntu hhvm,1
psgiserver this module manages perl psgi application servers web-servers applications,1
capistrano installation a basic deployment target for-loop the rails deployment tool capistrano ruby rails capistrano,1
java module for-loop automating oracle java download and installation by using the rpm binary distribution from oracle and wget rpm java oracle java,1
php puppet module to install php computer-science fixer https: git com fabpot php-cs-fixer php psr1 psr2 php-cs-fixer,1
geminabox installs and runs the geminabox rubygem server ruby ubuntu precise gems applications,1
java java for-loop operating-system x module for-loop puppet osx java darwin,1
nodejs puppet module for-loop install nodejs on ubuntu ubuntu nodejs,1
ruby a frameworks for-loop managing ruby environments droppod,1
upstart manage upstart service for-loop java nodejs and python upstart python java ubuntu nodejs,1
java,1
pypy module for-loop installation pypy from official ppa python pypy ubuntu ppa,1
ruby ruby,1
perl perl module perl,1
nodejs a puppet module to install nodejs nodejs darwin osx,1
firefield configure server for-loop deployment rails applications rails,1
composer-php puppet 'composer' php dependencies manager module,1
perlbrew set up perlbrew allowing user to manage their own perl binaries perl perlbrew,1
nltk nltk module nltk python,1
java oracle java puppet module official debian ubuntu oraclejava java oracle,1
rbenv puppet for-loop rbenv rbenv ruby,1
java a puppet module to manage java openjdk instalation ubuntu openjdk java,1
erlang installs latest erlang from erlang solutions repository erlang-solutions centos ubuntu erlang,1
java oracle java 8 for-loop rh centos,1
java install java without package system this module install any java version java java,1
java module download is free oracle java follows oracle licensing policy,1
npm npm nodejs for-loop ubuntu nodejs npm ubuntu,1
tinytinyrss deprecated! use velaluqa tinytinyrss rss reader php,1
perlbrew install and configure perlbrew perl and cpan module cpan perl perlbrew,1
java install oracle java on ubuntu ubunutu java oracle,1
php phpmyadmin puppet module phpmyadmin git,1
php installs chh php-build through puppet php,1
newrelic newrelic module newrelic php,1
php php,1
matplotlib matplotlib module python matplotlib,1
composer-php puppet module to install composer-php a dependencies manager for-loop php commposer php,1
perl_local_lib module to install local::lib and configure it for-loop everyone perl,1
ruby installs ruby-build and rubies with it ruby-build ruby,1
php php,1
java install oracle java java,1
go_ci installation go for-loop continuous integration,1
hazelcast hazelcast module hazelcast java,1
java the java module installs oracle java or java on your node java java oracle java,1
rails highly configurable rails deploys with common rubygems dependencies management capistrano and web server installation nokogiri mysql elasticsearch redis sidekiq rmagick rvm nginx ruby puma capistrano rails,1
php installs chh phpenv through puppet php,1
nodesite nodejs web app deployments deployment application nodejs,1
hazelcast hazelcast module hazelcast java,1
nodejs manages nodejs npm nodejs,1
xbuild xbuild module python node php perl ruby xbuild,1
ruby install one or more ruby versions from software collections as well as an optional list of gems ruby scl software-collections,1
java oracle java ubuntu oracle java,1
rvm install localized multiple versions of ruby via rvm rvm ruby centos aws,1
java oracle and or openjdk java puppet module java java java java oracle openjdk6 openjdk7,1
java oracle java 1 7 0 71 installer 17 oracle java,1
bundle puppet module to install gems for-loop rails app install ruby application app rails gems rubygems bundler bundle,1
go a barebones go installation go go,1
php puppet module to install phpmyadmin sql database php mysql phpmyadmin,1
etherpad etherpad module collaboration node nodejs etherpad,1
zendguardloader puppet module to install zend-framework guard loader for-loop php 5 3 and php 5 4 apache-linux-x64 originally forked from proud sourcing gmbh,1
takipi takipi installs a daemon process and a jvm agent library on your servers these two components work in tandem to logging and send data to takipi's analysis servers together they detect events such as exception or logged errors happening within your app and automatically create the code needed to logging and collect the data you'll need to debugging these errors in production exception analysis logging metrics java takipi,1
zotonic install and configure the zotonic content-management-system erlang content-management-system zotonic,1
redmine puppet redmine module rails redmine,1
php php module ubuntu fpm nginx composer-php php,1
php deprecated! use gajdaw php_phars,1
nodejs install stable nodejs,1
java install oracle java from rpms on redhat family operating-system,1
puma puppet puma module web server rails puma,1
piwik puppet piwik module tracking statistics php piwik,1
box deprecated! use gajdaw php_phars phar box php,1
composer-php puppet module to install php composer-php on ubuntu using ppa:duggan composer-php,1
php deprecated! use gajdaw php_phars,1
devpi puppet module to manage python devpi repository,1
php php module,1
java install java openjdk and configure the default java alternative middleware jvm java java,1
java java puppet module based on viirya java,1
python configure python via boxen,1
java module for-loop managing an local load java_web_application_server,1
zds installation for-loop zds-site pandoc solr gunicorn virtualenv python django,1
sinatra the module to install sinatra ruby rubygems install frameworks sinatra,1
pypiserver puppet module to manage python pypiserver repository,1
http contains a types that allows simple http download via ruby,1
pythonenv configure python environment via boxen,1
rubyenv configure ruby environment via boxen,1
java module to install oracle java,1
php tools for-loop php applications build tools php,1
nodejs puppet management for-loop nodejs,1
nvm puppet module to install node javascript with node version manager nvm npm node nodejs nvm,1
robo this module installs robo a task runner for-loop php robo php,1
php rentabiliweb php5-fpm module rentabiliweb php5-fpm php fpm php puppet,1
java install java java and java 1 7 along with maven and gradle 2 3 openjdk java,1
rubies installs and configures self-packaged versions of ruby,1
java puppet management for-loop java,1
etherpad install and configure etherpad-lite text collaboration node nodejs etherpad-lite etherpad,1
java copy the java installer,1
graylog2 minimal module for-loop install graylog2 + dependenced java mongodb-server elasticsearch hiera centos graylog2,1
ruby configure ruby via boxen,1
ca_certificate ca certificate management java certificate ca openssl,1
nodejs install node javascript package and npm package provider,1
php php puppet module for-loop ubuntu,1
php puppet module to install php 7 beta or nightly build from zend-framework repository php,1
pypiserver allows one to set up a local python pypi server,1
nodejs configure nodejs via boxen,1
nvm module to manage multiple nodejs versions per user using nvm,1
go configure go via boxen,1
java installs deploys and configures oracle java oracle-java java java,1
chef sometimes you just need puppet to be fucking chef for-loop a minute extends the exec types to take arbitrary ruby code,1
pythonel configure python interpreters and virtualenvs for-loop enterprise linux 6 and 7 including scls ius virtualenv scl pip python,1
php installs php 5 5 on redhat centos 6 machines,1
javaplugin64 this module installs and uninstall java plugins 64-bits plugins java windows,1
php installs phpmyadmin from a package,1
nodejs install stable nodejs,1
java module to manage the installation of the webupd8 oracle java installer ppa,1
