shadowsocks ansible role that installs the shadowsocks security socks 5 proxy shadowsocks org networking,1
ssmtp ansible role for installation and configuring ssmtp to deliver local email to a email hub,1
drupal ansible role for installation a new drupal site development,1
memcached ansible role memcached web,1
dkimproxy dkimproxy is an smtp proxy that signs and or verifies emails networking,1
email sandbox role for installation email sandbox application web,1
nginx a role to install and configure nginx web,1
varnish a role to install and configure varnish web,1
zendserver a role to install zend-framework server web,1
monkeysphere monkeysphere plus configuration for your server system,1
galera haproxy an ansible role for haproxy which connects to a galera percona xtradb clustering database packaging,1
magento lamp single create a rackspace cloud server install apache php varnish mysql and install magento at the end cloud database development web rax sql,1
nginx rails a basic role to install nginx and vhost installation for rails web,1
lamp installs a lamp stack with sensible defaults web,1
msmtp deployment msmtp email for ubuntu 12 04 system networking,1
ipython server run an ipython notebook server on ubuntu 12 04 development web,1
ioncube installs ioncube loader 4 5 3 on a stock lamp stack web,1
nginx extras install nginx extras web,1
web role to manage a simple web server with nginx and php development web,1
apache ubuntu installs apache on ubuntu development,1
postfix install and configure postfix system,1
wsgi deployment wsgi application uwsgi nginx system,1
tomcat tomcat ansible role development web,1
railsbox nginx server installation nginx server web,1
apache php this ansible simple role install apache and php it also allow install php packages and apache module development web,1
nginx an ansible role for installation and configuring nginx from a ppa web,1
fail2ban zimbras fail2ban configuration to use with zimbra email servers networking monitoring,1
awstats ansible role to install awstats on apache system,1
haproxy ansible role of haproxy system,1
devpi server install a devpi server master on given nodes development web packaging,1
web dosomething web server system,1
wordpress set up multiple wordpress installations in debian like system using wp command-line-interface web,1
nginx uwsgi supervisor an elegant nginx uwsgi and supervisor ansible role development web,1
apache vhosts scrit to installation apache virtual host system web networking,1
nginx installs nginx system web,1
drush drush command line shell for drupal development web,1
haproxy installs and configure haproxy system web networking,1
memcached installs memcached latest system web,1
haproxy install haproxy web,1
jetty installs jetty web server from tarball system web,1
wordpress wordpress development web,1
ubuntu common bootstrap ubuntu base server system,1
postfix an ansible role for installation and configuring postfix system,1
zendserver a role to install zend-framework server web,1
djangoapp install minimal django app served by gunicorn application server behind nginx reverse proxy on centos development web,1
nginx passenger install nginx with passenger on debian ubuntu development system,1
mesos an ansible role for installation apache mesos system,1
apache-storm install and configure apache apache-storm cloud clustering,1
aliases an ansible role for managing email aliases system,1
galaxy toolshed install and manage a galaxy tool shed galaxyproject org server system web,1
search dosomething org search server system,1
drush drush the drupal shell useful tool for managing drupal sites over console development system web packaging,1
liara the sexiest toolkit for lamp hackers development web monitoring,1
solr solr server for for ez publish debian ubuntu redhat centos web,1
drupal an ansible role for configuring rsyslog logrotate for drupal web monitoring,1
postfix installs configures postfix for debian ubuntu system,1
user management manage user accounts on a server system,1
haproxy installs and configure haproxy system web networking,1
memcached installs memcached latest system web,1
nginx nginx installation for linux unix development web,1
dnsmasq proxy configure dnsmasq for use as an internal dns server proxy networking,1
httpd install and manage the apache web server on a redhat based linux distribution web,1
nginx passenger set up nginx and passenger from phusion apt repository system web,1
apache an ansible role for installation and configuring apache webserver web,1
server time ntp installation and configuration for rhel centos 6 x system,1
bootstrap ubuntu bootstrap for ubuntu server system,1
get external ip via dyndns set fact about machine external white ipv4 address via opendns server system,1
galaxy toolshed install and manage a galaxy tool shed galaxyproject org server system web,1
search dosomething org search server system,1
drupal install drupal a world class cms development web,1
first five minutes first five minutes on a server system packaging,1
nullmailer install and configure nullmailer a simple relay only email transport agent homepage untroubled org nullmailer system email,1
nginx unicorn nginx installation with unicorn integration system web,1
webserver common common task for any webserver machine development system web networking,1
aliases update email aliases database system,1
nginx html5boilerplate ansible role based on the html5boilerplate nginx config web,1
passenger install passenger with apache2 using rbenv development web,1
keepalived role for setting up keepalived system,1
modx installs the modx cms web,1
haproxy hproxy ansible role development web,1
djangoapp still in alpha deploys one or more django apps ontoa server with gunicorn nginx upstart web,1
apache install and configure apache web,1
inbox installs an inbox server web,1
postfix a base postfix config system,1
email sender use this role if-statement you want to send email from your server installs mailutils and postfix configures postfix to listen on local interface only system,1
wordpress a role to installation wordpress web,1
postfix installs postfix system,1
hhvm install hhvm for nginx web,1
apache apache 2 x for redhat centos debian ubuntu web,1
smstools create an tcp sms and email sms gateway using gsm modem system networking,1
tomcat an ansible role for apache tomcat 7 web,1
drupsible uploadprogress pecl uploadprogress extension for php fpm uploadprogress drupsible drupal php pecl,1
drupsible xdebug xdebug extension for php fpm drupsible drupal php pecl xdebug,1
drupsible varnish with drupsible your team will be able to provision import integrate deployment and maintain drupal website across complex infrastructures using a simple set of yaml configuration file proxy caching drupsible drupal web varnish php cdn,1
newrelic server agent,1
apache solr role to install apache solr search apache solr,1
provision debian nginx install nginx from mainline ppa to debian ubuntu hosts system,1
swap ansible role for configuring swap partition on a linux web server swap ubuntu,1
exim exim installation for linux system email,1
apache-kafka install apache-kafka server development,1
nginx nginx for debian proxy nginx web http http2 ssl https cdn ssl,1
ignite role for apache ignite development,1
october cms octobercms based on laravel php frameworks laravel frameworks cms php october,1
nginx ansible role for nginx nginx passenger module management web,1
apache install apache apache,1
sa ruby chruby ruby install nginx passenger sample application chruby nginx ubuntu phusionpassenger ruby,1
sa nginx basic role for nginx based deployments nginx ubuntu,1
ansible ssmtp installs and configures ssmtp system email sendmail,1
varnish varnish for linux web,1
sendy ansible role to deployment sendy email,1
nginx handle nginx nginx web,1
frogy centos7 initwordpress init wordpress on centos 7 development web,1
centos7 nginx installs latest nginx version using packages directly from nginx org on centos 7 development web,1
centos7 wordpress installs wordpress on centos 7 development web,1
nginx ansible role installs and configures nginx forked from jdauphant web,1
php7 deployment php 7 php fpm for nginx on ubuntu and centos forked from itcraftsmanpl php7 nginx web php php7,1
memcached installs memcached latest system web,1
openapphack apache apache 2 x for debian ubuntu web,1
openapphack daemonize daemonize for unix like operating system development system email web,1
openapphack mailhog mailhog for linux development system email web,1
openapphack nginx nginx installation for linux unix development web,1
openapphack postfix postfix for debian ubuntu system email networking,1
openapphack tomcat6 tomcat 6 for debian ubuntu development web,1
apache apache 2 x for redhat centos debian ubuntu web,1
wordpress deployment wordpress for ubuntu and centos fork from galaxy ansible com darthwade wordpress development web cms,1
apache an ansible role that installs apache on ubuntu specifically created with phansible in mind web,1
mesos apache mesos mesos,1
modsecurity apache modsecurity installation on rhel centos 7 security system web,1
settle settling on server initial,1
jetty installs jetty web server from tarball system web,1
wordpress download wordpress and configures basic database and encryption parameters automatically fpm nginx web wordpress cms php mysql blogs,1
mailhog set up the latest version of mailhog in ubuntu system development system email networking,1
webserver the webserver role allows you to quickly configuremultiple vhost without a lot of configuration nginx monsieurbiz php webserver,1
postfix ansible role for postfix development osx alpine,1
ansible role keepalived install keepalived keepalived,1
tomcat8 download installs and configures apache tomcat java servlets containers 8 system,1
haproxy consul install haproxy consul mesos consul haproxy,1
keepalived install keepalived keepalived,1
wsgi deployment wsgi application uwsgi nginx system,1
airflow install airflow using pip system application webserver,1
drush drush command line shell for drupal development web,1
oauth2 proxy lsst square's oauth2 proxy packages system ubuntu web centos,1
tftp server tftp server for rhel centos system xinetd,1
nginx configure nginx devuan,1
aegir aegir drupal hosting and provisioning development web hosting aegir,1
sa memcached memcached is a distributed high performance in memory caching system that is primarily used to performance up sites that makefile heavy use of database memcached ubuntu,1
haproxy installs and configures haproxy including ssl and sni installer system web,1
drupal console install drupal console development system web packaging,1
tomcat6 tomcat 6 for debian ubuntu development web,1
drupal install drupal a world class cms development web,1
mailhog mailhog for linux development system email web,1
solr apache solr for linux development,1
banana installs banana apache see git com transientskp banana web packaging,1
nginx installs and configures nginx web server system web,1
nginx this role installs and configures nginx for ubuntu trusty 14 04 development system ansidev web,1
uwsgi ansible script to install uwsgi over ubuntu server web uwsgi,1
highload configures a server for highload system,1
uwsgi django installation ansible script to installation uwsgi for django project over ubuntu server django system web uwsgi,1
wordpress ansible role to install wordpress web,1
nginx install and configure nginx system,1
nginx ansible role nginx,1
tomcat tomcat for ubuntu development system web,1
nginx ansible role to install and manage nginx configuration web,1
nginx this role installs and configures nginx system,1
nginx install nginx package nginx web debian,1
haproxy role used to install haproxy on centos with yum,1
apache scl an ansible role to install apache 2 4 from the software collections library web,1
nginx nginx installation for linux unix development web,1
nginx installation install nginx on centos server nginx,1
nginx install and manage nginx and the vhosts web,1
tomcat6 tomcat 6 for debian ubuntu development web,1
daemonize daemonize for unix like operating system development system email web,1
apache maven,1
site generate website configurations for use with nginx soon others like apache site website apache nginx,1
gitlab freebsd quick easy install gitlab natively on your freebsd server installer freebsd gitlab,1
dontstarvetogether installation and install one or more don't starve together dedicated server with caves dedicatedserver caves steam dontstarve dontstarvetogether,1
haproxy installs and configures haproxy loadbalancer haproxy,1
apache tomee payara role to install and configure apache tomee java web middleware,1
wordpress,1
nginx drupal ansible role to configure nginx for running drupal system drupal web,1
freebsd jailed wordpress provides a jailed wordpress server cloud nginx ec2 iocage wordpress jails freebsd,1
django deployment django over server with nginx uwsgi and supervisor database system web monitoring sql,1
common ansible role for common installation of ubuntu server system,1
mapr webserver,1
nginx an ansible role for installation nginx development web,1
apache apache module for debian freebsd web,1
dynatrace webserver agent an ansible role for automated deployments of the dynatrace webserver agent monitoring,1
dynatrace nginx agent an ansible role for automated deployments of the dynatrace agent for nginx monitoring,1
tomcat 8 an ansible role to install tomcat 8 on debian based distributions tomcat,1
nginx role to install nginx nginx webserver,1
haproxy install and configure haproxy cloud loadbalancer system networking,1
installwordpress 'install wordpress' wordpress php,1
nginx nginx ansible role used by temelio company system web,1
ezsolr solr server for for ez publish debian ubuntu redhat centos web,1
ircd simple playbook to deployment an irc server server installer web chat irc ircd,1
shinken server stands up shinken on rhel centos shinken,1
nginx this role will install and configure nginx web server on desired host proxy system nginx web net webserver networking,1
varnish ansible role to install varnish system,1
nginx common an ansible role common configuration for nginx system,1
nginx ansible role for installation configuring and administering nginx instances and sites development web,1
redmine ansible install redmine why an admin user on an ubuntu trusty behond an apache2 reverse proxy https development web,1
wordpress installs wordpress on a redhat based distribution rhel centos fedora web,1
tftp installs and configures a tftp trivial file transfer protocols server on rhel centos 7 networking,1
squid squid a caching proxy for the web supporting http https ftp and more networking,1
piwik prepare your server and install piwik system web,1
rstudio server configure rstudio server an integrated development environment for r web,1
haproxy multi haproxy multi configurations role web,1
nginx nginx http server for ubuntu 14 04 web,1
haproxy set up the latest version of haproxy in ubuntu system system web clustering networking,1
haproxy the reliable high performance tcp http load balancer web,1
varnish varnish caching the high performance http accelerator web,1
varnish varnish caching the high performance http accelerator web,1
apache apache 2 x for debian ubuntu web,1
lamp lamp for debian ubuntu web,1
haproxy blue green haproxy blue green deployments using backend switching web,1
raspi config set up basic configuration for a headless raspberry pi raspbian server development system,1
nginx unicorn nginx installation with unicorn integration system web,1
haproxy haproxy installation for single app with good ssl rating system web,1
nginx vhost undefined allow nginx to silently block http python-requests when a host header is not present security nginx,1
plone server provisions plone server web,1
wordpress installation wordpress web packaging,1
gogs gogs server development system web,1
varnish wordpress install varnish for wordpress web,1
apache apache deployment web,1
nginx nginx is an http and reverse proxy server a email proxy server and a generics tcp proxy server web,1
apache apache 2 x for redhat centos debian ubuntu web,1
nginx install nginx system,1
varnish install varnish system,1
nginx install and configure nginx from source supports a large numbers of optional module including passenger and geoip web,1
base base server configuration and set up system,1
msmtp set up msmtp email transport agent system,1
luigi server luigi central scheduler system,1
phpmemcachedadmin set up phpmemcachedadmin memcached server admin in php for monitoring and debugging database system web nosql,1
haproxy installs haproxy role glusterfs support included networking,1
keepalived installs keepalived role glusterfs support included networking,1
osx nginx nginx for osx operating-system x via homebrew development system packaging,1
squid installs squid proxy configurable and caching peering haproxy keepalived ready web networking,1
haproxy the reliable high performance tcp http load balancer web,1
memcached installs memcached memcached org system web,1
liferay balancer apache configures apache as ajp load balancer web clustering,1
bootstrap ubuntu bootstrap for ubuntu server system,1
drush debian lucid drush command line shell for drupal development web,1
apache apache 2 x for redhat centos debian ubuntu web,1
exim exim installation for linux system email,1
tomcat deployment java and tomcat with ansible development web packaging,1
apache an open source http server for modern operating system web,1
minecraft provision a vanilla minecraft server system,1
nginx nginx role for centos,1
rhel httpd apache 2 2 repository for rhel centos web,1
postfwd2 install and configure postfwd2 a postfix policyd system networking,1
nginx nginx is an http and reverse proxy server a email proxy server and a generics tcp proxy server web,1
passenger install and configure passenger nginx passenger,1
nginx nginx installation for linux unix development web,1
drush drush command line shell for drupal development web,1
solr apache solr for linux development,1
xwiki ctrl this module should be used to install tomcat for xwiki from the set of ansible playbook from git com kanedafromparis the first is ansible xwiki example git com kanedafromparis ansible xwiki example web,1
haproxy installation and config haproxy development web,1
oauth2 proxy this role will assume the installation of oauth2 proxy development web,1
puppetmaster install and configure puppetmaster unicorn and nginx system,1
wordpress manages wordpress installation web,1
nr plugins nginx install and configure official nginx plugins for newrelic system web monitoring,1
haproxy installs and configures haproxy web,1
nginx installs and configures nginx web,1
nginx ansible role install nginx,1
nginx install and configure nginx web,1
nginx vhost nginx virtual host configuration,1
superlumic php apache ansible role to install php on osx this role is part of the superlumic project that aims to simplify repeat computer setups on osx 10 10 and up system,1
plex installs plex server from plex tv and set up smb mounts to media shares if-statement desired system,1
nginx ssl install and manage nginx configuration web,1
localcloud nginx this role will install nginx and allow you to easily manage your virtual hosts via yaml config offering extensibility of applying configuration templates comes with simple virtual host templates as well as ones for common app deployments such as symfo development system web,1
nginx nginx is an http and reverse proxy server a email proxy server and a generics tcp proxy server web,1
varnish vmods vmod checkout from git repository and compilation it development system packaging,1
nullmailer mandrill installs nullmailer and configures it for mandrill system email networking,1
pulp role which installs pulp server system,1
apache-spark apache apache-spark role development,1
static ip creates a static ip on the server system,1
nginx nginx installer nginx web,1
wordpress wordpress installer web wordpress cms,1
plone server provisions plone server web,1
self update a simple package to installation target server to fire a deployment request to ansible command server,1
pandorafms server pandora flash-media-server server installer pandorafms,1
nginx nginx installation for linux unix development web,1
apache-kafka apache apache-kafka role development,1
drupal ansible role for drupal installation system,1
ssmtp installs and configures ssmtp on fedora system email,1
apache2 apache2 web server web,1
drupalconsole com drupal console web packaging,1
nginx source build nginx from source development system web,1
apache an open source http server for modern operating system web,1
mailgun configure mailgun smtp relaying for postfix system monitoring,1
solr apache lucene solr database,1
wordpress wordpress installer web wordpress cms,1
bootstrap bootstraps a server system,1
apache apache 2 x for debian ubuntu web,1
daemonize daemonize for unix like operating system development system email web,1
proxysettings ansible role to configure proxy settings system networking,1
apache installs secures apache2 and configures sites system web,1
nginx nginx provision role nginx centos7,1
postfix ansible role to install and configure postfix system email postfix,1
debian apache install apache web server for debian system web,1
debian memcached install memcached for debian system system,1
debian nginx install nginx for debian system web,1
debian php apache install apache 2 php module for debian system web,1
debian postfix install postfix for debian system system,1
ircd simple playbook to deployment an irc server server installer web chat irc ircd,1
haproxy installs and configure haproxy system web networking,1
nginx simple nginx deployment nginx web packaging,1
apache installs and configures apache web,1
postfix postfix for rhel centos system email postfix,1
haproxy haproxy installation and configuration cloud web networking,1
nginx containers ansible role to manage nginx containers containers nginx configuration docker,1
apache role that install and configure apache web server system,1
nginx install and config nginx nginx web,1
hosting manager ansible playbooks for install nginx tengine php7 hhvm php mysql percona on ubuntu osx server and add remove backup install cms modx sites installer system web hosting,1
sa apache installs apache and enables set of module apache ubuntu,1
ghost simple example on using ansible to configure a webserver with ghost cloud system ec2 web,1
nginx nginx for debian ubuntu development system web,1
varnish varnish 3 x for debian ubuntu web,1
continuous-integration continuous integration tools for linux server server development system optipng continuous-integration jpegoptim,1
continuous-integration phing commons phing for continuous-integration for linux server phing server development system continuous-integration webserver,1
postfix installs and configures postfix mta email postfix,1
openslides look for ostcar server,1
postfix ansible role for installation postfix smtp with spamassassin server smtp email spamassassin mta postfix startls,1
jetty installs jetty web server from tarball system web,1
tomcat installs tomcat 8 on ubuntu trusty java tomcat,1
rainloop ansible role for installation rainloop webmail client server email rainloop,1
email ansible role for installation complete email server server imap smtp email webmail,1
email relay configure postfix smtp relay amazon ses email relay postfix,1
nginx installs nginx ubuntu adapted from geerlinguy nginx development web,1
haproxy handle haproxy system haproxy,1
haproxy role to installation haproxy web,1
cloudstack common install apache cloudstack common cloud,1
postfix postfix system email mta postfix,1
apache install apache on debian based system web,1
apache mesos installs apache mesos mesos apache,1
drupsible drupal console web,1
exim this role installs exim on redhat centos and debian ubuntu linux servers ontic server system exim email,1
varnish this role installs varnish on redhat centos and debian ubuntu linux servers ontic proxy caching system varnish,1
drupal perms properly configure the permissions of a drupal site development web,1
nginx installation and config nginx development web,1
wp command-line-interface install wp command-line-interface a command line interface for wordpress development web packaging,1
wordpress wordpress project role for beetbox development installer web wordpress beetbox,1
nginx ansible role nginx web,1
memcached memcached for linux database web,1
nginx nginx instalation development,1
nginx install and manage nginx webserver system web,1
apache ansible role to install apache2 web,1
apache apache 2 x for redhat centos debian ubuntu web,1
apache mcrypt activates the mcrypt apache module apache web mcrypt,1
nginx wrapper role for geerlingguy nginx nginx,1
nginx web,1
ansible ansible playbook java-collections-api that have been written for ubuntu some of the playbooks are elasticsearch mesos aws mysql sensu nginx etc salt nginx tomcat redis java mesos phabricator glassfish logstash java system elasticsearch ldap apache-kafka solr jenkins php mysql sensu mongodb,1
haproxy haproxy installation and configuration cloud web networking,1
centos7 nginx install latest nginx for centos 7 using for le nguyen's projects nginx centos7,1
nginx installs and configures nginx on debian ubuntu linux servers nginx ubuntu debian,1
tomcat manage tomcat installation web,1
haproxy installs and configure haproxy system web networking,1
postfix manage postfix system networking,1
passenger installs phusion passenger web,1
apache installs and configures apache apache,1
nginx an ansible role to install nginx web,1
tomcat ansible tomcat role web,1
nginx ansible role for nginx web,1
nginx installs and configures nginx web,1
nexus install and configure nexus server continuous-integration,1
nginx install nginx web,1
exim installs exim on a server email web,1
keepalived this role installs and configure keepalived based on a variables file clustering,1
aegir apache makes an apache server accessible as an aegir remote hosting opendevshop aegir,1
nginx install cloud development system ec2 web networking packaging,1
nginx ansible role to install and manage nginx configuration web,1
drush drush command line shell for drupal development web,1
daemonize daemonize for unix like operating system development system email web,1
apache php fpm apache 2 4 php fpm support for linux web,1
nginx nginx installation for linux and freebsd development web,1
varnish varnish for linux web,1
postfix postfix for redhat centos or debian ubuntu system email networking,1
apache apache 2 x for redhat centos debian ubuntu solaris suse web,1
openldap server ansible role openldap server development system,1
pound ansible role for the pound proxy and load balancer web,1
rtot installs rtot server a little remote execution thing system,1
msmtp enables msmtp to deliver local email to a email hub system,1
ansible apache2 ubuntu saucy role use ansible to provision and install apache 2 4 on ubuntu saucy 64 web,1
tomcat and java deployment java and tomcat with ansible development web packaging,1
rax magento lamp single create a rackspace cloud server install apache php varnish mysql and install magento at the end cloud database development web rax sql,1
rax magento lamp database create two rackspace cloud servers one for mysql and another for apache php varnish and install magento at the end cloud database development web rax sql,1
selenium installs and configures selenium server in any of 3 modes standalone hub or node system web,1
memcached install and start memcached database sql,1
nginx install and start nginx web,1
new wordpress new wordpress install for apache servers ubuntu operating-system database web sql,1
phpmyadmin installs phpmyadmin on a sensible lamp stack web,1
nginx install and configure nginx system,1
nginx ansible nginx playbook role with a sprinkle of nginx init ubuntu,1
tomcat7 tomcat 7 containers web,1
postfix installs and configures postfix system,1
nginx install the latest stable version of nginx configure sites available and ssl system web networking,1
nginxproxy a role to configure a proxy on nginx web,1
railsbox image installs base server image for railsbox system,1
railsbox nginx upstream rails application installation nginx for rails application development,1
nginx install nginx on debian based system web networking,1
notify send email xmpp slack notifications when provision are going development system,1
apache2 base base role for apache httpd server web,1
nginx this ansible role manages installation and configuration of nginx it can both configure general options as well as virtual hosts this role is a fork of git com bennojoy nginx and implements a different api for configuring locations within a web,1
nginx debian install and configure optionally nginx on debian system derived from benno joy's and pierre buyle's versions web,1
mailutils installs mailutils and postfix provide sendmail in php email in console system web,1
tutu tutu flexible http server mocking tool web,1
mfcloud role installs mfcloud server cloud,1
apache apache 2 4 for ubuntu 14 04 with module virtual hosts and settings for them web,1
npme a role for installation npme operating-system dependencies couchdb nginx redis,1
haproxy role installs and configure haproxy web networking,1
tomcat installation and configuration of the apache tomcat from tar gz web,1
memcached set up a memcached server in debian like system system web,1
customphp install php 5 3 5 4 5 5 with apc ioncube imagick etc and nginx web,1
nginx ansible playbook for nginx web,1
apache an ansible role for installation and configuring apache development web,1
postfix install and manage postfix smtp server system,1
galaxy install and manage a galaxy galaxyproject org server system web,1
apache vhosts master templates for create apache vhosts web,1
nginx an ansible role for nginx as a reverse proxy web,1
nginx proxy ansible role for nginx installation as reverse proxy on ubuntu server system,1
uwsgi app a role for setting up a uwsgi app accessed by nginx and controlled by supervisor development system web packaging,1
drupal coding standards ansible role that installs drupal coding standards for php code sniffer development web,1
lamp an ansible role to install a full lamp stack database web,1
balancer ansible role of nginx load balancere networking,1
newrelic php new relic php nginx agent system web monitoring,1
drupal ansible role for deploying drupal from a set of git repository development web,1
storyteller installs a wordpress blogs on ubuntu using nginx and mysql web,1
solr installs configures apache solr for debian ubuntu database web,1
proxy settings ansible role to configure proxy settings system networking,1
nginx install nginx web server nginx naxsi manage virtual hosts and settings for them system web,1
nginx symfony2 very simple module to configure nginx for a symfony2 website expects another nginx role to expose the nginx reload handler and php fpm to expose either a unix or tcp sockets web,1
nginx nr agent role that installs and configures nginx nr agent monitoring,1
haproxy installs and configure haproxy system web networking,1
passenger nginx and ruby install ruby passenger rubygems and nginx development system web packaging,1
newrelic haproxy agent role to install and configure newrelic haproxy agent plugins monitoring,1
haproxy installs and configure haproxy system web networking,1
server swappiness set swappiness to 0 shared-libraries server will only swap if-statement running out of memory a monitoring check should verify that 0 byte of swap are used when running in production system,1
nginx this role installs and configures the nginx web,1
apache maven apache marven role development packaging,1
nginx installs stable nginx version from repository at nginx org system web networking,1
wordpress apache wordpress apache development web,1
passenger nginx an ansible role for installation and configuring passenger with nginx web,1
mandrill relay ansible role for deploying a postfix email server which forwards mails via mandrill networking,1
nginx installs minimal latest nginx version using packages directly from nginx org on centos 6 5 development web,1
memcached install minimal memcached 1 4 21 from source on centos development web,1
slapd manage slapd openldap server database system,1
apache-spark an ansible role for installation apache apache-spark system,1
tftp server ansible role for tftp server system networking,1
wsgi app containers a comprehensive wsgi app containers using virtualenv gunicorn nginx supervisor development system web packaging,1
nginx this ansible role manage installation and configuration of nginx this role is a fork of git com bennojoy nginx web,1
wordpress this is an ansible role for wordpress development web,1
nginx a role to configure nginx web,1
nginx nginx for ubuntu 12 04lts or greater system application web,1
azulinho apache ansible role for deploying apache packaging,1
nexus open-source an ansible role for installation nexus open-source server development,1
nginx this ansible role manages installation and configuration of nginx it can both configure general options as well as virtual hosts this role is a fork of git com bennojoy nginx and implements a different api for configuring locations within web,1
evasive ansible role to install mod evasive on apache system,1
ds base dosomething org base server system,1
base dosomething org base server system,1
postfix scrit to installation postfix system web networking,1
wordpress scrit to installation wordpress system web networking,1
ssmtp mandrill ansible role for installation and configuring ssmtp to deliver local email to a email hub,1
apache a php role for debian development web,1
passenger passenger installation for linux unix development web,1
nginx apps ansible role for creating nginx apps web,1
nginx a simple nginx ansible role web,1
tomcat 8 tomcat 8 containers web,1
nginx nginx role development,1
apache an ansible role for installation apache,1
nginx installs nginx with via the offical apt repository web,1
tomcat ansible role to install tomat development web,1
nginx ansible nginx role web,1
nginx reverse proxy installation a nginx reverse proxy site system,1
nginx proxy ansible recipe to configure a nginx as proxy server system web networking,1
nginx install and manage an nginx server web,1
email stack ansible recipe to create email server system web networking,1
keepalived set up keepalived in ubuntu system system clustering networking,1
memcached ansible role to install memcached system,1
jupyterhub ansible role to installation jupyterhub server system,1
drupsible memcached with drupsible your team will be able to provision import integrate deployment and maintain drupal website across complex infrastructures using a simple set of yaml configuration file memcached drupsible drupal php pecl,1
cw yrmcds this role installs and configures yrmcds a memcached compatible kvs with master slave replication replication system web kvs,1
drupsible newrelic with drupsible your team will be able to provision import integrate deployment and maintain drupal website across complex infrastructures using a simple set of yaml configuration file drupsible profiling drupal php monitoring newrelic,1
squid3 squid3 proxy installation system,1
basics ansible role for configuring basics on a linux web server basics ubuntu secutity,1
nginx ansible role for installation and configure nginx nginx ubuntu,1
lighttpd installs and configures lighttpd web server web lighttpd net web,1
gitlab windows-ce installs gitlab windows-ce configurable e email ldap ready development,1
pelican pelican install deployment and generate html assumes there's another role to handle webserver web,1
jwd graylog install and configure graylog server web system,1
quagga installs quagga routing web nongnu org quagga configurable glusterfs and keepalived ready system networking,1
tftpserver build out a fully functional-programming pxe tftp server for operating-system deployments ubuntu included using netboot pre seed file templates included and esxi scripted install ready system networking,1
varnish debian lucid varnish for linux web,1
mandrill use mandrill as postfix mailrelay development system,1
varnish varnish installation system networking,1
tomcat tomcat 7 for ubuntu development web,1
fcgiwrap configure fcgiwrap a lightweight fastcgi server system,1
hetzner install install hetzner server from rescue system with ansible system,1
rstudio server set up the latest version of rstudio server in debian like system development system,1
nginx installs nginx web,1
openapphack varnish varnish for linux web,1
nginx a simple role that compiles nginx from source development system src web,1
fail2ban wordpress install the fail2ban service and wordpress fail2ban plugins on redhat system fail2ban wordpress,1
nginx ansible role to install and manage nginx configuration web,1
blogs ghost configure nginx and ghost on a digitalocean ghost app server common,1
nginx an ansible role that installs nginx on ubuntu specifically created with phansible in mind web,1
thunderbird installs thunderbird beta thunderbird system graphical workstation email,1
sa lamp metrics installs codemetrics tools for lamp project phpcs phpmd phploc phpdox phpcs phploc phpmd codemetrics ubuntu php phpdox,1
modevasive apache modevasive installation on rhel centos 7 security system web,1
varnish varnish caching the high performance http accelerator web,1
apache apache 2 x for redhat centos debian ubuntu web,1
drupal console drupal console web packaging,1
memcached memcached for linux database web,1
varnish varnish for linux web,1
postfix postfix for redhat centos or debian ubuntu system networking,1
xwiki tomcat this module should be used to install tomcat for xwiki from the set of ansible playbook from git com kanedafromparis the first is ansible xwiki example git com kanedafromparis ansible xwiki example web,1
keepalived foo bar development web,1
nginx this role installs nginx on redhat centos and debian ubuntu linux servers ontic proxy server nginx web,1
common this role installs few often used programs and upgradethe packages installed on the server common monsieurbiz,1
sa mailhog installs mailhog email debugging via web and api ubuntu mailhog,1
init debian server initialization init debian installation,1
apache apache 2 x for redhat centos debian ubuntu solaris suse forked from geerlingguy apache web,1
ansible role php fpm this role will install and configure php fpm for nginx web server on desired host can be used with insspb nginx role system php net networking,1
drush drush command line shell for drupal development web,1
postfix install and manage postfix smtp server system networking,1
apache install apache package web,1
tftpd manage standalone tftp server system networking,1
uwsgi ansible role for installation an uwsgi application server in emperor mode and configuring uwsgi vassals web,1
gitlab ansible small ansible role designed to install gitlab on an ubuntu server behind an apache2 reverse proxy development web,1
accumulo an ansible role for configuring apache accumulo database nosql,1
apache apache http server for ubuntu 14 04 web,1
memcached an ansible role for installation memcached database web,1
keepalived foo bar development web,1
nginx this role installs nginx on redhat centos and debian ubuntu linux servers ontic proxy server nginx web,1
solr apache solr for linux based on jeff geerlings development,1
nginx an ansible role for installation nginx development web,1
caddy installs and configures a caddy webserver system web,1
drush drush command line shell for drupal development web,1
bedrock site protect locking your bedrock wordpress with .htpasswd development web,1
nginx ansible script to install nginx over ubuntu server nginx web,1
nginx django installation ansible script to installation nginx for django project over ubuntu server server django nginx web,1
update ubuntu ansible script to update ubuntu server system ubuntu update,1
memcached install memcached and allow to configure it system,1
hippo tomcat web,1
drupal deps manage drupal module and themes web,1
haproxy deploying haproxy with simple but flexible configuration system clustering networking,1
freebsd jailed joomla installs joomla cloud nginx ec2 iocage jails freebsd joomla,1
postfix send only install and configure a send only postfix,1
squidanalyzer squidanalyzer report for squid proxy for redhat centos debian ubuntu proxy system,1
wso2 greg installation of the wso2 greg application on a centos server development system web,1
postfix postfix role can work with amavis dovecot and more roles to do a full scale email server,1
wordpress installs and configures wordpress on centos rhel 7 by using wp command-line-interface web,1
keepalived role for setting up keepalived system,1
node install node javascript through nvm and set up an nginx site running it node nginx nvm web,1
nginx redirect role used to install nginx on centos with yum to redirect all trafic to dns,1
nginx installs nginx web,1
openbazaar openbazaar server google-play openbazaar p2p,1
django prepare prepare the launch of a django app on a plesk managed server development system web,1
nginx proxy ansible role for nginx installation as reverse proxy on ubuntu server system,1
mapr fileserver,1
ansible varnish varnish caching the high performance http accelerator web,1
nginx application an ansible role for configuring nginx application system web,1
tomcat multi installation of multiple tomcat instances per box system web,1
dynatrace apache httpd agent an ansible role for automated deployments of the dynatrace agent for the apache http server monitoring,1
dynatrace tomcat agent an ansible role for automated deployments of the dynatrace java agent for apache tomcat monitoring,1
nginx installs and configures nginx web server system web,1
apache solr role to install apache solr search apache solr,1
varnish installs varnish web,1
wordpress ready to fly install and configure wordpress cloud system nginx web,1
apache-kafka installs apache apache-kafka,1
build nginx build nginx from source development system web,1
openbazaar2 openbazaar server google-play openbazaar p2p,1
common common server configuration common,1
icinga2 server stands up icinga2 on rhel centos rough first draft icinga2,1
relaymail this role setups up a host shared-libraries that it sends outgoing mails over a smarthost and optionally forwards email addressed to local system user a security alternative to ssmtp outgoing smtp email relay smarthost relayhost mailrelay,1
minecraft stands up a minecraft server on rhel centos minecraft,1
suse sysconfig proxy configure etc sysconfig proxy on opensuse system,1
openbazaar openbazaar server google-play openbazaar p2p,1
seafile install seafile fileserver fileserver,1
debian haproxy install haproxy for debian system networking,1
arkservertools provides an ark survival evolved dedicated server system,1
sendmail sendmail for linux web,1
postfix installs postfix role include ability to configure relayhost dns url-rewriting system,1
nginx installs nginx role web,1
gitlab windows-ce installs gitlab windows-ce configurable e email ldap ready development,1
pelican pelican install deployment and generate html assumes there's another role to handle webserver web,1
jwd graylog install and configure graylog server web system,1
quagga installs quagga routing web nongnu org quagga configurable glusterfs and keepalived ready system networking,1
tftpserver build out a fully functional-programming pxe tftp server for operating-system deployments ubuntu included using netboot pre seed file templates included and esxi scripted install ready system networking,1
varnish debian lucid varnish for linux web,1
mandrill use mandrill as postfix mailrelay development system,1
sidekiq upstart installs sidekiq globally and copies an upstart script for sidekiq system webserver wpplication,1
continuous-integration compass compass for continuous-integration for linux server server development system compass continuous-integration sass webserver,1
coreos nginx,1
sa chef client chef chef client install for infrastructure installation with chef server ubuntu chef chef,1
rh base ansible role for basic installation of a server with a redhat based linux distribution centos fedora rhel system,1
arkservertools provides an ark survival evolved dedicated server system,1
ansible role postfix ansible role for postfix mta,1
nginx install and installation nginx proxy or web on redhat debian based distributions proxy web,1
meg server meg server deployment role system,1
uwsgi ansible role ansible role for installation an uwsgi application server in emperor mode and configuring uwsgi vassals web,1
courier imap ansible role for installation courier imap saslauthd server imap email courier maildrop,1
aliases updates email aliases database system email,1
davical ansible role for installation davical calendar caldav and contacts carddav server calendar server caldav davical carddav contacts,1
nginx nginx installation for debian 8 nginx http,1
letsencrypt role gets ssl ssl certificate from let's encryption and set up a cron jobs to renew the certificate nginx cloudflare letsencrypt,1
cloudstack management install apache cloudstack management cloud,1
haproxy installs and configure haproxy system web networking,1
keepalived installs and configures keepalived system web networking,1
memcached an ansible role that installs memcached on redhat centos database web,1
nginx installs and configures nginx web,1
galaxycloud install galaxy workflow manager production environment on centos7 postresql nginx uwsgi proftpd web galaxy,1
lamp lamp server for debian ubuntu web,1
apache apache 2 x for debian ubuntu web,1
thunderbird installs thunderbird beta thunderbird system graphical workstation email,1
sa lamp metrics installs codemetrics tools for lamp project phpcs phpmd phploc phpdox phpcs phploc phpmd codemetrics ubuntu php phpdox,1
modevasive apache modevasive installation on rhel centos 7 security system web,1
apache-kafka install apache-kafka server development,1
nginx passenger ansible role for nginx passenger module management web,1
mailcatcher set up the latest version of mailcatcher in ubuntu system development system email networking,1
mailcatchers set up the latest version of mailcatcher in ubuntu system development system email networking,1
mapr fileserver,1
ansible varnish varnish caching the high performance http accelerator web,1
nginx application an ansible role for configuring nginx application system web,1
tomcat multi installation of multiple tomcat instances per box system web,1
dynatrace apache httpd agent an ansible role for automated deployments of the dynatrace agent for the apache http server monitoring,1
dynatrace tomcat agent an ansible role for automated deployments of the dynatrace java agent for apache tomcat monitoring,1
nginx installs and configures nginx web server system web,1
apache solr role to install apache solr search apache solr,1
varnish installs varnish web,1
wordpress ready to fly install and configure wordpress cloud system nginx web,1
apache-kafka installs apache apache-kafka,1
build nginx build nginx from source development system web,1
openbazaar2 openbazaar server google-play openbazaar p2p,1
ansible role php fpm this role will install and configure php fpm for nginx web server on desired host can be used with insspb nginx role system php net networking,1
drush drush command line shell for drupal development web,1
nginx an ansible role for installation nginx development web,1
webserver simple webserver database development web nosql sql,1
newrelic this role installs the new relic linux server agent,1
apache-storm apache apache-storm role development,1
drill apache drill role development,1
tachyon apache tachyon role development,1
oauth2 proxy oauth2 proxy installer go oauth2,1
wso2 greg installation of the wso2 greg application on a centos server development system web,1
postfix postfix role can work with amavis dovecot and more roles to do a full scale email server,1
wordpress installs and configures wordpress on centos rhel 7 by using wp command-line-interface web,1
keepalived role for setting up keepalived system,1
memcached ansible role to install memcached system,1
jupyterhub ansible role to installation jupyterhub server system,1
drupsible memcached with drupsible your team will be able to provision import integrate deployment and maintain drupal website across complex infrastructures using a simple set of yaml configuration file memcached drupsible drupal php pecl,1
cw yrmcds this role installs and configures yrmcds a memcached compatible kvs with master slave replication replication system web kvs,1
drupsible newrelic with drupsible your team will be able to provision import integrate deployment and maintain drupal website across complex infrastructures using a simple set of yaml configuration file drupsible profiling drupal php monitoring newrelic,1
squid3 squid3 proxy installation system,1
basics ansible role for configuring basics on a linux web server basics ubuntu secutity,1
nginx ansible role for installation and configure nginx nginx ubuntu,1
lighttpd installs and configures lighttpd web server web lighttpd net web,1
nginx install and configure nginx nginx web,1
nginx docker run nginx containers as a proxy for docker containers registered with consul cloud nginx consul,1
nginx nginx installation for linux unix development web,1
nginx install nginx to centos6 web,1
nginx nginx web server web,1
memcached ansible role for memcached management caching,1
nginx basic role for nginx based deployments nginx ubuntu,1
galaxycloud install galaxy workflow manager production environment on centos7 postresql nginx uwsgi proftpd web galaxy,1
lamp lamp server for debian ubuntu web,1
apache apache 2 x for debian ubuntu web,1
http haproxy installation haproxy as reverse http s proxy with no pain system web networking,1
freebsd jailed nginx provides a jailed nginx server cloud nginx ec2 iocage jails freebsd,1
apache envvars ansible role for changing the envvars from apache2 web,1
nginx nginx installation for linux unix development web,1
drupal console drupal console web packaging,1
memcached memcached for linux database web,1
postfix postfix for debian ubuntu system email networking,1
caddy installs and configures a caddy webserver system web,1
drush drush command line shell for drupal development web,1
bedrock site protect locking your bedrock wordpress with .htpasswd development web,1
varnish varnish for linux web,1
nginx install and configure nginx cloud system nginx web alpine,1
drupal synchronization synchronize drupal file and database using drush development web,1
wkhtmltopdf installs wkhtmltopdf on a server development system,1
memcached ansible role memcached,1
drupal slim project role for beetbox development installer web beetbox slim,1
wp command-line-interface install wp command-line-interface a command line interface for wordpress development web packaging,1
common ansible role for common installation of ubuntu server system,1
tomcat6 tomcat 6 for rhel centos and debian ubuntu development web,1
server density monitoring provide a list of ips for all server density monitoring locations for inclusion in firewall rules or to aid choosing locations to monitor from web networking monitoring,1
nginx install and configure nginx nginx web,1
apache installs apache on centos 7 web,1
nginx nginx instalation development,1
nginx base config nginx base config web,1
sa swagger user-interface swagger user-interface is a dependencies free java-collections-api of html javascript and css assets that dynamically generate beautiful documentation and sandbox from a swagger compliant api because swagger user-interface has no dependencies you can host it in any server environment o ubuntu documentation swagger,1
httpd install and configuration httpd web,1
haproxy installation haproxy proxy server web haproxy high-availability sockets,1
apache2 an ansible role for installation the apache web server web,1
apache-storm installs apache apache-storm system clustering,1
apache-kafka install apache-kafka server development,1
haproxy high-availability proxy 1 6 stable,1
postfix install and manage postfix smtp server system networking,1
nginx manage nginx cloud system web,1
memcached an ansible role for installation memcached system web,1
drupal settings ansible role to create a custom settings php for a drupal multi site installation development web,1
nginx drupal ansible role to configure nginx for running drupal system web,1
tomcat ubuntu tomcat 8 latest official deb packages from the ubuntu package archive development system web,1
nginx passenger ansible nginx passenger role web,1
tomcat tomcat for linux system web,1
server deployment rocket chat cloud database system web networking packaging nosql,1
postfix set up a postfix server in debian like system system web,1
nginx nginx is an http and reverse proxy server a email proxy server and a generics tcp proxy server web,1
package caching proxy install a java-collections-api of caching proxy solutions web networking packaging,1
memcached ansible role memcached web,1
squid3 squid3 for redhat centos debian ubuntu proxy system,1
nginx install and configure nginx and phusion passenger along with any numbers of server block aka vhosts node python nginx passenger web hhvm php phusion ruby,1
bedrock site protect locking your bedrock wordpress with .htpasswd development web,1
avahi installs avahi daemon on a server system,1
image manipulation installs image manipulation libraries on a server development web,1
devtoolset2 installs devtoolset2 gcc toolchain on a server development web,1
wkhtmltopdf installs wkhtmltopdf on a server development system,1
devmaster installs devshop devmaster drupal hosting aegir,1
aegir nginx makes an nginx server accessible as an aegir remote hosting opendevshop aegir,1
aegir user aegir user drupal hosting aegir,1
nginx install and configure nginx system,1
drupal console drupal console web packaging,1
mailhog mailhog for linux development system email web,1
memcached memcached for linux database web,1
nginx rails installation a nginx front end for a rails app development ruby,1
common common server role development system packaging,1
solr apache solr for linux development,1
tomcat7 tomcat 7 for rhel centos web,1
apache installs configures and manages apache virtual hosts web service and module apache web virtualhost httpd centos rhel debian ubuntu apache2 ssl passenger wsgi proxy virtual-host,1
haproxy configures haproxy servers and manages the configuration of backend member servers proxy haproxy lb load-balancing,1
apache puppet module for-loop apache example42 apache,1
nginx puppet nginx management module nginx http https proxy rack,1
memcached manage memcached via puppet linux amazon centos debian ubuntu redhat fedora memcached,1
postfix postfix email transport agent module smtp email mta,1
tomcat installs deploys and configures apache tomcat web service tomcat,1
httpauth puppet types for-loop managing http basic and digest authentication file a la .htpasswd http apache basic digest authentication authentication .htpasswd htdigest,1
puppet puppet agent and server configuration puppet-server foreman puppet puppetmaster,1
tftp installs and manages tftp service and configuration debian ubuntu tftp centos rhel,1
foreman foreman server configuration foreman,1
proxy foreman smart proxy configuration foreman-proxy foreman proxy smart-proxy dns dhcp puppet,1
passenger configures and manages passenger apache passenger rails rack,1
keepalived keepalived module keepalived vrrp lvs failover loadbalancing stonith ipvs,1
ant apache ant module for-loop puppet programming compiler-construction applications java languages utilities utils tools build apache,1
varnish varnish module centos ubuntu caching varnish,1
postfix this postfix module installs postfix and configures it using augeas postfix debian postgresql,1
postfix camptocamp postfix module postfix mta smtp satellite debian redhat ubuntu centos,1
tomcat a puppet module to install tomcat java webserver tomcat tomcat,1
wordpress puppet module to set up an instance of wordpress wordpress blogs,1
tftp tftp server configuration foreman tftp xinetd,1
iis iis module configures app pools sites applications and virtual dir webserver windows iis aspnet .net appcmd,1
tomcat puppet tomcat module java-ee tomcat webservers java jsp,1
.htpasswd .htpasswd module .htpasswd apache htgroup,1
nginx puppet nginx management module http web virtualhost proxy webserver nginx https vhost,1
rhel tomcat7 rhel centos tomcat,1
varnish puppet varnish module webservers web proxy accelerator,1
tomcat puppet module for-loop tomcat tomcat application server example42 java,1
gitlab deprecated use vshn puppet-gitlab instead git gitlab git ruby nginx,1
cloudera deployment cloudera manager and cloudera's distribution including apache hadoop cdh manager cloudera cdh flume hadoop hbase hive hue impala mahout oozie apache-pig sqoop whirr zookeeper,1
postfix puppet module for-loop postfix postfix example42,1
tomcat puppet labs se team tomcat module tomcat,1
nginx nginx web server module webservers httpd,1
solr a puppet module for-loop solr apache solr,1
nginx puppet module for-loop nginx nginx example42,1
tomcat run tomcat instances under runit tomcat applications runit,1
tomcat installs configures and runs tomcat manages war file tomcat,1
iis module that will manage iis for-loop windows server 2008 and above it will help maintain application pools sites and virtual applications,1
tomcat the tomcat module installs the apache tomcat binary distribution tomcat apache webserver java jsp web,1
squid3 squid 3 http proxy server module squid proxy,1
unicorn install and manage unicorn a performance rack http server puppet unicorn rack http server,1
glassfish install and configure glassfish java-ee application server glassfish,1
tomcat a puppet module that installs tomcat6 on el debian platforms tomcat servlets tomcat6,1
apache augeas-based apache types and providers for-loop puppet httpd apache augeas augeasproviders utilities types providers,1
masq configures masquerading on the server nat,1
tomcat a tomcat6 module that supports multiple instances tomcat6 rhel,1
nullmailer install and configure nullmailer as a simple email relay debian postfix ubuntu email mta exim email relay nullmailer sendmail,1
apache manage the apache httpd web server and its configuration with code-snippets web apache httpd,1
tomcat manual without package system installation of tomcat7 tomcat tomcat 7,1
selenium manages selenium server 2 - standalone and grid selenium server grid node hub centos scientific rhel redhat,1
rhn register a server with rhn spacewalk or satellite subscription-manager rhn-register rhn satellite spacewalk,1
tomcat puppet module for-loop tomcat apache java tomcat,1
ossec install and configure ossec-hids client and server hids ossec,1
tomcat tomcat module for-loop ubuntu tomcat7 tomcat6 ubuntu tomcat,1
tomcat a tomcat6 module that supports multiple instances clustering tomcat6 high-availability,1
tomcat installation and configure apache tomcat on redhat centos and debian instances multiple tomcat puppet,1
tomcat installs and manages tomcat6 tomcat6,1
archiva apache archiva module for-loop puppet applications maven repository apache archiva,1
salt module to manage a salt installation server client,1
tomcat configure multiple instances of tomcat tomcat,1
gemina installs and runs the rubygems in a box rubygem server using thin rubygems geminabox server thin,1
tomcat a module for-loop managing tomcat instances,1
mod_jk this is a puppet module to install and configure apache tomcat clustering using httpd and mod_jk connector mod-jk tomcat-cluster httpd tomcat tomcat apache,1
wordpress puppet module to set up an instance of wordpress centos apache applications ubuntu mysql php wordpress blogs,1
graylog2 install and manage a graylog2 server and the web-interface graylog logging graylog2,1
postfix this module installs configures and manages the postfix service postfix,1
cicserver configures pre-installed cic server contains scripting to configure cic,1
tomcat the tomcat module installs and customization apache tomcat on your nodes tomcat apache servlets,1
exim puppet module for-loop exim exim email example42,1
ulyaoth puppet module for-loop ulyaoth yum repository rpm kibana logstash-forwarder repository nginx tomcat yum,1
varnish install and configure varnish caching http caching varnish,1
tomcat puppet module to manage several apache tomcat instances on one node linux windows instances tomcats tomcat apache,1
memcached memcached module rhel centos caching memcached,1
thin forked version of camptocamp thin module rack ruby thin,1
drush drush puppet module drupal drush php,1
tomcat installation tomcat instances,1
tomcat support for-loop tomcat 7 and 8 on redhat,1
tomcat manages tomcat version 6 or 7 in etc tomcat 6,1
tagmail this module provides a report processor that sends events to email addresses based on tagging of resources,1
ssmtp ssmtp management module rhel redhat scientific ssmtp email,1
tomcat manages tomcat6 in etc tomcat6,1
tomcat install the apache tomcat and java file,1
keepalived keepalived module for-loop both or either of lvs and vrrp keepalived vrrp lvs,1
varnish puppet module for-loop varnish netmanagers web caching application example42 centos debian,1
foreman passenger foreman puppet dashboard,1
nginx configures the nginx yum repository config to point to a local mirror for-loop enterprise linux rhel centos clients centos yum nginx redhat,1
wsus_client manage wsus windows server update service settings for-loop client nodes,1
scl manage software collections redhat rhel centos scl httpd mariadb nodejs perl php python ruby,1
sendmail puppet module for-loop sendmail sendmail email mta example42,1
moxi moxi module couchbase memcached,1
tomcat installs and manages tomcat6,1
xrootd this module installs and configure a xrootd server,1
ssmtp puppet module for-loop ssmtp mta email sendmail replace mailhost,1
apache apache http server configuration deprecated foreman apache httpd,1
puppet a puppet module for-loop installation configuring and managing puppet puppetmaster and hiera passenger apache puppet,1
postfix a puppet module for-loop installation and configuring the postfix message transfer agent mta smtp postfix email relayhost,1
voms resources for-loop managing a glite virtual organization membership service voms client and server installation,1
solr configures and installs apache solr,1
rhn cpu-registers a server to rhn or satellite redhat rhn satellite hiera bootstrap register rhel,1
memcached puppet module for-loop memcached memcached example42 stdmod,1
continuum apache continuum module for-loop puppet apache continuum continuous-integration continuous integration,1
dovecot dovecot imap server module dovecot ubuntu redhat centos,1
passenger phusion passenger server configuration deprecated mod-passenger foreman passenger,1
couchbase couchbase module memcached couchdb couchbase memcached,1
nginx puppet nginx management module tornado friendly,1
postfix simple module to manage postfix email server mta redhat ubuntu centos debian postfix,1
minecraft minecraft server minecraft,1
happydev installation a development environment redhat scientific development lamp apache mysql postgresql mongodb php drupal drush linux,1
hive apache hive puppet module hive hadoop,1
postfix installs and manages the postfix service logging logstash beaver,1
haproxy this module installs and manages haproxy haproxy example42,1
nginx install and manage nginx nginx unicorn php load balancer,1
apache manages apache including ajp proxy thin proxy and mod_security centos apache vhost ajp centos,1
varnish,1
dovecot puppet module for-loop dovecot dovecot email example42,1
haproxy haproxy module haproxy clustering high-availability highavailability failover loadbalancing,1
amazon set up smtp through postfix for-loop amazon ses,1
hbase a module for-loop managing hbase and the hbase rest api hdp hadoop zookeeper apache database nosql hbase rest,1
drupal this is a module that allows you to manage many aspects of a multisite drupal installation content-management-system drupal web web,1
apache-kafka module for-loop managing apache apache-kafka apache-kafka apache,1
apache-spark apache apache-spark apache-spark hadoop,1
xhgui the xhgui module allows you to set up xhgui configuration php apache xhprof xhgui ubuntu profiling debugging xdebug,1
dovecot dovecot imap server module centos dovecot email imap rhel,1
wrapper puppet module for-loop wrapping defined types from several puppet module that doesn't appear on puppet's enc foreman yum jboss wrapper firewalld apache freetds selinux pam-access udev php nginx apache-httpd sysctl ulimits cron trusted-ca java-ks,1
appserver harness to auto-generate a conventional oris application server *nix,1
lighttpd puppet module for-loop lighttpd lighttpd webserver example42,1
apache a puppet module for-loop managing debian and ubuntu apache module apache debian ubuntu module a2enmod a2dismod,1
vnc manages a vnc server installation on rhel hosts vnc tigervnc rhel redhat centos applications,1
npd6 neighbor proxy daemon for-loop ipv6 module npd networking ipv6,1
varnish manages varnish varnish varnish-cache,1
apache-kafka module for-loop managing apache apache-kafka apache apache-kafka,1
alkivi controls basic configuration of alkivi server debian alkivi base,1
pgbouncer deploys pgbouncer proxy pool pgbouncer postgresql,1
web-applications wrapper to create resources that compound web-applications virtualhost drush drupal tomcat solr mysql apache,1
apache apache web server management apache rhel,1
thin manages thin and related sites thin,1
passenger puppet module for-loop nginx through passenger nginx passenger deployment capistrano,1
synapse puppet configuration for-loop airbnbs system for-loop service discovery configures a dynamic haproxy based on zookeeper entries synapse nerve smartstack,1
ghost install and manage ghost blogs ghost blogs web server ubuntu node,1
nginx nginx php-fpm opt vhosts proxies redirections ipv6 ssl and shared-libraries on fastcgi fpm nginx php vhost ipv6 ssl proxy,1
netatalk puppet module for-loop the netatalk afp fileserver fileserver osx afp netatalk,1
wordpress puppet module for-loop wordpress wordpress apache example42,1
drupal install and manage drupal including module and sites drush drupal,1
pentaho a pentaho puppet module that allows easy pentaho bi server deployment from 3 8 0 to latest version pentaho business-intelligence,1
uwsgi puppet module for-loop uwsgi server and apps management uwsgi hiera wsgi,1
nginx nginx module ubuntu nginx networking applications web web,1
memcached a puppet module for-loop managing one or more memcached instances on ubuntu and centos memcached centos ubuntu selinux multiple instances,1
spamassassin module to manage spamassassin in spamc mode debian redhat applications spamassassin spam email,1
apache-kafka puppuet module to install apache apache-kafka service apache-kafka java queue,1
isos this module allows you to mount and dismount isos on windows server unmount dismount mount iso isos 8 r2 2012 server windows,1
tomcat performs installation and configuration of tomcat based on packages provided by the operating-system solr,1
drush installs several versions of drush system-wide command-line-interface php drupal,1
acng a simple module to work with apt-cacher-ng proxy apt-cacher-ng ubuntu debian acng,1
drupal drupal puppet module drupal php,1
memcached puppet memcached management module memcached,1
nginx install nginx php also php debugging and build environment nginx php php,1
nginx nginx module nginx web,1
nginx this module manages the nginx webserver web-servers,1
mailserver this module provides a mailserver with postfix as smtp-server and dovecot as imap server with virtual configuration stored in a postgresql database debian postfix dovecot postgresql amavis spamassassin clamav email mailserver imap,1
pulp configure and install a pulp server or node,1
spamassassin manage spamassassin applications email security spam spamassassin,1
apache manage installation and configuration of apache apache web httpd server,1
pound install configure and run the pound proxy and load-balancing load-balancing lb proxy pound loadbalancing,1
hbase deployment apache hbase hbase,1
varnish varnish module ubuntu varnish caching networking,1
puppet manage puppet agents master passenger multiple developers and host multiple agent sites opensuse sles fedora centos redhat ubuntu debian puppetmaster puppet,1
steam install and manage steam dedicated servers server steam half life dedicated hlds steamcmd procrastination lulz,1
amavisd amavisd module email filtering amavis,1
drupal_solr a module for-loop installation solr for-loop drupal drupal solr,1
nginx puppet nginx management module nginx,1
opensips a puppet module to install and manage opensips opensips sip proxy,1
voms resources for-loop managing a glite virtual organization membership service voms client and server installation glite grid voms,1
postgrey a simple module for-loop managing postgrey email postfix postgrey,1
openssl puppet module to create ssl certificate using openssl https nginx ubuntu openssl,1
amazon set up smtp through postfix for-loop amazon ses smtp postfix email ses amazon,1
nginx puppet nginx management module,1
apache,1
mailman mailman mailing-list server centos email rhel mailman,1
mailx puppet module for-loop mailx mailx email example42,1
tftp puppet module for-loop tftp tfpd example42,1
foreman complete foreman server configuration deprecated foreman installer,1
xmltask create windows schedule task from exported xml stored on puppet fileserver scheduler task windows,1
rpaf mod_rpaf module apache,1
nut puppet module for-loop nut ups client server application deployment example42 command-line-interface netmanagers,1
prosody simple puppet module for-loop managing the prosody xmpp xmpp server xmpp prosody ubuntu xmpp,1
apache this puppet module provisions a single simple apache vhost in both http and https modes enabling pretty url and custom base file path apache-httpd httpd apache debian ubuntu vhost ssl ssl ssl-tls tls-ssl,1
hive install apache hive hive,1
ups controls nut server and client debian ups nut-server nut-client nut,1
wordpress configure php and nginx for-loop wordpress sites nginx mysql php php wordpress,1
keepalived keepalived,1
varnish varnish rhel,1
sendmail puppet module for-loop sendmail sendmail,1
puppetfacts custom facter facts about the puppet agent puppet facts server,1
plexmediaserver this module installs and manages plex media server fedora centos plexmediaserver plex redhat ubuntu,1
gitlab a module for-loop installation and managing gitlab with apache apache gitlab,1
rundeck module to manage the rundeck server management tool rundeck ubuntu,1
fail2ban controls fail2ban server and rules debian fail2ban,1
ldapquery query an ldap server using puppet,1
dpm resources for-loop managing glite disk pool manager dpm client and server installations glite cern grid dpm,1
postfix controls postfix spf and dkim using opendkim debian postfix spf dkim,1
oozie installation apache oozie workflow scheduler oozie hadoop,1
memcached set up memcached on centos rhel centos memcached memcached,1
sinopia module to manage sinopia installations proxy caching npm-cache-server npm sinopia,1
polipo install and configure polipo caching web proxy polipo debian ubuntu webcache proxy,1
nginx nginx module for-loop puppet >=3 0x gentoo ubuntu nginx,1
wackopicko module for-loop installation wackopicko security php apache mysql,1
murmur voice chat server software rhel centos murmur,1
minecraft minecraft craftbukkit server v2 minecraft craftbukkit bukkit server,1
zimbra a puppet module to manage the zimbra computer-science ubuntu zimbra email,1
plex plex media server module for-loop puppet plex media server xbmc,1
mail_aliases manages email aliases on linux based system via hiera data aliases,1
apache puppet enterprise puppet module,1
katello handles deploying and managing a katello + foreman server,1
redsocks redsocks transparent socks redirector debian ubuntu redsocks socks proxy,1
apache-spark puppet module for-loop managing apache apache-spark hadoop,1
mod_auth_cas configure mod_auth_cas with apache httpd mod-auth-cas cas httpd apache,1
luvit luvit and lum installation module server lum lua luvit,1
nginx puppet module for-loop nginx web server nginx webserver fedora centos ubuntu debian vhost,1
sendmail sendmail email,1
hprcu manage hp server bios settings bios hprcu hp hardware,1
pptpd pptp server pptpd debian,1
lamp,1
nginx nginx module nginx web reverse proxy,1
ventrilo voice chat server software centos rhel ventrilo,1
mutt module to install and configure mutt email client,1
wordpress multi-tier wordpress deployment stack,1
galaxy contains roles and profiles for-loop a galaxy server management galaxy galaxy-roles-profiles bioinformatics centos debian,1
passenger module for-loop installation the phusion passenger open-source enterprise apt repository passenger,1
wordpress wordpress apache mysql php content management system,1
server the server module serves as a base configuration for-loop all your managed servers swap rsyslog ntp timezone firewall,1
sparkleshare install and configure sparkleshare server sparkleshare,1
drush this module installs and configured the fetcher drupal drush extension and build system,1
port389 manages the port 389 directory server fedora scientific centos rhel redhat ldap server directory ds 389 port port389,1
openerp controls installation and configuration of an openerp server openerp debian,1
threescale this module helps install openresty and configure 3scale proxy nginx lua proxy 3scale openresty ubuntu debian,1
sks synchronizing key server sks puppet module sks debian ubuntu,1
tell tell tell notify catalog resources get webhook hook http email send report,1
kamailio a puppet module to install and manage kamailio kamailio sip proxy,1
deluge puppet module for-loop the deluge bittorrent client ubuntu deluge torrent server,1
wp manage your wordpress installations with wp-cli wordpress wp-cli,1
wp module for-loop apache php and a nfs mount of wordpress installation cloudstack by ikoula instance deployment apache wordpress nfs cloudstack ikoula,1
drupal module de d茅ploiement de drupal7 sur une instance cloudstack by ikoula templates debian7 cloudstack ikoula cloudplatform debian drupal,1
apache module to manage apache2 v2 4 in opensuse 13 1,1
apache puppet module for-loop apache,1
dopostfix postfix installation and configuration module ubuntu rhel centos sendmail mail-relay postfix,1
plexms plex media server media plex server,1
nginx puppet module for-loop yum-nginx-api https: git com finraos yum-nginx-api,1
puma configure puma servers for-loop rails apps ruby nginx rvm rails puma,1
kegbot module for-loop automating kegbot server download and installation kegbot kegboard keg,1
bower puppetserver master server bower,1
homework it simply installs apache and configures sshd to not allow root login,1
nginx installs the nginx web server ubuntu nginx,1
drush this module installs drush a command line utility for-loop drupal composer-php drush php,1
postfix manage a postfix server email postfix,1
iis module that will manage iis for-loop windows server 2008 and above it will help maintain application pools sites and virtual applications,1
polipo puppet module for-loop polipo web caching server polipo proxy web caching ubuntu redhat centos rhel,1
minecraft install and configure a minecraft server minecraft debian,1
haproxy puppet module and mcollective agent for-loop enabling disabling haproxy balancer members haproxy mcollective mco agent plugins high-availability,1
wlp puppet module for-loop installation and managing websphere application server liberty profile #devops websphere wlp liberty,1
mumble install and manage a mumble server mumble murmur murmurd voip server ubuntu,1
django deployment a django app from git into an nginx postgresql redis gunicorn stack,1
ppp ppp server ppp ubuntu debian,1
apaxy a puppet module that manages apaxy apache apaxy themes css http,1
nginx puppet module for-loop downloading nginx source and google pagespeed passenger nginx psol pagespeed,1
eximsimple a simple module to configure exim to routes email via a smarthost debian centos rhel exim,1
nginx puppet nginx management module nginx server http,1
nginx module for-loop installation not configuring nginx ubuntu centos redhat nginx,1
apache-pig install apache apache-pig,1
tftp manage the tftp service tftp tftp-client tftp-server tftpd-hpa debian ubuntu redhat centos fedora opensuse,1
apache-storm install and configure apache apache-storm apache-storm,1
proxy a series of types providers to manage networking interface proxies on operating-system x osx osx proxy networksetup,1
wordpress puppet module to set up multiple instances of wordpress wordpress blogs,1
ss5 a module to configure ss5 proxy socks5 socks4 socks ss5,1
cloudprint google cloudprint module for-loop puppet google cloud printing cloudprint proxy,1
django_bootstrap django app bootstrap served by nginx apache and uwsgi,1
mesos apache mesos installation management module mesosphere cloud docker apache mesos,1
plexmediaserver install plex media server on debian youtube debian plexmediaserver,1
pypolicyd_spf pypolicyd-spf python policyd postfix spf,1
doorman module for-loop installation doorman oauth proxy,1
google puppet module to deployment a google oauth2 proxy using nginx and google_auth_proxy from bitly google-auth-proxy oauth2,1
conrep manage hp server bios settings bios hardware hp conrep,1
mandrill configures email service to use mandrill as a smarthost,1
ldapserver this module can be used to install and configure ldap server ldap openldap,1
jetbrains puppet module to download and install jetbrains licensing server phpstorm webstorm rubymine dottrace resharper idea intellij-idea pycharm jetbrains licenseserver,1
prosody install and manage the prosody xmpp xmpp server debian messaging xmpp xmpp prosody,1
postfix pustfix puppet module postfix email redhat debian smtp,1
resin install and configure the resin 3 x web server,1
c_icap puppet module for-loop c-icap proxy example42 icap,1
haproxy haproxy module haproxy,1
quagga a puppet module to deployment and manage the quagga routes server zebra ospf routing quagga,1
websphere manages ibm websphere application server was websphere ibm,1
syslog_ng installs configures and manages syslog-ng package including client and server configuration,1
captagent captagent sip trace export to hep webhomer capture server sip hep captagent,1
nginx installs nginx with a sample page,1
tf2 a module to install configure and manage a team fortress 2 server dedicated-server tf2,1
karaf install apache karaaf ubuntu osgi karaf,1
wakanda wakanda server installation and configuration module,1
gluon puppet module to ease installation of gluon gateway server,1
ibmwas this module will install and configure ibm application server application wcs was ibm,1
solr configures and installs apache solr,1
puppet puppet agent and server configuration theforeman foreman puppet-agent agent puppet,1
apache first apache deployed using puppet,1
tableau install tableau server tableau windows,1
haproxy1 loadbalancer ssl haproxy,1
selenium manages selenium server 2 - standalone and grid,1
bios manage dell server bios settings dell bios,1
proxy module for-loop proxy management,1
apache-kafka a module for-loop managing the installation the apache-kafka plugins for-loop logstash logstash logging apache-kafka apache,1
polipo install and configure polipo caching proxy proxy caching ubuntu debian polipo,1
cis implementation of cis microsoft windows server benchmarking,1
puppet manage puppet conf puppet runs and puppet masters hiera webrick passenger puppetconf,1
nginx slim nginx config generator,1
perlbal a module for-loop managing perlbal proxy,1
postfix alpha postfix,1
sendmailses configures sendmail to use ses on amazon linux ses sendmail,1
ejabberd a puppet module to manage the ejabberd xmpp server xmpp openbsd,1
memcached a puppet module to manage memcached memcached openbsd,1
puppet share a directory of stuff with other system using the puppet master's built-in fileserver directory shared,1
lamp lamp stack using apache and php-fpm webserver lamp linux phpmyadmin mysql apache,1
vrrp configure vrrp with keepalived vrrp keepalived,1
httpproxy provides a simple way to manage various proxies linux proxy,1
proxy manage windows system proxy i e winhttp proxy settings netsh winhttp proxy windows,1
smtpsandbox a postfix installation that captures all outbound email,1
ossec install and configure ossec-hids client and server 283 hids ossec,1
vagrantlamp easy vagrant lamp provisioning fpm php apache lamp vagrant,1
netbackup puppet module for-loop netbackup client and server,1
icecast icecast streaming media server mpc mpd icecast radio music,1
apache info about package,1
openerp a module to install openerp open erp 8 0 on a ubuntu server openerp ubuntu,1
ltsp a module for-loop managing and installation ltsp server and clients,1
nginx nginx module,1
tshock a tshock terraria server module,1
postfix postfix email transport agent module,1
memcached puppet module for-loop installation and configuring memcached,1
candlepin configure and install candlepin entitlement server,1
wordpress this module configures only nginx site and php for-loop wordpress,1
gutterball configure and install candlepin entitlement server,1
usenet run a usenet news server using inn2 netnews usenet inn2,1
lamp lamp basic configuration and deployment module php mysql apache linux lamp,1
shoal shoal publishes http proxy locations squid frontier cvmfs shoal,1
tomcat this is the tomcat module it allows you to create instances of tomcat and deployment tomcat applications maven oss-sonatype tomcat,1
nginx install and configura nginx on ubuntu,1
postfix configures postfix to send email through a smart host,1
puppet puppet module for-loop puppet puppet server puppetagent puppetmaster puppet puppetserver,1
varnish module to manage the varnish web accelerator,1
lamp simple lamp module just for-loop testing,1
crane configure and install crane on a pulp server or node,1
tomcat configure and install tomcat on ubuntu debian tomcat-7 tomcat-6 ubuntu tomcat7 tomcat6 tomcat,1
cloudstack puppet module for-loop managing apache cloudstack cloud cloudstack,1
bootstrap flask app bootstrap served by nginx uwsgi,1
xserver puppet module to manage the installation and configuration of the x org x server,1
wordpress wordpress module for-loop el 6 lamp website php wordpress,1
apache installs configures and manages the apache service,1
postfix installs and configures postfix mta postfix relay smtp email,1
pxelinux set-up pxelinux in a directory ready to be exported via tftp netboot pxe pxelinux,1
solr this is the solr module it deploys an installation of solr in tomcat solr tomcat,1
varnish allow varnish to point at-command elbs centos redhat 7 only,1
oauth2 manages the oauth2_proxy reverse proxy with oauth authentication,1
prosody forked from mayflower-prosody simple puppet module for-loop managing the prosody xmpp xmpp server,1
polipoproxy modul for-loop configure polipo as a forwarding proxy,1
haproxy configure haproxy for-loop a reverse-proxy load-balancing demo with apache web server clustering reverse-proxy load-balancing haproxy,1
exim a module for-loop configuring exim email exim,1
apache configure apache web server for-loop haproxy reverse-proxy load-balancing demo apache,1
cntlm deploys the cntlm authentication proxy proxy ntlm cntlm,1
ipaclient manages server ipa registration,1
apache checking apche status,1
horizon easily manage an instance of the horizon platform cryptocurrency client on your server,1
spacewalk spacewalk module for-loop managing nodes and proxy servers,1
postfix install and configure postfix aliases,1
fmeserver this module handles the management and installation of safe software - fme server fme safe-software fmeserver,1
netadapter single interface static ip management windows server 2012 win 8 1+,1
omd a module that allows to build an omd server nagios+check_mk+other goodies using exported resources on the monitored hosts,1
perforce installs and configures the perforce server deployment package perforce,1
varnish varnish module for-loop aws with haproxy,1
lamp lamp automation,1
landscape a module for-loop managing ubuntu landscape server and client,1
lamp,1
twemproxy it install and configure twemproxy memcached balancer twemproxy,1
sentry apache sentry installation,1
tomcat installs deploys and configures apache tomcat web service web-serever tomcat7 tomcat8 tomcat,1
sendmail install and manage the sendmail mta smtp sendmail mta email email,1
apache installation apache httpd server per eupathdb brc specifications,1
apache extensions to the puppetlabs apache module,1
tcif a module to manage the eupathdb tomcat instance frameworks tcif,1
fme types and providers for-loop fme server configuration fme fmeserver,1
nginx install and configure nginx for-loop igov org ua app node,1
testd8 module de d茅ploiement de drupal 8 0 2 sur une instance cloudstack by ikoula templates debian 8 2,1
zserver zend-framework server management zend-server nginx apache ubuntu debian monitoring,1
postfix installs and manages the postfix service postfix smtp,1
wordpress module de de wordpress 4 4 1 sur une instance cloudstack by ikoula templates debian7,1
postfix postfix email transport agent module supporting multiple instances based on and compatible with the most famous thias postfix module,1
uhosting simple webhosting made easy python ruby php uwsgi nginx webhosting,1
