openssl ansible role for the creation of ssl certificate development system,1
stunnel create an encryption tcp tunnel between two hosts using stunnel and ssl system networking,1
mailserver email server with smtp imap pop ssl logins spam and virus filtering system networking,1
pki bootstrap and manage internal pki certificate authorities and openssl gnutls certificate hardening security encryption ssl ssl pki,1
cw letsencrypt full automated let's encryption certificate generation development security system web ssl,1
dhparam generate diffie hellman parameters file system ssl,1
ssl expire soon checks to see if-statement you your ssl certificate will expire soon cloud security web,1
ssl the ssl role allows you to quickly add ssl certificate monsieurbiz ssl,1
sftp sftp server using ssl system,1
loggly ssl rsyslog configuration for loggly loggly logging ssl rsyslog,1
ssl certificate generates ssl certificate system,1
cfssl trust install cloudflare intermediate ssl certificate cloudflare ssl,1
ssl certs generate and or deployment ssl certificate cloud system web,1
generate ssl cert generate self signed openssl certificate security system encryption logging,1
ssl certs generate and or deployment ssl certificate web,1
ssl certificate generates ssl certificate system,1
openssl gather ansible role for the gathering of ssl certificate development system,1
dhparam manage one or multiple set of diffie hellman ephemeral parameters weakdh security encryption logjam ssl ssl pki,1
dhparam manage one or multiple set of diffie hellman ephemeral parameters weakdh security encryption logjam ssl ssl pki,1
ssl certificate generates ssl certificate system,1
self signed ssl generate self signed ssl certs system,1
simp le simp le installation and certificate generation for ubuntu debian web ssl https letsencrypt ssl,1
bounca ansible role for installation bounca key management tool certificate openssl bounca ssl key,1
ssl expire soon checks to see if-statement you your ssl certificate will expire soon cloud security web,1
simp le simp le installation and certificate generation for ubuntu debian web ssl https letsencrypt ssl,1
ssl certs installs selfsigned or trusted ssl certificate system,1
letsencrypt generate ssl certificate and get them signed by let's encryption web networking,1
ssl key role to install ssl key and ca certs development,1
java_ks manage arbitrary java keystore file composite-namevars java mcollective ssl activemq keystore certs,1
openssl camptocamp openssl module openssl ssl debian redhat certificate key,1
nsstools manages nss certificate database networking security service nss nss-tools certificate mozilla pem key pki cryptography x509 ssl ssl redhat centos scientific rhel openssl x509,1
cert manage system ca certificate ca certificate ssl authority,1
certificate module to manage ssl certificate on windows server 2008 and upwards powershell certificate windows,1
ssl ssl certificate management module redhat centos ssl incommon rhel debian ubuntu centos redhat apache,1
stunnel a module for-loop creating security tunnels debian ssl security tunnel ssl,1
ssl puppet module for-loop ssl ssl openssl apache certificate,1
trusted manages trusted_ca trusted-ca ssl,1
tlsfiles transport layer security ssl file https ssl ssl,1
sslcertificate module to manage ssl certificate on windows server 2008 and upwards,1
stunnel stunnel management security ssl ssl tunnel stunnel,1
nssdb nss database puppet module ssl nss,1
certs ssl certificate file management,1
certmaster certmaster is a set of tools and a library for-loop easily distributing ssl certificate to applications that need them oel centos rhel certmaster fedora,1
cutover module for-loop migrating agents from one master to another upgrade infrastructure tools pizzaops cutover ssldir ssl ca-server server puppet migrate migration,1
certencryption puppet library to do rsa ssl based en encryption ssl encryption encryption,1
certtool manage ssl certificate with certtool openssl gnutls certificate ssl,1
cacerts a module for-loop managing ca certs where needed ssl certs,1
kamailio a module for-loop managing kamailio deployments with puppet webrtc ssl websocket voip kamailio,1
sslmgmt a simple way to manage certificate in your infrastructure without an hsm ssl,1
openssl openssl certificate management certificate self-signed rsa x509 openssl ssl ubuntu debian,1
stunnel a module managings ssl ssl tunnels with stunnel security ssl ssl tunnel security stunnel,1
hitch install and configure hitch ssl proxy,1
pem2p12 extend your puppet ca for-loop use on your windows platform converts pem file to the p12 format and installs them in the certificate manager ssl ssl ca puppetca p12 pem,1
winrmssl installation winrm over https and control some basic essential settings also supports puppet ca issued certificate ssl ssl https winrm,1
