wordpress set up multiple wordpress installations in debian like system using wp command-line-interface web,1
wordpress wordpress development web,1
wordpress a role to installation wordpress web,1
frogy centos7 initwordpress init wordpress on centos 7 development web,1
centos7 wordpress installs wordpress on centos 7 development web,1
wordpress deployment wordpress for ubuntu and centos fork from galaxy ansible com darthwade wordpress development web cms,1
wordpress download wordpress and configures basic database and encryption parameters automatically fpm nginx web wordpress cms php mysql blogs,1
wordpress ansible role to install wordpress web,1
wordpress,1
installwordpress 'install wordpress' wordpress php,1
wordpress installs wordpress on a redhat based distribution rhel centos fedora web,1
wordpress installation wordpress web packaging,1
wordpress manages wordpress installation web,1
wordpress wordpress installer web wordpress cms,1
wordpress wordpress installer web wordpress cms,1
wp command-line-interface install wp command-line-interface a command line interface for wordpress development web packaging,1
wordpress wordpress project role for beetbox development installer web wordpress beetbox,1
new wordpress new wordpress install for apache servers ubuntu operating-system database web sql,1
wordpress apache wordpress apache development web,1
wordpress this is an ansible role for wordpress development web,1
wordpress scrit to installation wordpress system web networking,1
fail2ban wordpress install the fail2ban service and wordpress fail2ban plugins on redhat system fail2ban wordpress,1
bedrock site protect locking your bedrock wordpress with .htpasswd development web,1
wordpress installs and configures wordpress on centos rhel 7 by using wp command-line-interface web,1
wordpress ready to fly install and configure wordpress cloud system nginx web,1
wordpress ready to fly install and configure wordpress cloud system nginx web,1
wordpress installs and configures wordpress on centos rhel 7 by using wp command-line-interface web,1
bedrock site protect locking your bedrock wordpress with .htpasswd development web,1
wp command-line-interface install wp command-line-interface a command line interface for wordpress development web packaging,1
bedrock site protect locking your bedrock wordpress with .htpasswd development web,1
wordpress puppet module to set up an instance of wordpress wordpress blogs,1
wordpress puppet module to set up an instance of wordpress centos apache applications ubuntu mysql php wordpress blogs,1
wordpress puppet module for-loop wordpress wordpress apache example42,1
wordpress configure php and nginx for-loop wordpress sites nginx mysql php php wordpress,1
wordpress multi-tier wordpress deployment stack,1
wordpress wordpress apache mysql php content management system,1
wp manage your wordpress installations with wp-cli wordpress wp-cli,1
wordpress puppet module to set up multiple instances of wordpress wordpress blogs,1
wordpress this module configures only nginx site and php for-loop wordpress,1
wordpress wordpress module for-loop el 6 lamp website php wordpress,1
wordpress module de de wordpress 4 4 1 sur une instance cloudstack by ikoula templates debian7,1
