shadowsocks ansible role that installs the shadowsocks security socks 5 proxy shadowsocks org networking,1
memcached ansible role memcached web,1
dkimproxy dkimproxy is an smtp proxy that signs and or verifies emails networking,1
nginx a role to install and configure nginx web,1
varnish a role to install and configure varnish web,1
galera haproxy an ansible role for haproxy which connects to a galera percona xtradb clustering database packaging,1
magento lamp single create a rackspace cloud server install apache php varnish mysql and install magento at the end cloud database development web rax sql,1
nginx rails a basic role to install nginx and vhost installation for rails web,1
lamp installs a lamp stack with sensible defaults web,1
ioncube installs ioncube loader 4 5 3 on a stock lamp stack web,1
nginx extras install nginx extras web,1
web role to manage a simple web server with nginx and php development web,1
apache ubuntu installs apache on ubuntu development,1
wsgi deployment wsgi application uwsgi nginx system,1
tomcat tomcat ansible role development web,1
railsbox nginx server installation nginx server web,1
apache php this ansible simple role install apache and php it also allow install php packages and apache module development web,1
nginx an ansible role for installation and configuring nginx from a ppa web,1
awstats ansible role to install awstats on apache system,1
haproxy ansible role of haproxy system,1
nginx uwsgi supervisor an elegant nginx uwsgi and supervisor ansible role development web,1
apache vhosts scrit to installation apache virtual host system web networking,1
nginx installs nginx system web,1
haproxy installs and configure haproxy system web networking,1
memcached installs memcached latest system web,1
haproxy install haproxy web,1
djangoapp install minimal django app served by gunicorn application server behind nginx reverse proxy on centos development web,1
nginx passenger install nginx with passenger on debian ubuntu development system,1
mesos an ansible role for installation apache mesos system,1
apache-storm install and configure apache apache-storm cloud clustering,1
liara the sexiest toolkit for lamp hackers development web monitoring,1
haproxy installs and configure haproxy system web networking,1
memcached installs memcached latest system web,1
nginx nginx installation for linux unix development web,1
dnsmasq proxy configure dnsmasq for use as an internal dns server proxy networking,1
httpd install and manage the apache web server on a redhat based linux distribution web,1
nginx passenger set up nginx and passenger from phusion apt repository system web,1
apache an ansible role for installation and configuring apache webserver web,1
nginx unicorn nginx installation with unicorn integration system web,1
webserver common common task for any webserver machine development system web networking,1
nginx html5boilerplate ansible role based on the html5boilerplate nginx config web,1
passenger install passenger with apache2 using rbenv development web,1
keepalived role for setting up keepalived system,1
haproxy hproxy ansible role development web,1
djangoapp still in alpha deploys one or more django apps ontoa server with gunicorn nginx upstart web,1
apache install and configure apache web,1
hhvm install hhvm for nginx web,1
apache apache 2 x for redhat centos debian ubuntu web,1
tomcat an ansible role for apache tomcat 7 web,1
drupsible varnish with drupsible your team will be able to provision import integrate deployment and maintain drupal website across complex infrastructures using a simple set of yaml configuration file proxy caching drupsible drupal web varnish php cdn,1
apache solr role to install apache solr search apache solr,1
provision debian nginx install nginx from mainline ppa to debian ubuntu hosts system,1
nginx nginx for debian proxy nginx web http http2 ssl https cdn ssl,1
ignite role for apache ignite development,1
nginx ansible role for nginx nginx passenger module management web,1
apache install apache apache,1
sa ruby chruby ruby install nginx passenger sample application chruby nginx ubuntu phusionpassenger ruby,1
sa nginx basic role for nginx based deployments nginx ubuntu,1
varnish varnish for linux web,1
nginx handle nginx nginx web,1
centos7 nginx installs latest nginx version using packages directly from nginx org on centos 7 development web,1
nginx ansible role installs and configures nginx forked from jdauphant web,1
php7 deployment php 7 php fpm for nginx on ubuntu and centos forked from itcraftsmanpl php7 nginx web php php7,1
memcached installs memcached latest system web,1
openapphack apache apache 2 x for debian ubuntu web,1
openapphack nginx nginx installation for linux unix development web,1
openapphack tomcat6 tomcat 6 for debian ubuntu development web,1
apache apache 2 x for redhat centos debian ubuntu web,1
apache an ansible role that installs apache on ubuntu specifically created with phansible in mind web,1
mesos apache mesos mesos,1
modsecurity apache modsecurity installation on rhel centos 7 security system web,1
webserver the webserver role allows you to quickly configuremultiple vhost without a lot of configuration nginx monsieurbiz php webserver,1
ansible role keepalived install keepalived keepalived,1
tomcat8 download installs and configures apache tomcat java servlets containers 8 system,1
haproxy consul install haproxy consul mesos consul haproxy,1
keepalived install keepalived keepalived,1
wsgi deployment wsgi application uwsgi nginx system,1
airflow install airflow using pip system application webserver,1
oauth2 proxy lsst square's oauth2 proxy packages system ubuntu web centos,1
nginx configure nginx devuan,1
sa memcached memcached is a distributed high performance in memory caching system that is primarily used to performance up sites that makefile heavy use of database memcached ubuntu,1
haproxy installs and configures haproxy including ssl and sni installer system web,1
tomcat6 tomcat 6 for debian ubuntu development web,1
solr apache solr for linux development,1
banana installs banana apache see git com transientskp banana web packaging,1
nginx installs and configures nginx web server system web,1
nginx this role installs and configures nginx for ubuntu trusty 14 04 development system ansidev web,1
nginx install and configure nginx system,1
nginx ansible role nginx,1
tomcat tomcat for ubuntu development system web,1
nginx ansible role to install and manage nginx configuration web,1
nginx this role installs and configures nginx system,1
nginx install nginx package nginx web debian,1
haproxy role used to install haproxy on centos with yum,1
apache scl an ansible role to install apache 2 4 from the software collections library web,1
nginx nginx installation for linux unix development web,1
nginx installation install nginx on centos server nginx,1
nginx install and manage nginx and the vhosts web,1
tomcat6 tomcat 6 for debian ubuntu development web,1
apache maven,1
site generate website configurations for use with nginx soon others like apache site website apache nginx,1
haproxy installs and configures haproxy loadbalancer haproxy,1
apache tomee payara role to install and configure apache tomee java web middleware,1
nginx drupal ansible role to configure nginx for running drupal system drupal web,1
freebsd jailed wordpress provides a jailed wordpress server cloud nginx ec2 iocage wordpress jails freebsd,1
django deployment django over server with nginx uwsgi and supervisor database system web monitoring sql,1
mapr webserver,1
nginx an ansible role for installation nginx development web,1
apache apache module for debian freebsd web,1
dynatrace webserver agent an ansible role for automated deployments of the dynatrace webserver agent monitoring,1
dynatrace nginx agent an ansible role for automated deployments of the dynatrace agent for nginx monitoring,1
tomcat 8 an ansible role to install tomcat 8 on debian based distributions tomcat,1
nginx role to install nginx nginx webserver,1
haproxy install and configure haproxy cloud loadbalancer system networking,1
nginx nginx ansible role used by temelio company system web,1
nginx this role will install and configure nginx web server on desired host proxy system nginx web net webserver networking,1
varnish ansible role to install varnish system,1
nginx common an ansible role common configuration for nginx system,1
nginx ansible role for installation configuring and administering nginx instances and sites development web,1
redmine ansible install redmine why an admin user on an ubuntu trusty behond an apache2 reverse proxy https development web,1
squid squid a caching proxy for the web supporting http https ftp and more networking,1
haproxy multi haproxy multi configurations role web,1
nginx nginx http server for ubuntu 14 04 web,1
haproxy set up the latest version of haproxy in ubuntu system system web clustering networking,1
haproxy the reliable high performance tcp http load balancer web,1
varnish varnish caching the high performance http accelerator web,1
varnish varnish caching the high performance http accelerator web,1
apache apache 2 x for debian ubuntu web,1
lamp lamp for debian ubuntu web,1
haproxy blue green haproxy blue green deployments using backend switching web,1
nginx unicorn nginx installation with unicorn integration system web,1
haproxy haproxy installation for single app with good ssl rating system web,1
nginx vhost undefined allow nginx to silently block http python-requests when a host header is not present security nginx,1
varnish wordpress install varnish for wordpress web,1
apache apache deployment web,1
nginx nginx is an http and reverse proxy server a email proxy server and a generics tcp proxy server web,1
apache apache 2 x for redhat centos debian ubuntu web,1
nginx install nginx system,1
varnish install varnish system,1
nginx install and configure nginx from source supports a large numbers of optional module including passenger and geoip web,1
phpmemcachedadmin set up phpmemcachedadmin memcached server admin in php for monitoring and debugging database system web nosql,1
haproxy installs haproxy role glusterfs support included networking,1
keepalived installs keepalived role glusterfs support included networking,1
osx nginx nginx for osx operating-system x via homebrew development system packaging,1
squid installs squid proxy configurable and caching peering haproxy keepalived ready web networking,1
haproxy the reliable high performance tcp http load balancer web,1
memcached installs memcached memcached org system web,1
liferay balancer apache configures apache as ajp load balancer web clustering,1
apache apache 2 x for redhat centos debian ubuntu web,1
tomcat deployment java and tomcat with ansible development web packaging,1
apache an open source http server for modern operating system web,1
nginx nginx role for centos,1
rhel httpd apache 2 2 repository for rhel centos web,1
nginx nginx is an http and reverse proxy server a email proxy server and a generics tcp proxy server web,1
passenger install and configure passenger nginx passenger,1
nginx nginx installation for linux unix development web,1
solr apache solr for linux development,1
xwiki ctrl this module should be used to install tomcat for xwiki from the set of ansible playbook from git com kanedafromparis the first is ansible xwiki example git com kanedafromparis ansible xwiki example web,1
haproxy installation and config haproxy development web,1
oauth2 proxy this role will assume the installation of oauth2 proxy development web,1
puppetmaster install and configure puppetmaster unicorn and nginx system,1
nr plugins nginx install and configure official nginx plugins for newrelic system web monitoring,1
haproxy installs and configures haproxy web,1
nginx installs and configures nginx web,1
nginx ansible role install nginx,1
nginx install and configure nginx web,1
nginx vhost nginx virtual host configuration,1
superlumic php apache ansible role to install php on osx this role is part of the superlumic project that aims to simplify repeat computer setups on osx 10 10 and up system,1
nginx ssl install and manage nginx configuration web,1
localcloud nginx this role will install nginx and allow you to easily manage your virtual hosts via yaml config offering extensibility of applying configuration templates comes with simple virtual host templates as well as ones for common app deployments such as symfo development system web,1
nginx nginx is an http and reverse proxy server a email proxy server and a generics tcp proxy server web,1
varnish vmods vmod checkout from git repository and compilation it development system packaging,1
apache-spark apache apache-spark role development,1
nginx nginx installer nginx web,1
nginx nginx installation for linux unix development web,1
apache-kafka apache apache-kafka role development,1
nginx source build nginx from source development system web,1
apache an open source http server for modern operating system web,1
solr apache lucene solr database,1
apache apache 2 x for debian ubuntu web,1
proxysettings ansible role to configure proxy settings system networking,1
apache installs secures apache2 and configures sites system web,1
nginx nginx provision role nginx centos7,1
debian apache install apache web server for debian system web,1
debian memcached install memcached for debian system system,1
debian nginx install nginx for debian system web,1
debian php apache install apache 2 php module for debian system web,1
haproxy installs and configure haproxy system web networking,1
nginx simple nginx deployment nginx web packaging,1
apache installs and configures apache web,1
haproxy haproxy installation and configuration cloud web networking,1
nginx containers ansible role to manage nginx containers containers nginx configuration docker,1
apache role that install and configure apache web server system,1
nginx install and config nginx nginx web,1
hosting manager ansible playbooks for install nginx tengine php7 hhvm php mysql percona on ubuntu osx server and add remove backup install cms modx sites installer system web hosting,1
sa apache installs apache and enables set of module apache ubuntu,1
ghost simple example on using ansible to configure a webserver with ghost cloud system ec2 web,1
nginx nginx for debian ubuntu development system web,1
varnish varnish 3 x for debian ubuntu web,1
continuous-integration phing commons phing for continuous-integration for linux server phing server development system continuous-integration webserver,1
tomcat installs tomcat 8 on ubuntu trusty java tomcat,1
nginx installs nginx ubuntu adapted from geerlinguy nginx development web,1
haproxy handle haproxy system haproxy,1
haproxy role to installation haproxy web,1
cloudstack common install apache cloudstack common cloud,1
apache install apache on debian based system web,1
apache mesos installs apache mesos mesos apache,1
varnish this role installs varnish on redhat centos and debian ubuntu linux servers ontic proxy caching system varnish,1
nginx installation and config nginx development web,1
nginx ansible role nginx web,1
memcached memcached for linux database web,1
nginx nginx instalation development,1
nginx install and manage nginx webserver system web,1
apache ansible role to install apache2 web,1
apache apache 2 x for redhat centos debian ubuntu web,1
apache mcrypt activates the mcrypt apache module apache web mcrypt,1
nginx wrapper role for geerlingguy nginx nginx,1
nginx web,1
ansible ansible playbook java-collections-api that have been written for ubuntu some of the playbooks are elasticsearch mesos aws mysql sensu nginx etc salt nginx tomcat redis java mesos phabricator glassfish logstash java system elasticsearch ldap apache-kafka solr jenkins php mysql sensu mongodb,1
haproxy haproxy installation and configuration cloud web networking,1
centos7 nginx install latest nginx for centos 7 using for le nguyen's projects nginx centos7,1
nginx installs and configures nginx on debian ubuntu linux servers nginx ubuntu debian,1
tomcat manage tomcat installation web,1
haproxy installs and configure haproxy system web networking,1
passenger installs phusion passenger web,1
apache installs and configures apache apache,1
nginx an ansible role to install nginx web,1
tomcat ansible tomcat role web,1
nginx ansible role for nginx web,1
nginx installs and configures nginx web,1
nginx install nginx web,1
keepalived this role installs and configure keepalived based on a variables file clustering,1
aegir apache makes an apache server accessible as an aegir remote hosting opendevshop aegir,1
nginx install cloud development system ec2 web networking packaging,1
nginx ansible role to install and manage nginx configuration web,1
apache php fpm apache 2 4 php fpm support for linux web,1
nginx nginx installation for linux and freebsd development web,1
varnish varnish for linux web,1
apache apache 2 x for redhat centos debian ubuntu solaris suse web,1
pound ansible role for the pound proxy and load balancer web,1
ansible apache2 ubuntu saucy role use ansible to provision and install apache 2 4 on ubuntu saucy 64 web,1
tomcat and java deployment java and tomcat with ansible development web packaging,1
rax magento lamp single create a rackspace cloud server install apache php varnish mysql and install magento at the end cloud database development web rax sql,1
rax magento lamp database create two rackspace cloud servers one for mysql and another for apache php varnish and install magento at the end cloud database development web rax sql,1
memcached install and start memcached database sql,1
nginx install and start nginx web,1
phpmyadmin installs phpmyadmin on a sensible lamp stack web,1
nginx install and configure nginx system,1
nginx ansible nginx playbook role with a sprinkle of nginx init ubuntu,1
tomcat7 tomcat 7 containers web,1
nginx install the latest stable version of nginx configure sites available and ssl system web networking,1
nginxproxy a role to configure a proxy on nginx web,1
railsbox nginx upstream rails application installation nginx for rails application development,1
nginx install nginx on debian based system web networking,1
apache2 base base role for apache httpd server web,1
nginx this ansible role manages installation and configuration of nginx it can both configure general options as well as virtual hosts this role is a fork of git com bennojoy nginx and implements a different api for configuring locations within a web,1
nginx debian install and configure optionally nginx on debian system derived from benno joy's and pierre buyle's versions web,1
apache apache 2 4 for ubuntu 14 04 with module virtual hosts and settings for them web,1
npme a role for installation npme operating-system dependencies couchdb nginx redis,1
haproxy role installs and configure haproxy web networking,1
tomcat installation and configuration of the apache tomcat from tar gz web,1
memcached set up a memcached server in debian like system system web,1
customphp install php 5 3 5 4 5 5 with apc ioncube imagick etc and nginx web,1
nginx ansible playbook for nginx web,1
apache an ansible role for installation and configuring apache development web,1
apache vhosts master templates for create apache vhosts web,1
nginx an ansible role for nginx as a reverse proxy web,1
nginx proxy ansible role for nginx installation as reverse proxy on ubuntu server system,1
uwsgi app a role for setting up a uwsgi app accessed by nginx and controlled by supervisor development system web packaging,1
lamp an ansible role to install a full lamp stack database web,1
balancer ansible role of nginx load balancere networking,1
newrelic php new relic php nginx agent system web monitoring,1
storyteller installs a wordpress blogs on ubuntu using nginx and mysql web,1
solr installs configures apache solr for debian ubuntu database web,1
proxy settings ansible role to configure proxy settings system networking,1
nginx install nginx web server nginx naxsi manage virtual hosts and settings for them system web,1
nginx symfony2 very simple module to configure nginx for a symfony2 website expects another nginx role to expose the nginx reload handler and php fpm to expose either a unix or tcp sockets web,1
nginx nr agent role that installs and configures nginx nr agent monitoring,1
haproxy installs and configure haproxy system web networking,1
passenger nginx and ruby install ruby passenger rubygems and nginx development system web packaging,1
newrelic haproxy agent role to install and configure newrelic haproxy agent plugins monitoring,1
haproxy installs and configure haproxy system web networking,1
nginx this role installs and configures the nginx web,1
apache maven apache marven role development packaging,1
nginx installs stable nginx version from repository at nginx org system web networking,1
passenger nginx an ansible role for installation and configuring passenger with nginx web,1
nginx installs minimal latest nginx version using packages directly from nginx org on centos 6 5 development web,1
memcached install minimal memcached 1 4 21 from source on centos development web,1
apache-spark an ansible role for installation apache apache-spark system,1
wsgi app containers a comprehensive wsgi app containers using virtualenv gunicorn nginx supervisor development system web packaging,1
nginx this ansible role manage installation and configuration of nginx this role is a fork of git com bennojoy nginx web,1
nginx a role to configure nginx web,1
nginx nginx for ubuntu 12 04lts or greater system application web,1
azulinho apache ansible role for deploying apache packaging,1
nginx this ansible role manages installation and configuration of nginx it can both configure general options as well as virtual hosts this role is a fork of git com bennojoy nginx and implements a different api for configuring locations within web,1
evasive ansible role to install mod evasive on apache system,1
apache a php role for debian development web,1
passenger passenger installation for linux unix development web,1
nginx apps ansible role for creating nginx apps web,1
nginx a simple nginx ansible role web,1
tomcat 8 tomcat 8 containers web,1
nginx nginx role development,1
apache an ansible role for installation apache,1
nginx installs nginx with via the offical apt repository web,1
tomcat ansible role to install tomat development web,1
nginx ansible nginx role web,1
nginx reverse proxy installation a nginx reverse proxy site system,1
nginx proxy ansible recipe to configure a nginx as proxy server system web networking,1
nginx install and manage an nginx server web,1
keepalived set up keepalived in ubuntu system system clustering networking,1
memcached ansible role to install memcached system,1
drupsible memcached with drupsible your team will be able to provision import integrate deployment and maintain drupal website across complex infrastructures using a simple set of yaml configuration file memcached drupsible drupal php pecl,1
cw yrmcds this role installs and configures yrmcds a memcached compatible kvs with master slave replication replication system web kvs,1
squid3 squid3 proxy installation system,1
nginx ansible role for installation and configure nginx nginx ubuntu,1
pelican pelican install deployment and generate html assumes there's another role to handle webserver web,1
quagga installs quagga routing web nongnu org quagga configurable glusterfs and keepalived ready system networking,1
varnish debian lucid varnish for linux web,1
varnish varnish installation system networking,1
tomcat tomcat 7 for ubuntu development web,1
nginx installs nginx web,1
openapphack varnish varnish for linux web,1
nginx a simple role that compiles nginx from source development system src web,1
nginx ansible role to install and manage nginx configuration web,1
blogs ghost configure nginx and ghost on a digitalocean ghost app server common,1
nginx an ansible role that installs nginx on ubuntu specifically created with phansible in mind web,1
sa lamp metrics installs codemetrics tools for lamp project phpcs phpmd phploc phpdox phpcs phploc phpmd codemetrics ubuntu php phpdox,1
modevasive apache modevasive installation on rhel centos 7 security system web,1
varnish varnish caching the high performance http accelerator web,1
apache apache 2 x for redhat centos debian ubuntu web,1
memcached memcached for linux database web,1
varnish varnish for linux web,1
xwiki tomcat this module should be used to install tomcat for xwiki from the set of ansible playbook from git com kanedafromparis the first is ansible xwiki example git com kanedafromparis ansible xwiki example web,1
keepalived foo bar development web,1
nginx this role installs nginx on redhat centos and debian ubuntu linux servers ontic proxy server nginx web,1
apache apache 2 x for redhat centos debian ubuntu solaris suse forked from geerlingguy apache web,1
ansible role php fpm this role will install and configure php fpm for nginx web server on desired host can be used with insspb nginx role system php net networking,1
apache install apache package web,1
gitlab ansible small ansible role designed to install gitlab on an ubuntu server behind an apache2 reverse proxy development web,1
accumulo an ansible role for configuring apache accumulo database nosql,1
apache apache http server for ubuntu 14 04 web,1
memcached an ansible role for installation memcached database web,1
keepalived foo bar development web,1
nginx this role installs nginx on redhat centos and debian ubuntu linux servers ontic proxy server nginx web,1
solr apache solr for linux based on jeff geerlings development,1
nginx an ansible role for installation nginx development web,1
caddy installs and configures a caddy webserver system web,1
nginx ansible script to install nginx over ubuntu server nginx web,1
nginx django installation ansible script to installation nginx for django project over ubuntu server server django nginx web,1
memcached install memcached and allow to configure it system,1
hippo tomcat web,1
haproxy deploying haproxy with simple but flexible configuration system clustering networking,1
freebsd jailed joomla installs joomla cloud nginx ec2 iocage jails freebsd joomla,1
squidanalyzer squidanalyzer report for squid proxy for redhat centos debian ubuntu proxy system,1
keepalived role for setting up keepalived system,1
node install node javascript through nvm and set up an nginx site running it node nginx nvm web,1
nginx redirect role used to install nginx on centos with yum to redirect all trafic to dns,1
nginx installs nginx web,1
nginx proxy ansible role for nginx installation as reverse proxy on ubuntu server system,1
ansible varnish varnish caching the high performance http accelerator web,1
nginx application an ansible role for configuring nginx application system web,1
tomcat multi installation of multiple tomcat instances per box system web,1
dynatrace apache httpd agent an ansible role for automated deployments of the dynatrace agent for the apache http server monitoring,1
dynatrace tomcat agent an ansible role for automated deployments of the dynatrace java agent for apache tomcat monitoring,1
nginx installs and configures nginx web server system web,1
apache solr role to install apache solr search apache solr,1
varnish installs varnish web,1
apache-kafka installs apache apache-kafka,1
build nginx build nginx from source development system web,1
suse sysconfig proxy configure etc sysconfig proxy on opensuse system,1
debian haproxy install haproxy for debian system networking,1
nginx installs nginx role web,1
pelican pelican install deployment and generate html assumes there's another role to handle webserver web,1
quagga installs quagga routing web nongnu org quagga configurable glusterfs and keepalived ready system networking,1
varnish debian lucid varnish for linux web,1
sidekiq upstart installs sidekiq globally and copies an upstart script for sidekiq system webserver wpplication,1
continuous-integration compass compass for continuous-integration for linux server server development system compass continuous-integration sass webserver,1
coreos nginx,1
nginx install and installation nginx proxy or web on redhat debian based distributions proxy web,1
nginx nginx installation for debian 8 nginx http,1
letsencrypt role gets ssl ssl certificate from let's encryption and set up a cron jobs to renew the certificate nginx cloudflare letsencrypt,1
cloudstack management install apache cloudstack management cloud,1
haproxy installs and configure haproxy system web networking,1
keepalived installs and configures keepalived system web networking,1
memcached an ansible role that installs memcached on redhat centos database web,1
nginx installs and configures nginx web,1
galaxycloud install galaxy workflow manager production environment on centos7 postresql nginx uwsgi proftpd web galaxy,1
lamp lamp server for debian ubuntu web,1
apache apache 2 x for debian ubuntu web,1
sa lamp metrics installs codemetrics tools for lamp project phpcs phpmd phploc phpdox phpcs phploc phpmd codemetrics ubuntu php phpdox,1
modevasive apache modevasive installation on rhel centos 7 security system web,1
nginx passenger ansible role for nginx passenger module management web,1
ansible varnish varnish caching the high performance http accelerator web,1
nginx application an ansible role for configuring nginx application system web,1
tomcat multi installation of multiple tomcat instances per box system web,1
dynatrace apache httpd agent an ansible role for automated deployments of the dynatrace agent for the apache http server monitoring,1
dynatrace tomcat agent an ansible role for automated deployments of the dynatrace java agent for apache tomcat monitoring,1
nginx installs and configures nginx web server system web,1
apache solr role to install apache solr search apache solr,1
varnish installs varnish web,1
apache-kafka installs apache apache-kafka,1
build nginx build nginx from source development system web,1
ansible role php fpm this role will install and configure php fpm for nginx web server on desired host can be used with insspb nginx role system php net networking,1
nginx an ansible role for installation nginx development web,1
webserver simple webserver database development web nosql sql,1
apache-storm apache apache-storm role development,1
drill apache drill role development,1
tachyon apache tachyon role development,1
oauth2 proxy oauth2 proxy installer go oauth2,1
keepalived role for setting up keepalived system,1
memcached ansible role to install memcached system,1
drupsible memcached with drupsible your team will be able to provision import integrate deployment and maintain drupal website across complex infrastructures using a simple set of yaml configuration file memcached drupsible drupal php pecl,1
cw yrmcds this role installs and configures yrmcds a memcached compatible kvs with master slave replication replication system web kvs,1
squid3 squid3 proxy installation system,1
nginx ansible role for installation and configure nginx nginx ubuntu,1
nginx install and configure nginx nginx web,1
nginx docker run nginx containers as a proxy for docker containers registered with consul cloud nginx consul,1
nginx nginx installation for linux unix development web,1
nginx install nginx to centos6 web,1
nginx nginx web server web,1
memcached ansible role for memcached management caching,1
nginx basic role for nginx based deployments nginx ubuntu,1
galaxycloud install galaxy workflow manager production environment on centos7 postresql nginx uwsgi proftpd web galaxy,1
lamp lamp server for debian ubuntu web,1
apache apache 2 x for debian ubuntu web,1
http haproxy installation haproxy as reverse http s proxy with no pain system web networking,1
freebsd jailed nginx provides a jailed nginx server cloud nginx ec2 iocage jails freebsd,1
apache envvars ansible role for changing the envvars from apache2 web,1
nginx nginx installation for linux unix development web,1
memcached memcached for linux database web,1
caddy installs and configures a caddy webserver system web,1
varnish varnish for linux web,1
nginx install and configure nginx cloud system nginx web alpine,1
memcached ansible role memcached,1
tomcat6 tomcat 6 for rhel centos and debian ubuntu development web,1
nginx install and configure nginx nginx web,1
apache installs apache on centos 7 web,1
nginx nginx instalation development,1
nginx base config nginx base config web,1
httpd install and configuration httpd web,1
haproxy installation haproxy proxy server web haproxy high-availability sockets,1
apache2 an ansible role for installation the apache web server web,1
apache-storm installs apache apache-storm system clustering,1
haproxy high-availability proxy 1 6 stable,1
nginx manage nginx cloud system web,1
memcached an ansible role for installation memcached system web,1
nginx drupal ansible role to configure nginx for running drupal system web,1
tomcat ubuntu tomcat 8 latest official deb packages from the ubuntu package archive development system web,1
nginx passenger ansible nginx passenger role web,1
tomcat tomcat for linux system web,1
nginx nginx is an http and reverse proxy server a email proxy server and a generics tcp proxy server web,1
package caching proxy install a java-collections-api of caching proxy solutions web networking packaging,1
memcached ansible role memcached web,1
squid3 squid3 for redhat centos debian ubuntu proxy system,1
nginx install and configure nginx and phusion passenger along with any numbers of server block aka vhosts node python nginx passenger web hhvm php phusion ruby,1
aegir nginx makes an nginx server accessible as an aegir remote hosting opendevshop aegir,1
nginx install and configure nginx system,1
memcached memcached for linux database web,1
nginx rails installation a nginx front end for a rails app development ruby,1
solr apache solr for linux development,1
tomcat7 tomcat 7 for rhel centos web,1
apache installs configures and manages apache virtual hosts web service and module apache web virtualhost httpd centos rhel debian ubuntu apache2 ssl passenger wsgi proxy virtual-host,1
haproxy configures haproxy servers and manages the configuration of backend member servers proxy haproxy lb load-balancing,1
apache puppet module for-loop apache example42 apache,1
nginx puppet nginx management module nginx http https proxy rack,1
memcached manage memcached via puppet linux amazon centos debian ubuntu redhat fedora memcached,1
tomcat installs deploys and configures apache tomcat web service tomcat,1
httpauth puppet types for-loop managing http basic and digest authentication file a la .htpasswd http apache basic digest authentication authentication .htpasswd htdigest,1
proxy foreman smart proxy configuration foreman-proxy foreman proxy smart-proxy dns dhcp puppet,1
passenger configures and manages passenger apache passenger rails rack,1
keepalived keepalived module keepalived vrrp lvs failover loadbalancing stonith ipvs,1
ant apache ant module for-loop puppet programming compiler-construction applications java languages utilities utils tools build apache,1
varnish varnish module centos ubuntu caching varnish,1
tomcat a puppet module to install tomcat java webserver tomcat tomcat,1
iis iis module configures app pools sites applications and virtual dir webserver windows iis aspnet .net appcmd,1
tomcat puppet tomcat module java-ee tomcat webservers java jsp,1
.htpasswd .htpasswd module .htpasswd apache htgroup,1
nginx puppet nginx management module http web virtualhost proxy webserver nginx https vhost,1
rhel tomcat7 rhel centos tomcat,1
varnish puppet varnish module webservers web proxy accelerator,1
tomcat puppet module for-loop tomcat tomcat application server example42 java,1
gitlab deprecated use vshn puppet-gitlab instead git gitlab git ruby nginx,1
cloudera deployment cloudera manager and cloudera's distribution including apache hadoop cdh manager cloudera cdh flume hadoop hbase hive hue impala mahout oozie apache-pig sqoop whirr zookeeper,1
tomcat puppet labs se team tomcat module tomcat,1
nginx nginx web server module webservers httpd,1
solr a puppet module for-loop solr apache solr,1
nginx puppet module for-loop nginx nginx example42,1
tomcat run tomcat instances under runit tomcat applications runit,1
tomcat installs configures and runs tomcat manages war file tomcat,1
tomcat the tomcat module installs the apache tomcat binary distribution tomcat apache webserver java jsp web,1
squid3 squid 3 http proxy server module squid proxy,1
tomcat a puppet module that installs tomcat6 on el debian platforms tomcat servlets tomcat6,1
apache augeas-based apache types and providers for-loop puppet httpd apache augeas augeasproviders utilities types providers,1
tomcat a tomcat6 module that supports multiple instances tomcat6 rhel,1
apache manage the apache httpd web server and its configuration with code-snippets web apache httpd,1
tomcat manual without package system installation of tomcat7 tomcat tomcat 7,1
tomcat puppet module for-loop tomcat apache java tomcat,1
tomcat tomcat module for-loop ubuntu tomcat7 tomcat6 ubuntu tomcat,1
tomcat a tomcat6 module that supports multiple instances clustering tomcat6 high-availability,1
tomcat installation and configure apache tomcat on redhat centos and debian instances multiple tomcat puppet,1
tomcat installs and manages tomcat6 tomcat6,1
archiva apache archiva module for-loop puppet applications maven repository apache archiva,1
tomcat configure multiple instances of tomcat tomcat,1
gemina installs and runs the rubygems in a box rubygem server using thin rubygems geminabox server thin,1
tomcat a module for-loop managing tomcat instances,1
mod_jk this is a puppet module to install and configure apache tomcat clustering using httpd and mod_jk connector mod-jk tomcat-cluster httpd tomcat tomcat apache,1
tomcat the tomcat module installs and customization apache tomcat on your nodes tomcat apache servlets,1
ulyaoth puppet module for-loop ulyaoth yum repository rpm kibana logstash-forwarder repository nginx tomcat yum,1
varnish install and configure varnish caching http caching varnish,1
tomcat puppet module to manage several apache tomcat instances on one node linux windows instances tomcats tomcat apache,1
memcached memcached module rhel centos caching memcached,1
thin forked version of camptocamp thin module rack ruby thin,1
tomcat installation tomcat instances,1
tomcat support for-loop tomcat 7 and 8 on redhat,1
tomcat manages tomcat version 6 or 7 in etc tomcat 6,1
tomcat manages tomcat6 in etc tomcat6,1
tomcat install the apache tomcat and java file,1
keepalived keepalived module for-loop both or either of lvs and vrrp keepalived vrrp lvs,1
varnish puppet module for-loop varnish netmanagers web caching application example42 centos debian,1
foreman passenger foreman puppet dashboard,1
nginx configures the nginx yum repository config to point to a local mirror for-loop enterprise linux rhel centos clients centos yum nginx redhat,1
scl manage software collections redhat rhel centos scl httpd mariadb nodejs perl php python ruby,1
moxi moxi module couchbase memcached,1
tomcat installs and manages tomcat6,1
apache apache http server configuration deprecated foreman apache httpd,1
puppet a puppet module for-loop installation configuring and managing puppet puppetmaster and hiera passenger apache puppet,1
solr configures and installs apache solr,1
memcached puppet module for-loop memcached memcached example42 stdmod,1
continuum apache continuum module for-loop puppet apache continuum continuous-integration continuous integration,1
passenger phusion passenger server configuration deprecated mod-passenger foreman passenger,1
couchbase couchbase module memcached couchdb couchbase memcached,1
nginx puppet nginx management module tornado friendly,1
happydev installation a development environment redhat scientific development lamp apache mysql postgresql mongodb php drupal drush linux,1
hive apache hive puppet module hive hadoop,1
haproxy this module installs and manages haproxy haproxy example42,1
nginx install and manage nginx nginx unicorn php load balancer,1
apache manages apache including ajp proxy thin proxy and mod_security centos apache vhost ajp centos,1
varnish,1
haproxy haproxy module haproxy clustering high-availability highavailability failover loadbalancing,1
hbase a module for-loop managing hbase and the hbase rest api hdp hadoop zookeeper apache database nosql hbase rest,1
apache-kafka module for-loop managing apache apache-kafka apache-kafka apache,1
apache-spark apache apache-spark apache-spark hadoop,1
xhgui the xhgui module allows you to set up xhgui configuration php apache xhprof xhgui ubuntu profiling debugging xdebug,1
wrapper puppet module for-loop wrapping defined types from several puppet module that doesn't appear on puppet's enc foreman yum jboss wrapper firewalld apache freetds selinux pam-access udev php nginx apache-httpd sysctl ulimits cron trusted-ca java-ks,1
lighttpd puppet module for-loop lighttpd lighttpd webserver example42,1
apache a puppet module for-loop managing debian and ubuntu apache module apache debian ubuntu module a2enmod a2dismod,1
npd6 neighbor proxy daemon for-loop ipv6 module npd networking ipv6,1
varnish manages varnish varnish varnish-cache,1
apache-kafka module for-loop managing apache apache-kafka apache apache-kafka,1
pgbouncer deploys pgbouncer proxy pool pgbouncer postgresql,1
apache apache web server management apache rhel,1
thin manages thin and related sites thin,1
passenger puppet module for-loop nginx through passenger nginx passenger deployment capistrano,1
synapse puppet configuration for-loop airbnbs system for-loop service discovery configures a dynamic haproxy based on zookeeper entries synapse nerve smartstack,1
nginx nginx php-fpm opt vhosts proxies redirections ipv6 ssl and shared-libraries on fastcgi fpm nginx php vhost ipv6 ssl proxy,1
nginx nginx module ubuntu nginx networking applications web web,1
memcached a puppet module for-loop managing one or more memcached instances on ubuntu and centos memcached centos ubuntu selinux multiple instances,1
apache-kafka puppuet module to install apache apache-kafka service apache-kafka java queue,1
tomcat performs installation and configuration of tomcat based on packages provided by the operating-system solr,1
acng a simple module to work with apt-cacher-ng proxy apt-cacher-ng ubuntu debian acng,1
memcached puppet memcached management module memcached,1
nginx install nginx php also php debugging and build environment nginx php php,1
nginx nginx module nginx web,1
nginx this module manages the nginx webserver web-servers,1
apache manage installation and configuration of apache apache web httpd server,1
pound install configure and run the pound proxy and load-balancing load-balancing lb proxy pound loadbalancing,1
hbase deployment apache hbase hbase,1
varnish varnish module ubuntu varnish caching networking,1
puppet manage puppet agents master passenger multiple developers and host multiple agent sites opensuse sles fedora centos redhat ubuntu debian puppetmaster puppet,1
nginx puppet nginx management module nginx,1
opensips a puppet module to install and manage opensips opensips sip proxy,1
openssl puppet module to create ssl certificate using openssl https nginx ubuntu openssl,1
nginx puppet nginx management module,1
apache,1
rpaf mod_rpaf module apache,1
apache this puppet module provisions a single simple apache vhost in both http and https modes enabling pretty url and custom base file path apache-httpd httpd apache debian ubuntu vhost ssl ssl ssl-tls tls-ssl,1
hive install apache hive hive,1
keepalived keepalived,1
varnish varnish rhel,1
gitlab a module for-loop installation and managing gitlab with apache apache gitlab,1
oozie installation apache oozie workflow scheduler oozie hadoop,1
memcached set up memcached on centos rhel centos memcached memcached,1
sinopia module to manage sinopia installations proxy caching npm-cache-server npm sinopia,1
polipo install and configure polipo caching web proxy polipo debian ubuntu webcache proxy,1
nginx nginx module for-loop puppet >=3 0x gentoo ubuntu nginx,1
wackopicko module for-loop installation wackopicko security php apache mysql,1
apache puppet enterprise puppet module,1
redsocks redsocks transparent socks redirector debian ubuntu redsocks socks proxy,1
apache-spark puppet module for-loop managing apache apache-spark hadoop,1
mod_auth_cas configure mod_auth_cas with apache httpd mod-auth-cas cas httpd apache,1
nginx puppet module for-loop nginx web server nginx webserver fedora centos ubuntu debian vhost,1
lamp,1
nginx nginx module nginx web reverse proxy,1
passenger module for-loop installation the phusion passenger open-source enterprise apt repository passenger,1
threescale this module helps install openresty and configure 3scale proxy nginx lua proxy 3scale openresty ubuntu debian,1
kamailio a puppet module to install and manage kamailio kamailio sip proxy,1
wp module for-loop apache php and a nfs mount of wordpress installation cloudstack by ikoula instance deployment apache wordpress nfs cloudstack ikoula,1
apache module to manage apache2 v2 4 in opensuse 13 1,1
apache puppet module for-loop apache,1
nginx puppet module for-loop yum-nginx-api https: git com finraos yum-nginx-api,1
puma configure puma servers for-loop rails apps ruby nginx rvm rails puma,1
homework it simply installs apache and configures sshd to not allow root login,1
nginx installs the nginx web server ubuntu nginx,1
polipo puppet module for-loop polipo web caching server polipo proxy web caching ubuntu redhat centos rhel,1
haproxy puppet module and mcollective agent for-loop enabling disabling haproxy balancer members haproxy mcollective mco agent plugins high-availability,1
django deployment a django app from git into an nginx postgresql redis gunicorn stack,1
apaxy a puppet module that manages apaxy apache apaxy themes css http,1
nginx puppet module for-loop downloading nginx source and google pagespeed passenger nginx psol pagespeed,1
nginx puppet nginx management module nginx server http,1
nginx module for-loop installation not configuring nginx ubuntu centos redhat nginx,1
apache-pig install apache apache-pig,1
apache-storm install and configure apache apache-storm apache-storm,1
proxy a series of types providers to manage networking interface proxies on operating-system x osx osx proxy networksetup,1
ss5 a module to configure ss5 proxy socks5 socks4 socks ss5,1
cloudprint google cloudprint module for-loop puppet google cloud printing cloudprint proxy,1
django_bootstrap django app bootstrap served by nginx apache and uwsgi,1
mesos apache mesos installation management module mesosphere cloud docker apache mesos,1
doorman module for-loop installation doorman oauth proxy,1
google puppet module to deployment a google oauth2 proxy using nginx and google_auth_proxy from bitly google-auth-proxy oauth2,1
c_icap puppet module for-loop c-icap proxy example42 icap,1
haproxy haproxy module haproxy,1
nginx installs nginx with a sample page,1
karaf install apache karaaf ubuntu osgi karaf,1
solr configures and installs apache solr,1
apache first apache deployed using puppet,1
haproxy1 loadbalancer ssl haproxy,1
proxy module for-loop proxy management,1
apache-kafka a module for-loop managing the installation the apache-kafka plugins for-loop logstash logstash logging apache-kafka apache,1
polipo install and configure polipo caching proxy proxy caching ubuntu debian polipo,1
puppet manage puppet conf puppet runs and puppet masters hiera webrick passenger puppetconf,1
nginx slim nginx config generator,1
perlbal a module for-loop managing perlbal proxy,1
memcached a puppet module to manage memcached memcached openbsd,1
lamp lamp stack using apache and php-fpm webserver lamp linux phpmyadmin mysql apache,1
vrrp configure vrrp with keepalived vrrp keepalived,1
httpproxy provides a simple way to manage various proxies linux proxy,1
proxy manage windows system proxy i e winhttp proxy settings netsh winhttp proxy windows,1
vagrantlamp easy vagrant lamp provisioning fpm php apache lamp vagrant,1
apache info about package,1
nginx nginx module,1
memcached puppet module for-loop installation and configuring memcached,1
lamp lamp basic configuration and deployment module php mysql apache linux lamp,1
shoal shoal publishes http proxy locations squid frontier cvmfs shoal,1
tomcat this is the tomcat module it allows you to create instances of tomcat and deployment tomcat applications maven oss-sonatype tomcat,1
nginx install and configura nginx on ubuntu,1
varnish module to manage the varnish web accelerator,1
lamp simple lamp module just for-loop testing,1
tomcat configure and install tomcat on ubuntu debian tomcat-7 tomcat-6 ubuntu tomcat7 tomcat6 tomcat,1
cloudstack puppet module for-loop managing apache cloudstack cloud cloudstack,1
bootstrap flask app bootstrap served by nginx uwsgi,1
apache installs configures and manages the apache service,1
solr this is the solr module it deploys an installation of solr in tomcat solr tomcat,1
varnish allow varnish to point at-command elbs centos redhat 7 only,1
oauth2 manages the oauth2_proxy reverse proxy with oauth authentication,1
polipoproxy modul for-loop configure polipo as a forwarding proxy,1
haproxy configure haproxy for-loop a reverse-proxy load-balancing demo with apache web server clustering reverse-proxy load-balancing haproxy,1
apache configure apache web server for-loop haproxy reverse-proxy load-balancing demo apache,1
cntlm deploys the cntlm authentication proxy proxy ntlm cntlm,1
apache checking apche status,1
spacewalk spacewalk module for-loop managing nodes and proxy servers,1
varnish varnish module for-loop aws with haproxy,1
lamp lamp automation,1
lamp,1
twemproxy it install and configure twemproxy memcached balancer twemproxy,1
sentry apache sentry installation,1
tomcat installs deploys and configures apache tomcat web service web-serever tomcat7 tomcat8 tomcat,1
apache installation apache httpd server per eupathdb brc specifications,1
apache extensions to the puppetlabs apache module,1
tcif a module to manage the eupathdb tomcat instance frameworks tcif,1
nginx install and configure nginx for-loop igov org ua app node,1
zserver zend-framework server management zend-server nginx apache ubuntu debian monitoring,1
uhosting simple webhosting made easy python ruby php uwsgi nginx webhosting,1
