bash install a nice bash profile system,1
supervisor a role for creating supervisor task cloud development system web packaging,1
backup email scrit to installation backup email system web networking,1
utils install some utility apps system,1
supervisor install minimal supervisor on centos development web,1
supervisor install and configuration supervisor monitoring,1
supervisor2 an ansible role for install supervisor on centos and add init script for running supervisord automatically on startup system web monitoring,1
stouts backup backup system file dirs database upload to clouds cloud system,1
backup backup system file dirs database upload to clouds cloud system,1
mozilla syncserver run your own firefox synchronization server cloud web,1
boxbackup install and configure boxbackup as a centralized backup service system,1
filesystembackuprestorer quick and easy filesystems backup,1
supervisor handle supervisor system supervisor,1
supervisor install and run supervisord as any user requires virtualenv web monitoring,1
ibm installation manager an ansible role for installation ibm installation manager ibm utility packaging,1
rsnapshot remote host to be used in conjunction with yannik rsnapshot backup host backup rsnapshot,1
dupwrap duplicity wrapper for easy backups hooray cloud backup osx,1
homeshick deploys dotfiles with the bash only homeshick project system dotfiles homeshick workstation,1
xdg configure xdg directory settings for bash zsh fish shells dotfiles shell xdg,1
sa communication tools installs popular communication tools like viber slack hipchat skype skype ubuntu slack hipchat viber,1
selenium set up selenium and firefox for running selenium testing for virtualenv web,1
supervisor ansible script to install supervisor over ubuntu server system monitoring supervisor,1
supervisor manage supervisor development system,1
pure install configure the pure prompt for bash zsh fish shells dotfiles shell pure,1
firefox a role for configuring firefox including add-on preferences and css styles web,1
history automatically configure bash history following best guidelines to makefile it more usable in a production environnement system,1
letsencrypt ansible galaxy role to install letsencrypt sh bash client security system web networking letsencrypt ssl,1
supervisor role to install supervisor system supervisor,1
selenium set up selenium and firefox for running selenium testing web,1
common for conveniently describing miscellaneous task settings eg bash aliases apt packages etc that makefile it easier to get around a development server box system,1
duply backup set up duplicity backups using duply in debian like system system,1
monit monit is a small open source utility for managing and monitoring unix system monit conducts automatic maintenance and repair and can execute meaningful causal action in error situations system,1
mydumper backup perform backups using mydumper database system web,1
backup install backup ruby and provide basic installation system,1
bashalias role to add bash aliases for all user system,1
bash command run any bash command as a role development system,1
supervisor a role for creating supervisor task cloud development system web packaging,1
supervisor ansible role for supervisor system,1
supervisor install and run supervisord as any user requires virtualenv web monitoring,1
makefile package centos utility role to install a package from a tarball system,1
supervisor ansible role for supervisor system monitoring,1
shell conf send shell bash zsh config file to hosts system,1
supervisor supervisor role development web,1
backup galaxy role for backup ruby with whenever,1
supervisor an ansible role for supervisor system,1
supervisor install supervisor and add conf to supervise program tools,1
debian supervisor install supervisor for debian system system,1
sa continuous-integration e2e headless selenium protractor browser with headless support xvfb java protractor selenium ubuntu e2e,1
cacti rrd backup perform cacti rrd backups using rrdtool system monitoring,1
sysctl manage sysctl settings on rhel centos sysctl system,1
roundcube install roundcube a browser based imap client written in php email web,1
attic install and manage attic or borg backups backup system attic borg,1
bash updates bash web,1
sysctl custom sysctl variables that i think are good sysctl,1
bash aliases set aliases in bash aliases for debian ubuntu system,1
supervisor set up the latest or a specific version of supervisor in ubuntu system system web networking monitoring,1
firefox set up firefox web,1
supervisor supervisor web,1
supervisor install and run supervisord as any user requires virtualenv web monitoring,1
btsync install and manage a btsync server networking,1
supervisor task a role for creating supervisor task cloud development system web packaging,1
bash install bash and bash completion system,1
automysqlbackup install and configure automysqlbackup utility database,1
duplicity backup a role to install configure and schedule backups via duplicity and duplicity backup script development,1
holland installs and configures the holland backup tool database sql,1
safekeep configure host backup with safekeep system,1
autopostgresqlbackup install and configure autopostgresqlbackup utility database,1
fix bash bug update bash for various debian version system,1
automysqlbackup install and configure automysqlbackup utility database,1
common for conveniently describing miscellaneous task settings eg bash aliases apt packages etc that makefile it easier to get around a development server box system,1
checkinstall install checkinstall utility packaging,1
sysctl role for manage sysctl rules system,1
supervisor installs supervisor latest development web,1
rsnapshot slave ansible role to install rsync and configure the system to be backed up by the rsnapshot master role for this purpose this role creates a system user with sudo privileges on the rsync program the public ssh key is retrieved from the master host defined system,1
rsnapshot configure rsnapshot and rsync to backup a set of servers remotely backup system,1
backintime install backintime and configure backup profiles on debian ubuntu system,1
rsync installs rsync system,1
freebsd jailed btsync provides a jailed btsync instance server cloud ec2 iocage jails freebsd btsync,1
supervisor supervisor installation system,1
rsync synchronization perform synchronization using rsync system networking,1
rsnapshot backup host makefile incremental backups securely using rsnapshot backup rsnapshot,1
firefox installs firefox developer edition system web browser firefox graphical workstation,1
selenium set up selenium and firefox for running selenium testing web,1
bash cmd run any bash command as a role development system,1
backup manager this role will assume the installation of backup manager development web,1
bash an ansible role to manage bash profiles system,1
supervisor install and configure supervisord deployment docker,1
google-chrome set up google google-chrome in debian like system development system browser networking,1
bash set up bash in debian like system system,1
pg wale install and configure heroku's wal e backup tool,1
monit monit is a small open source utility for managing and monitoring unix system monit conducts automatic maintenance and repair and can execute meaningful causal action in error situations system,1
backup manager this role will assume the installation of backup manager development web,1
bash an ansible role to manage bash profiles system,1
borgbackup install and configure borg backup borgbackup readthedocs org system networking,1
backuppc install and manage backuppc rsync backup security system restore web debian networking,1
dircolors configure ls colors for bash zsh fish shells dotfiles dircolors lscolors,1
xdg configure xdg directory settings for bash zsh fish shells dotfiles shell xdg,1
osx rsync ansible role for deploying rsync on operating-system x system,1
supervisor ansible role to install supervisor system,1
s3cmd ansible role to install s3cmd and manages folder synchronization and versioning in aws s3 bucket backup,1
rsync synchronization perform synchronization using rsync system networking,1
iceweasel addon provides a 'firefox addon' ansible module for installation or uninstalling firefox add-on web,1
sysctl manage sysctl settings system networking,1
skype installs skype on osx skype macsible osx cask homebrew osx,1
google google-chrome installs google google-chrome on osx google-chrome macsible osx browser cask google homebrew osx,1
rsync rsyncd management system,1
firefox installs firefox developer edition system web browser firefox graphical workstation,1
bman install fromdual com backup manager aka bman database sql,1
dircolors configure ls colors for bash zsh fish shells dotfiles dircolors lscolors,1
google-chrome set up google google-chrome in debian like system development system browser networking,1
sysctl role which helps to manage sysctl configuration system,1
rsync rsync role to run as deamon,1
supervisor installs and configures supervisor process control system based on stouts supervisor process system management web monitoring,1
supervisor supervisor installer python27 supervisor,1
backuppc install and manage backuppc rsync backup security system restore web debian networking,1
dircolors configure ls colors for bash zsh fish shells dotfiles dircolors lscolors,1
pure install configure the pure prompt for bash zsh fish shells dotfiles shell pure,1
freebsd jailed btsync provides a jailed btsync instance server cloud ec2 iocage jails freebsd btsync,1
supervisor supervisor installation system,1
user ansible role to set consistent file for user bash profile gitcompletion bash and gitconfig user,1
xdg configure xdg directory settings for bash zsh fish shells dotfiles shell xdg,1
supervisor ansible role for supervisord amazon supervisord centos6,1
supervisord supervisor is a client server system that allows its user to monitor and control a numbers of process on unix like operating system system monitoring,1
supervisor manage supervisor development system,1
sysctl manage sysctl settings system networking,1
selenium set up selenium and firefox for running selenium testing web,1
wget download file with wget wget download,1
sysctl sysctl module operating-system sysctl,1
rsync manages rsync clients repository and servers providies defines to easily grab data via rsync rsync,1
supervisord module supervisord class and function management supervisor supervisord process python,1
sys common platform packages resources and module dkms luks fetch curl wget apt openbsd solaris ubuntu rsync git sys,1
sysctl sysctl types and provider parameters sysctl kernel,1
chocolatey the chocolatey package provider for-loop puppet package-manager .net net net-framework powershell microsoft windows chocolatey package,1
chocolatey the chocolatey package provider for-loop puppet chocolatey-professional chocolatey-for-business package-manager package chocolatey .net net net-framework powershell microsoft,1
sysctl this module allows you to configure sysctl sysctl,1
download_file a module that will download file for-loop use on windows servers requires the server to have powershell 2 0 and above utility windows,1
powershell adds a new exec provider for-loop executing powershell command exec powershell windows,1
iis module that will manage iis for-loop windows server 2008 and above it will help maintain application pools sites and virtual applications iis windows powershell,1
powershell a powershell provider for-loop puppet windows powershell,1
sysctl augeas-based sysctl types and provider for-loop puppet sysctl providers types utilities augeasproviders augeas,1
bash this module installs and configures the bash package bash,1
wget a puppet module for-loop download file with wget wget download,1
pget powershell alternative to wget or curl powershell windows wget curl staging download ftp sftp https http,1
firefox simple firefox installation module firefox apt,1
feature a module that will turn windows features on or off for-loop windows server 2008 and above utility powershell windows,1
feature a module that will turn windows features on or off for-loop windows server 2008 and above powershell utility windows,1
download a module that will download file for-loop use on windows servers requires the server to have powershell 2 0 and above utility windows,1
tuned tuned adaptive system performance daemon module tuned sysctl,1
google-chrome installs the google google-chrome web browser google browser google-chrome,1
supervisor module for-loop installation supervisor in centos aws linux debian ubuntu process-management process-control supervisor awslinux,1
rsyncd puppet rsyncd module fileserver networking rsync,1
colorprompt add colors to your bash prompt bash prompt shell,1
amanda amanda module for-loop puppet backup amanda,1
bacula this module manages a bacula infrastructure backup bacula,1
duplicity install and manage duplicity backup duply duplicity,1
supervisor rentabiliweb supervisor module daemon supervise rentabiliweb autoreload autostart supervisord supervisor puppet,1
ptlib utility function for-loop puppet module developers std utilities general purpose custom function delete values undefs default param,1
rsync puppet module for-loop rsync rsync example42,1
supervisor supervisor module made by digg inc python supervisor,1
filefetcher a module to download chown and chmod file wget chown chmod download file,1
sysctl puppet module for-loop sysctl sysctl example42,1
supervisor install and configure supervisord supervisor supervisord,1
bacula this module manages a bacula infrastructure backup bacula,1
sysctl cross-distributions sysctl handling sysctl gentoo centos ubuntu,1
btsync module for-loop configuring bittorrent synchronization instances,1
lsyncd lsyncd module csync2 rsync lsyncd,1
backup manages backups backup,1
dsc powershell desired state configuration dsc desired-state-configuration dsc powershell windows,1
bash centos colorize squeeze debian completion git rhel shell,1
ccollect debian applications ubuntu backup ccollect,1
chocolatey_server the chocolatey simple server package feed host package-server package-feed package-manager package chocolatey .net net net-framework powershell microsoft,1
permute permute the combinations of paramters utility,1
firefox firefox pre-compiled binary installer for-loop linux binary installer firefox,1
r1soft_cdp installs and set up the idera formerly r1soft cdp agent on centos rhel or ubuntu debian centos backup cdp r1soft ubuntu debian idera,1
btsync puppet btsync module btsync bittorrent synchronization,1
mcelog manages the `mcelog` utility for-loop x86-64 cpu machine check exception data x86-64 logging monitoring x86-64 em64t mcelog mce,1
supervisor puppet module to install and configure supervisor supervisor supervisord,1
osx module for-loop common operating-system x management task management osx osx desktop printers munki office firefox plist,1
software puppet module to install various desktop software textmate atom editors firefox google-chrome browser user-interface graphical software desktop,1
edac manage edac utility installation and configuration edac ecc centos redhat,1
r1soft_cdp installs and set up the r1soft cdp agent on centos rhel or ubuntu debian centos unbutu debian rhel backup,1
dataprotector hp data protector client module hp-data-protector backup omniback,1
download_uncompress utility to download and uncompress software distributions in a given directory uncompress untar unzip download,1
backups manages backups backup backups,1
sysctl cross-distributions sysctl handling gentoo centos ubuntu,1
backup backup with backup rubygems,1
aws_powershell a module that will install the aws powershell tools to a windows server this can be used to control aws instances from powershell cmdlets windows aws powershell,1
alkivi controls backup of servers python debian duplicity backup,1
cloudbackup rackspace cloud backup module backup cloud agent,1
networker installs and configures the emc networker backup emc networker,1
sysctl control sysctl entries on unix system sysctl types osx linux bsd operatingsystems operating-system,1
sysadmin install common sysadmin utilities tools utils sysadmin mtr iftop iotop iperf iptraf blktrace wget,1
firefox this module allows control of the profiles and global preferences firefox testing onfirefox 17 centos6 4 redhat centos firefox,1
xtrabackup puppet module for-loop setting up percona xtrabackup to backup a mariadb percona or mysql server xtrabackup mysql mariadb percona,1
bacula puppet module for-loop bacula backup bacula-fd bacula-sd bacula-dir director storage client application example42 command-line-interface netmanagers,1
bacula manages bacula server and clients backup bacula,1
firefox this class installs firefox firefox debian ubuntu,1
skype a puppet module to install skype on operating-system x skype darwin osx,1
bash shell bash,1
guest rename the guest account using powershell powershell,1
btsync creates folders synchronized by btsync bittorrent btsync,1
sysctl ubuntu sysctl,1
bash yet another bourne again shell management puppet module bash bash,1
firefox a puppet module to install firefox for-loop operating-system x firefox darwin osx,1
powershell installs powershell powershell winrm windows 2003 2008 7,1
supervisor install and configure supervisord supervisord supervisor,1
barman barman backup and recovery manager for-loop postgresql module disaster-recovery backup-software business-continuity point-in-time-recovery recovery database postgresql backup postgresql disaster barman,1
download_file a module that will download file for-loop use on windows servers requires the server to have powershell 2 0 and above download utility windows,1
sysctl module to configure etc sysctl file,1
remote easily declare incremental hourly backup rules with this module abstracting rdiff with built in support for-loop nfs storage centos redhat nfs backup,1
rsnapshot rsnapshot configuration client and server side debian backup rsnapshot,1
runit runit module for-loop deb rpm-based system runit process supervision supervisor linux ubuntu debian,1
rvm single user ruby rubygems module based on rvm for-loop puppet >=3 0x bash rubygems ruby rvm,1
portsxutil utility module for-loop freebsd ports freebsd ports packages search build options utility,1
rsync,1
ubuntuzilla module for-loop installation the ubuntuzilla repository firefox ubuntuzilla,1
wget download a file,1
iis module that will install the iis url-rewriting 2 0 module on windows powershell windows iis,1
bash manages bash config linux bash,1
btsync btsync installation and configuration module filesync btsync synchronization torrent app appserver application,1
powershell module to send system metrics to graphite from windows powershell windows graphite,1
oval simple utility to validation hash of options hash methods arguments options validation,1
puppet download and update puppet powershell windows puppet update windows-installer,1
tmutil timemachine module for-loop managing timemachine on macs timemachine osx apple backup osx,1
portsutil utility module for-loop freebsd ports ports freebsd bsd utility search packages options,1
sysctl puppet sysctl editor for-loop ubuntu ubuntu sysctl,1
skype puppet module to install skype linux debian skype,1
percona this is a puppet module to install percona-backup a backup utilty tool for-loop mysql database server restore backup mysql percona,1
circus circus process and sockets manager circus supervisor process sockets manager,1
opsscripts installs scripting for-loop use in the infrastructure elasticsearch restore backup mongodb,1
bareos puppet module for-loop bareos bareos-fd backup bacula replace bareos-sd bacula-sd bareos-dir bacula-dir director storage client application example42 command-line-interface netmanagers,1
paranoid sudo configuration to run programs as dummy user desktop sudo security browser firefox google-chrome chromium,1
bash manage bash via puppet,1
s3sync a module that enables easy s3 based backups backups backup s3,1
shellshock puppet module for-loop shellshock shellshock bash,1
nimbus single-system puppetized configuration utility,1
bash this module is meant to manage the bash shell environment security profile bash,1
nssm module to install the nssm http: nssm cc utility windows nssm,1
unitrends a module to download install and configure unitrends backup agent unitrends redhat,1
surrogate puppet module to install surrogate an xtrabackup script backup centos redhat ubuntu debian percona innobackupex xtrabackup mysql,1
timecapsule puppet module for-loop an open time capsule time machine backup server working with latest osx osx yosemite client for-loop el7 fedora 20 osx timemachine backup,1
pfsense_rancid prepare pfsense to backup its configuration with rancid backup xml configuration rancid pfsense remote,1
rsnapshot configures rsnapshot snapshot backup rsnapshot,1
bash puppet management for-loop bash,1
remote_syslog install and configure papertrail's remote_syslog2 utility,1
backups backups puppet module s3 backup duplicity,1
skype puppet module to install skype on fedora skype,1
winagent adds pe_repo for-loop windows include powershell scripting for-loop local remote agent install agent windows-installer repository powershell windows,1
sysctl configure and manage sysctl operating-system parameters kernel sysctl,1
bash puppet module to manage bash,1
bontmia configure and manage bontmia backup rsync bontmia,1
hyperctl manages the hyperctl utility for-loop enabling disabling hyperthreading,1
diskmount openbsd hotplug diskmount utility diskmount hotplug openbsd,1
dsc powershell desired state configuration dsc dsc desired-state-configuration powershell,1
powershell ensure powershell uses net 4 x if-statement available .net net net-framework powershell windows microsoft,1
sysctl a puppet module which manage etc sysctl conf file,1
bash configure and manage bourne again shell bash dotfiles and profiles bash gnu shell,1
wget puppet managed wget,1
networker manages emc networker client networker backup,1
bash manage the bash shell associated functionality shell profile bash,1
bluejeans manages the blue jeans browser plug-in,1
ps1template provides exec-resource powershell templates file exec-command-template powershell,1
backupninja simple backup solution management: backupninja shell backupninja backup,1
mount mount iso image and ensure the drive letter they are mounted to powershell iso image mount,1
rsnapshot configures rsnapshot rsync backup rsnapshot,1
bash puppet module for-loop bash history realtime extra extended bash-history history bash module puppet,1
properties utility types for-loop use in defined types,1
sysctl configure sysctl settings on ubuntu,1
burp burp - backup and restore program backup burp,1
sysctl sysctl module operating-system sysctl,1
percona this is a puppet module to install percona-backup a backup utilty tool for-loop mysql database server percona db-backup backup-database mysql-backup,1
rsync periodically run rsync invoked by cron,1
bash copy the expected skeleton file into a user's homedir,1
supervisor adds a provider for-loop supervisor to the built in service resources types puppet provider service supervisord supervisor,1
firefox configure firefox via boxen,1
bacula install a bacula enterprise class backup instance,1
supervisor dalenys supervisor module autoreload autostart supervisord daemon supervise supervisor puppet,1
r1soft install and configure r1soft server and or agent r1soft backups backup,1
