remotesyslog configures rsyslog to send all logging to a central logging server system monitoring,1
rsyslog my rsyslog configuration reconfigures logging format logging location and logrotate security system logging logcheck,1
rsyslog rsyslog syslogd daemon configuration system monitoring,1
rsyslog client set up shipping some logging remotely over syslog system,1
papertrail rsyslog configure for papertrail papertrail rsyslog,1
papertrail configure papertrailapp on your server supports rsyslog papertrail logging rsyslog,1
rsyslog manage the rsyslog configuration system monitoring,1
rsyslog file role for creation of rsyslog config for watching logging file monitoring,1
relp an ansible role for installation relp support for rsyslog system monitoring,1
rsyslog installs rsyslog configurable and remote syslog server ready system monitoring,1
rsyslog8 ansible role for installation rsyslog v8 on linux machines system monitoring,1
rsyslog installation and configuration of rsyslog system,1
rsyslog installs rsyslog configurable and remote syslog server ready system monitoring,1
rsyslog manage rsyslog and rsyslog d in debian like system system monitoring,1
rsyslog installation and configuration of rsyslog system,1
papertrail rsyslog role to installation papertrail papertrailapp com remote logging via rsyslog cloud monitoring,1
rsyslog install rsyslog development,1
rsyslog manage rsyslog configuration security system audit logging logging,1
rsyslog manage rsyslog client and server debian ubuntu client logging syslog rsyslog server tcp udp freebsd,1
loggly configures various data sources for-loop automatic submission to loggly syslog-ng rsyslog syslog loggly,1
rsyslog puppet module for-loop rsyslog rsyslog example42,1
rsyslog manage rsyslog syslog rsyslog logging,1
rsyslog rsyslog module debian ubuntu rsyslog,1
rsyslog manages rsyslog rsyslog,1
rsyslog controls rsyslog server debian syslog rsyslog,1
elrsyslog rsyslog module for-loop red hat enterprise linux and clones rsyslog syslog,1
vcli_rsyslog puppet enterprise module for-loop saz rsyslog vcli rsyslog,1
syslog_ng this module manages syslog-ng rsyslog syslog syslog-ng,1
rsyslog rsyslog module archlinux freebsd syslog rsyslogd debian ubuntu rsyslog gentoo openbsd rhel,1
papertrail puppet module for-loop managing remote_syslog2 and optionally rsyslog,1
rsyslog defined typed based management of rsyslog,1
