openssh install and configure openssh system networking,1
my account create a first user oneself and install user ssh public key system,1
openssh install and installation openssh client and server system,1
sshd install configure openssh server on debian ubuntu system,1
sshd install and configure openssh server system networking,1
ssh a base ssh config system,1
sshkeys manage system wide user ssh key in etc ssh authorized key security system publickey ssh,1
user add and remove system user added multiple ssh key to yatesr user system,1
ssh config creates a ssh config file development,1
ssh config a module for ansible for configuring ssh configuration file system,1
sshpreluks configure initrd to allow remote unlock of cryptography disk over ssh cryptsetup luks ssh boot,1
ssh ansible role for ssh system,1
ssh ansible role for ssh management system,1
user manage user ssh key and sudo on debian ubuntu linux servers ubuntu debian ssh sudo user,1
ssh server ansible role for ssh server development osx alpine,1
ssh configure ssh development ssh,1
sshknownhosts this is an ansible role that manages the ssh known hosts file usually located at etc ssh ssh known hosts or user ssh known hosts system networking,1
ssh congifures ssh system networking,1
openssh server install and configure sshd on a target host system networking,1
ssh reconnect kill all open ssh connections to force ansible to re connect at next task system ssh,1
openssh installs and configures openssh system,1
ssh key manage ssh public key authentication public private authorized key and known hosts in debian like system system networking,1
ssh security provides security ssh client and ssh server configurations system networking,1
ssh known hosts manage etc ssh ssh known hosts development system,1
sftp installation chrooted sftp service on top of openssh system networking,1
openssh openssh is a suite of security related networking level utilities based on the ssh protocols which help to security networking communications via the encryption of networking traffic over multiple authentication methods and by providing security tunneling capabilit system networking,1
sshd configures sshd and adds authorized key for user who need ssh access system,1
manage ssh key ansible role to manage ssh pub key on remote system allows the addition or removal of key for remote user system,1
user installation of user accounts and ssh key system,1
ssh ansible ssh role system,1
openssh openssh is a suite of security related networking level utilities based on the ssh protocols which help to security networking communications via the encryption of networking traffic over multiple authentication methods and by providing security tunneling capabilit system networking,1
user manage user groups and ssh key system,1
openssh server openssh server role for rhel centos system openssh,1
openssh authentication manage ssh key in etc ssh authorized key on rhel centos system openssh,1
osx r install r environment on operating-system x with git2r ssh enabled r installer osx,1
sshd role that installs an ssh server development,1
duounix install and configure duo security mfa for unix ssh console access system,1
sshd this role ensures sshd server is installed and configured operating-system ssh authentication,1
sshd ubuntu 16 04 xenial xerus openssh server config system ssh networking sshd openssh,1
ssh hardening this ansible role provides numerous security related ssh configurations providing all rounding base protection hardening security system,1
user and groups treat user groups and ssh public key as data system,1
ssh known hosts this is an ansible role that manages the ssh known hosts file usually located at etc ssh ssh known hosts or user ssh known hosts system networking,1
ssh congifures ssh system networking,1
sshd openssh ssh deamon configuration server openssh system freebsd ubuntu debian ssh networking sshd redhat centos,1
sshknownhosts role this is an ansible role that manages the ssh known hosts file usually located at etc ssh ssh known hosts or user ssh known hosts system networking,1
sshd change properties of sshd in client system ssh sshd,1
openssh openssh is a suite of security related networking level utilities based on the ssh protocols which help to security networking communications via the encryption of networking traffic over multiple authentication methods and by providing security tunneling capabilities system networking,1
sshd openssh ssh deamon configuration server openssh system freebsd ubuntu debian ssh networking sshd redhat centos,1
sshd sockets activation enable sockets activation of the ssh server for performance boot and less memory system networking,1
sshd openssh installation configuration role system networking,1
ssh installs and configure sshd system,1
user configure a user installation a public ssh key and enable passwordless sudo for this user system,1
sftp server installation chrooted sftp service on top of openssh system networking,1
ssh install and configure ssh authorized key system,1
ssh server static key ansible role for managing static ssh key for servers system,1
user manages user system ssh user user,1
monkeysphere enable ssh authentication using gnupg key with monkeysphere system,1
sshd configure openssh server system,1
deployer creates a deployer user account and set up ssh key and service dir system,1
opensshserver install and configure openssh server system ssh openssh,1
openssh an ansible role for installation and configuring openssh system networking,1
azulinho ssh key ansible role for deploying the ssh key system,1
cryptsetup remote unlock configure an encryption headless system to enter the passwords over ssh headless cryptsetup security system encryption startup ssh boot remote filesystems,1
ssh known hosts add sites to etc ssh ssh known hosts for debian ubuntu system,1
usermanage manage your linux user and ssh key account accross your infrastructure system,1
ssh passwordless system,1
sshd openssh ssh deamon configuration system networking,1
bootstrap initial host configurations bootstrap creates user accounts set root passwords locks down ssh and manages remote ssh pub key system,1
ssh client set up an openssh client in debian like system system networking,1
authorized key a role for managing authorized key system authorized ssh key,1
management user a role for managing a management user system management authorized ssh sudo user key,1
ssh authentication sock set permissions on ssh authentication sock system,1
sshd role to maintain and configure the ssh daemon system networking,1
ssh installation and config ssh development web,1
sudoers forwarded ssh ansible role to ensure etc sudoers is configured for git checkout with forwarded ssh agent networking,1
luket gh org key ec2 this role will pull ssh key of the user from your git org and add them to the targets system,1
openssh openssh is a suite of security related networking level utilities based on the ssh protocols which help to security networking communications via the encryption of networking traffic over multiple authentication methods and by providing security tunneling capabilit system networking,1
openssh openssh is a suite of security related networking level utilities based on the ssh protocols which help to security networking communications via the encryption of networking traffic over multiple authentication methods and by providing security tunneling capabilit system networking,1
ssh config configure a system wide ssh configuration system networking,1
authy ssh,1
common this role manages remote user authorized key and ssh key system,1
bootstrap initial host configurations bootstrap creates user accounts set root passwords locks down ssh and manages remote ssh pub key system,1
ssh client set up an openssh client in debian like system system networking,1
authorized key a role for managing authorized key system authorized ssh key,1
management user a role for managing a management user system management authorized ssh sudo user key,1
authorized key manage user authorized ssh key key authorized ssh key,1
ubuntu server basic ubuntu headless server system ubuntu ssh networking sshd openssh,1
ssh client ansible role for ssh client development osx alpine,1
ssh authentication sock set permissions on ssh authentication sock system,1
sshd role to maintain and configure the ssh daemon system networking,1
sudoers forwarded ssh ansible role to ensure etc sudoers is configured for git checkout with forwarded ssh agent networking,1
ssh universal configuration of ssh daemon and client through a set of variables system,1
ssh config configure a system wide ssh configuration system networking,1
sshd openssh ssh deamon configuration system networking,1
ssh handle ssh system ssh,1
ssh client ansible role for ssh client development osx alpine,1
ssh config a module for ansible for configuring ssh configuration file system,1
ssh config generate a ssh config with your inventory system,1
ssh debian install and configure ssh on debian system optionally provides ssh key based authentication system and set ssh port system networking,1
add ssh key from git given a list of git usernames this ansible role download their ssh public key from git and adds them to ssh authorized key system,1
openssh install and configure openssh system,1
hesiod ansible role to installation ssh authentication via hesiod dns lookup cloud system ec2,1
monit installs monit monitoring and management tool and attaches it to ssh cron ntpd system monitoring,1
ssh manage ssh client and server via puppet debian ubuntu client ssh security hosts openssh server fedora sshd host-keys gentoo freebsd,1
accounts puppet module for-loop managing ssh key user and groups authorization private public groups group user user key key ssh accounts account,1
ssh augeas-based ssh types and providers for-loop puppet sshd-config-subsystem sshd-config ssh providers types utilities augeasproviders augeas,1
ssh puppet ssh module ssh-server ssh-client ssh,1
keygen generate ssh key with ssh_keygen id-rsa ssh keygen,1
duo installs configures and manages duo unix mfa 2sv 2fa two-factor authentication duo duosec duosecurity ssh pam openssh security,1
ssh manages ssh ssh security sshd openssh sshkey,1
ssh ssh module openssh ssh sshd,1
accounts module for-loop managing user accounts and groups hiera key ssh group user accounts,1
hardening installs and configures openssh with hardening openssh ssh hardening,1
ssh manage ssh host and user access centos security rhel ssh access key,1
rssh rssh module ssh,1
sshkeys module for-loop managing ssh key in root ssh authorized_keys authorized-keys ssh sshd,1
ssh openssh server and client configuration ssh debian ubuntu rhel centos redhat,1
ssh this module installs configures and manages the ssh service ssh,1
sshkeys sshkeys puppet module puppetdb ssh,1
ssh puppet module to manage ssh ssh-keygen hostkey openssh ssh,1
bitbucket bitbucket org host key ssh bitbucket,1
ssh puppet module for-loop ssh authorized_keys management authorized-keys ssh,1
openssh puppet module for-loop openssh openssh example42,1
homes a nodule for-loop managing local user and ssh key ssh,1
openssh puppet openssh module,1
sshd ssh security,1
authorized_keys authorized-keys roles ssh,1
manageusers puppet module to manage user groups and ssh key groups user ssh,1
sshkeys puppet module to manage ssh public key fedora server security freebsd gentoo debian ubuntu openssh ssh,1
account helpers for-loop managing user and groups with puppet ssh account group user debian,1
sshd manages sshd with ldap or ipa authentication on rhel-based machines freeipa ipa openldap ldap sshd ssh,1
dropbear puppet dropbear module ssh dropbear,1
ssh ubuntu ssh,1
func a security scriptable remote control frameworks and api func allows for-loop running command on remote system in a security way like ssh but offers several improvements oel centos rhel certmaster fedora func,1
openssh this module provides a basic example of the package-file-service design-patterns in puppet,1
ssh puppet ssh module with strict key passwords policy ssh provider environment,1
ssh controls ssh servers debian ssh sshd,1
ssh manage the ssh client and multiple daemons ssh client server multi-daemon debian ubuntu redhat fedora centos openbsd freebsd sles opensuse,1
openssh module to install openssh client server on archlinux openssh archlinux,1
ssh openssh module archlinux freebsd opensshd debian ubuntu openssh sshd gentoo centos rhel ssh,1
denyhosts denyhosts module denyhosts security ssh,1
ssh module to manage ssh client and server puppet ssh,1
keymaster a module for-loop installation and managing keymaster openssh private-key publickey authorized-keys dsa rsa ssh keymaster,1
ssh puppet ssh module,1
ssh generate user ssh key on nodes and makefile public key available as facts ssh-authorized-key facter fact ssh,1
accounts manage your system user accounts in hiera hiera user account ssh,1
rsnapshot rsnapshot master and node configuration with auto generated and distributed ssh key backups key ssh rsnapshot,1
ssh ssh management module rhel redhat scientific ssh,1
user puppet module to manage user and ssh key,1
rsa_keys add an swift-array of rsa key to user authorized key key rsa ssh,1
torssh front ssh with tor ssh tor debian raspbian,1
autossh manage ssh tunnels port forwarding under openssh including both the source originator and target destination servers,1
ssh utility function for-loop manipulating ssh key ssh-known-hosts id-rsa ssh gitolite ssh-keygen key,1
accounts a puppet module that manage local or virtual user like active directory user and publish the corresponding ssh_authorized_keys accounts ssh-authorized-key ssh activedirectory manage-accounts,1
sshguard puppet module to install sshguard ssh sshguard,1
mosh puppet module for-loop mosh ssh remote-shell mosh,1
openssh module to manage openssh with focus on using augeas hostkeys ssh openssh,1
autossh manage standards and reverse ssh tunnels,1
ssh module for-loop managing passwordless ssh accounts,1
geoipcheck restrict ssh logins via geoip,1
ssh puppet module to manage ssh ssh-keygen hostkey openssh ssh,1
deploy_keys install and manage ssh key and host aliases key git ssh deployment,1
ssh publish your ssh public key configuration from ssh key manager to your hosts,1
ssh puppet ssh management module,1
clusterssh ssh from anywhere to anywhere in the puppet clustering,1
sysadmins configuration of a single system administrator account localadmin by default attached to potentially several user ssh sudo localadmin root user,1
pubkeyfs configure and manage pubkeyfs a fuse file system exposing ssh public key from an ldap directory key user authorized-keys public-keys ssh ldap,1
ssh configure ssh via boxen,1
user a puppet module to manage user and their secrets user sudoers ssh secrets groups,1
sshkeys ssh key generation and distribution with puppet,1
ssh module to manage ssh server and their config file sshd-conf openssh sshd ssh linux,1
