zookeeper install zookeeper with ansible cloud database clustering,1
zookeeper a role for installation zookeeper and setting up a clustering cloud database system clustering,1
zookeeper installs and configures zookeeper zookeeper apache org system clustering,1
zookeeper a role for installation zookeeper and setting up a clustering cloud database system clustering,1
zookeeper install apache zookeeper server development,1
mapr zookeeper,1
zookeeper installs apache zookeeper,1
zookeeper zookeeper clustering role for midonet deployments cloud database,1
mesosphere zookeeper mesosphere zookeeper role development,1
zookeeper role to install and manage apache zookeeper database clustering,1
zookeeper an ansible role that installs zookeeper on ubuntu specifically created with phansible in mind system,1
zookeeper installs zookeeper clustering,1
zookeeper installs zookeeper database nosql,1
zookeeper zookeeper ansible role,1
zookeeper apache zookeeper clustering,1
mapr zookeeper startup,1
ansible zookeeper ansible zookeeper role platform,1
zookeeper installs zookeeper database web,1
zookeeper database nosql,1
mapr zookeeper startup,1
zookeeper zookeeper ansible role,1
zookeeper apache zookeeper clustering,1
zookeeper apache zookeeper zookeeper,1
zookeeper install apache zookeeper development,1
zookeeper an ansible role for installation apache zookeeper database,1
zookeeper module for-loop managing apache zookeeper zookeeper,1
zookeeper zookeeper clustering with security zookeeper hadoop,1
zookeeper install apache zookeeper clustering zookeeper,1
zookeeper a puppet module which installs and configures apache zookeeper mesos orchestration cluster-analysis zookeeper apache,1
zookeeper module to manage the zookeeper service cloudera hadoop zookeeper,1
zookeeper zookeeper java,1
zookeeper puppet zookeeper clustering module centos debian ubuntu redhat zookeeper cloud clustering,1
zookeeper puppet provider to manage nodes on zookeeper server zookeeper,1
exhibitor manages exhibitor for-loop zookeeper nodes zookeeper exhibitor,1
