enable sudo enables sudo for certain user via sudo group system,1
openssh install and configure openssh system networking,1
security configure ssh and ufw as well as install fail2ban system networking,1
sudo ansible role which manage sudoers file system,1
openssl ansible role for the creation of ssl certificate development system,1
dshell dshell security frameworks,1
clamav ansible role to install clamav antivirus and optionally clamtk system,1
my account create a first user oneself and install user ssh public key system,1
openssh install and installation openssh client and server system,1
tokumx install install and installation tokumx 1 5 or other database with security enabled and best practice configuration cloud database system rax nosql,1
dshell dshell security frameworks,1
sshd install configure openssh server on debian ubuntu system,1
stunnel create an encryption tcp tunnel between two hosts using stunnel and ssl system networking,1
clamav ansible role to install clamav antivirus and optionally clamtk system,1
mailserver email server with smtp imap pop ssl logins spam and virus filtering system networking,1
sshd install and configure openssh server system networking,1
ssh a base ssh config system,1
security basic server hardening system,1
pki bootstrap and manage internal pki certificate authorities and openssl gnutls certificate hardening security encryption ssl ssl pki,1
sshkeys manage system wide user ssh key in etc ssh authorized key security system publickey ssh,1
create sudo user ansible role to create a sudo user cloud system,1
user add and remove system user added multiple ssh key to yatesr user system,1
cw letsencrypt full automated let's encryption certificate generation development security system web ssl,1
dhparam generate diffie hellman parameters file system ssl,1
ssh config creates a ssh config file development,1
ssh config a module for ansible for configuring ssh configuration file system,1
ansible an ansible role that configures ansible to run in userspace no sudo or root necessary development ansible,1
sshpreluks configure initrd to allow remote unlock of cryptography disk over ssh cryptsetup luks ssh boot,1
ssh ansible role for ssh system,1
ufw ansible role for ufw security system,1
sudo handle sudo system sudo,1
shell user role for creating deleting new user can create regular user or user with random names for more security environment system shell user,1
jstatd role instal jstatd daemon on linux debian based system with sysvinit service system tested on ubuntu server 14 04 04 trusty use jstatd only on development and very low security environment never use jstatd on production system use jmx and authe java jstatd jvisualvm,1
ssh ansible role for ssh management system,1
openapphack security security software installation and configuration security system,1
cent7 stig ansible role to apply rhel 6 stig to centos 7 box security system stig,1
user manage user ssh key and sudo on debian ubuntu linux servers ubuntu debian ssh sudo user,1
ssh server ansible role for ssh server development osx alpine,1
csp reporter a server to collect content security policies report security,1
ssl expire soon checks to see if-statement you your ssl certificate will expire soon cloud security web,1
ssl the ssl role allows you to quickly add ssl certificate monsieurbiz ssl,1
sftp sftp server using ssl system,1
loggly ssl rsyslog configuration for loggly loggly logging ssl rsyslog,1
ssh configure ssh development ssh,1
passwordless sudo passwordless sudo access for user in 'sudo' group authentication sudo sysadmin,1
denyhosts denyhosts daemon for rhel centos security system denyhosts,1
sshknownhosts this is an ansible role that manages the ssh known hosts file usually located at etc ssh ssh known hosts or user ssh known hosts system networking,1
ssh congifures ssh system networking,1
openssh server install and configure sshd on a target host system networking,1
sudo a role for managing sudo system sudo,1
sudoers sudoers system admin sudo,1
govready install govready a command line toolkit for fisma compliance security monitoring dashboard,1
dnf automatic this role installs configures and activates dnf automatic via ansible on hosts which use the dnf package manager security system automatic packaging updates dnf,1
ssh reconnect kill all open ssh connections to force ansible to re connect at next task system ssh,1
openssh installs and configures openssh system,1
security ansible role for handling security related task at the operating system level development system,1
webgoat webgoat a deliberately insecure javaee application to teach application security development,1
import pgp public key simple role to import openpgp public key by key fingerprint security system encryption pgp gnupg,1
ssh key manage ssh public key authentication public private authorized key and known hosts in debian like system system networking,1
ssl certificate generates ssl certificate system,1
hardening ansible role to security a server system,1
ssh security provides security ssh client and ssh server configurations system networking,1
ssh known hosts manage etc ssh ssh known hosts development system,1
sftp installation chrooted sftp service on top of openssh system networking,1
openssh openssh is a suite of security related networking level utilities based on the ssh protocols which help to security networking communications via the encryption of networking traffic over multiple authentication methods and by providing security tunneling capabilit system networking,1
sshd configures sshd and adds authorized key for user who need ssh access system,1
manage ssh key ansible role to manage ssh pub key on remote system allows the addition or removal of key for remote user system,1
security ubuntu basic server hardening system,1
user installation of user accounts and ssh key system,1
ssh ansible ssh role system,1
sudo role that manages etc sudoers through a set of variables system,1
openssh openssh is a suite of security related networking level utilities based on the ssh protocols which help to security networking communications via the encryption of networking traffic over multiple authentication methods and by providing security tunneling capabilit system networking,1
lynis lynis is a security auditing tool for unix and linux based system security monitoring,1
cryptsetup installation and manage encryption filesystems cryptsetup security luks encryption dmcrypt filesystems,1
user manage user groups and ssh key system,1
ansible debian autoupdates an ansible role to install configure unattended upgrades for debian based system security system,1
sudoers controls the configuration of the sudoers file and etc sudoers d file sudoers system admin sudo,1
openssh server openssh server role for rhel centos system openssh,1
sudo ansible role to manage the sudoers file and additional config file in sudoers d directory sudoers operating-system sudo,1
openssh authentication manage ssh key in etc ssh authorized key on rhel centos system openssh,1
openscap install openscap security scanner security monitoring content,1
osx r install r environment on operating-system x with git2r ssh enabled r installer osx,1
cfssl trust install cloudflare intermediate ssl certificate cloudflare ssl,1
sudo installs and configures sudo system authentication sudo,1
selinux coreos ansible selinux role cloud security system,1
ssl certs generate and or deployment ssl certificate cloud system web,1
aide an ansible role to install configure and schedule aide aide security system,1
apparmor install and configure apparmor hardening security system,1
simple harden simple hardening script to satisfy some rmf stig rules security,1
sshd role that installs an ssh server development,1
duounix install and configure duo security mfa for unix ssh console access system,1
aide this role ensures aide is installed and configured security aide operating-system,1
sshd this role ensures sshd server is installed and configured operating-system ssh authentication,1
linux hardening ansible for hardening a linux host security linux,1
sshd ubuntu 16 04 xenial xerus openssh server config system ssh networking sshd openssh,1
security security configure for centos redhat system,1
sshd security sshd security system,1
ssh hardening this ansible role provides numerous security related ssh configurations providing all rounding base protection hardening security system,1
user and groups treat user groups and ssh public key as data system,1
sudo agent forwarding enable ssh agent forwarding for sudo user system ssh,1
ssh known hosts this is an ansible role that manages the ssh known hosts file usually located at etc ssh ssh known hosts or user ssh known hosts system networking,1
generate ssl cert generate self signed openssl certificate security system encryption logging,1
sudo a management role that will manage your etc sudoers it will check for validity and allow you to manage your sudo file with only variables system,1
sudo installs and configures sudo system,1
ssh congifures ssh system networking,1
sshd openssh ssh deamon configuration server openssh system freebsd ubuntu debian ssh networking sshd redhat centos,1
sudo install and configures sudo with sudoers d directory system,1
sshknownhosts role this is an ansible role that manages the ssh known hosts file usually located at etc ssh ssh known hosts or user ssh known hosts system networking,1
ssl certs generate and or deployment ssl certificate web,1
sshd change properties of sshd in client system ssh sshd,1
limits manage security limits in debian like system system monitoring,1
openssh openssh is a suite of security related networking level utilities based on the ssh protocols which help to security networking communications via the encryption of networking traffic over multiple authentication methods and by providing security tunneling capabilities system networking,1
ssl certificate generates ssl certificate system,1
limits ansible role which manage system limits system,1
sshd openssh ssh deamon configuration server openssh system freebsd ubuntu debian ssh networking sshd redhat centos,1
security security software installation and configuration security system,1
sshd sockets activation enable sockets activation of the ssh server for performance boot and less memory system networking,1
sshd openssh installation configuration role system networking,1
limits set limits via etc security limits d and etc sysctl d system,1
ssh installs and configure sshd system,1
security ssh improve the security of your ssh installation system networking,1
user configure a user installation a public ssh key and enable passwordless sudo for this user system,1
sftp server installation chrooted sftp service on top of openssh system networking,1
ssh install and configure ssh authorized key system,1
ssh server static key ansible role for managing static ssh key for servers system,1
user manages user system ssh user user,1
monkeysphere enable ssh authentication using gnupg key with monkeysphere system,1
sshd configure openssh server system,1
deployer creates a deployer user account and set up ssh key and service dir system,1
opensshserver install and configure openssh server system ssh openssh,1
openssh an ansible role for installation and configuring openssh system networking,1
azulinho ssh key ansible role for deploying the ssh key system,1
security openssh server set a security config for openssh server 6 5 security system ssh networking,1
openssl gather ansible role for the gathering of ssl certificate development system,1
gnupg install gnupg and export your local trustdb system,1
admin user manage admin user authorized key and sudo access system,1
cryptsetup remote unlock configure an encryption headless system to enter the passwords over ssh headless cryptsetup security system encryption startup ssh boot remote filesystems,1
ssh known hosts add sites to etc ssh ssh known hosts for debian ubuntu system,1
usermanage manage your linux user and ssh key account accross your infrastructure system,1
ssh passwordless system,1
ubuntu security a complete opinionated security kit for ubuntu security ubuntu bootstrap monitoring security,1
sandcastle a security by default sandstorm installation web,1
nexpose install nexpose console or engine security nexpose scanning security,1
devrole ansible an ansible role that configures ansible to run in userspace no sudo or root necessary development ansible,1
sshd openssh ssh deamon configuration system networking,1
bootstrap initial host configurations bootstrap creates user accounts set root passwords locks down ssh and manages remote ssh pub key system,1
ssh client set up an openssh client in debian like system system networking,1
authorized key a role for managing authorized key system authorized ssh key,1
management user a role for managing a management user system management authorized ssh sudo user key,1
securebase base role for a security server development system packaging,1
ssh authentication sock set permissions on ssh authentication sock system,1
sshd role to maintain and configure the ssh daemon system networking,1
csp reporter a server to collect content security policies report security,1
security security software installation and configuration system,1
security security software installation and configuration system,1
sudo sudo is a program for unix like computer operating system that allows user to run programs with the security privileges of another user this role will assume the basic installation of sudo system,1
ssh installation and config ssh development web,1
dhparam manage one or multiple set of diffie hellman ephemeral parameters weakdh security encryption logjam ssl ssl pki,1
sudoers forwarded ssh ansible role to ensure etc sudoers is configured for git checkout with forwarded ssh agent networking,1
sudo sudo role for rhel centos system sudo,1
gnupg key gnupg key gnupg,1
luket gh org key ec2 this role will pull ssh key of the user from your git org and add them to the targets system,1
openssh openssh is a suite of security related networking level utilities based on the ssh protocols which help to security networking communications via the encryption of networking traffic over multiple authentication methods and by providing security tunneling capabilit system networking,1
webgoat webgoat a deliberately insecure javaee application to teach application security development,1
dhparam manage one or multiple set of diffie hellman ephemeral parameters weakdh security encryption logjam ssl ssl pki,1
ssl certificate generates ssl certificate system,1
sudo ansible sudo role system,1
self signed ssl generate self signed ssl certs system,1
openssh openssh is a suite of security related networking level utilities based on the ssh protocols which help to security networking communications via the encryption of networking traffic over multiple authentication methods and by providing security tunneling capabilit system networking,1
w3af w3af web security scanning ool security web,1
apache2 installation apache2 configure basic security,1
simple pki simple pki for ubuntu debian security system cryptography networking,1
simp le simp le installation and certificate generation for ubuntu debian web ssl https letsencrypt ssl,1
ssh config configure a system wide ssh configuration system networking,1
openscap install openscap security scanner security monitoring content,1
scap security guide install the scap security guide security monitoring content,1
authy ssh,1
sudo ansible role which manage sudoers file system,1
sudoers manager ansible role which manages sudoers profiles privileges sudoers system permissions root acl sudo sysadmin,1
droplet security configures sshd and ufw for a more security droplet system,1
security ssl certs this role automatically secures key and certificate in etc ssl security certificate key ssl security ssl,1
cve 2016 3714 fix security issue of imagemagick command code-injection cve 2016 3714 with ansible security cve,1
selinux selinux configuration through variables security system rhel selinux centos6 centos7 rhel7 centos rhel6,1
bounca ansible role for installation bounca key management tool certificate openssl bounca ssl key,1
common this role manages remote user authorized key and ssh key system,1
bootstrap initial host configurations bootstrap creates user accounts set root passwords locks down ssh and manages remote ssh pub key system,1
ssh client set up an openssh client in debian like system system networking,1
authorized key a role for managing authorized key system authorized ssh key,1
management user a role for managing a management user system management authorized ssh sudo user key,1
securebase base role for a security server development system packaging,1
kmod tpe trusted path execution tpe linux kernel module for rhel centos security system tpe,1
simple harden simple hardening script to satisfy some rmf stig rules security,1
security docker daemon use to create certificate and key required to security the docker daemon docker,1
fail2ban handle fail2ban fail2ban security system,1
sysdig this role ensures sysdig is installed on the host security operating-system sysdig,1
authorized key manage user authorized ssh key key authorized ssh key,1
ubuntu server basic ubuntu headless server system ubuntu ssh networking sshd openssh,1
clamav a role that installs clamd monitoring,1
ssh client ansible role for ssh client development osx alpine,1
ssh authentication sock set permissions on ssh authentication sock system,1
sshd role to maintain and configure the ssh daemon system networking,1
csp reporter a server to collect content security policies report security,1
ssl expire soon checks to see if-statement you your ssl certificate will expire soon cloud security web,1
sudoers manager ansible role which manages sudoers profiles privileges sudoers system permissions root acl sudo sysadmin,1
sudoers forwarded ssh ansible role to ensure etc sudoers is configured for git checkout with forwarded ssh agent networking,1
sudo sudo role for rhel centos system sudo,1
gnupg key gnupg key gnupg,1
ssh universal configuration of ssh daemon and client through a set of variables system,1
sudoers fixing the sudoers file for caching your sudo pass and asking you only one time system,1
apache2 installation apache2 configure basic security,1
simple pki simple pki for ubuntu debian security system cryptography networking,1
simp le simp le installation and certificate generation for ubuntu debian web ssl https letsencrypt ssl,1
ssh config configure a system wide ssh configuration system networking,1
unix user creates or removes unix user and groups security system,1
ubuntu security a complete opinionated security kit for ubuntu security ubuntu bootstrap monitoring security,1
sandcastle a security by default sandstorm installation web,1
nexpose install nexpose console or engine security nexpose scanning security,1
devrole ansible an ansible role that configures ansible to run in userspace no sudo or root necessary development ansible,1
sshd openssh ssh deamon configuration system networking,1
ssh handle ssh system ssh,1
ssh client ansible role for ssh client development osx alpine,1
security security software installation and configuration security system,1
ssh config a module for ansible for configuring ssh configuration file system,1
ssl certs installs selfsigned or trusted ssl certificate system,1
ssh config generate a ssh config with your inventory system,1
fail2ban ansible role for installation fail2ban on linux machines security system,1
ssh debian install and configure ssh on debian system optionally provides ssh key based authentication system and set ssh port system networking,1
sudo simple etc sudoers management role system,1
add ssh key from git given a list of git usernames this ansible role download their ssh public key from git and adds them to ssh authorized key system,1
openssh install and configure openssh system,1
localcloud common this role will install default set of software on a fresh box create remote user of your choice and add it to web data group enabling passwordless sudo inject your ssh key in with configurable set of additional key to inject then disable passwords l development system web networking,1
operating-system hardening this ansible playbook provides numerous security related configurations providing all rounding base protection hardening security system,1
hesiod ansible role to installation ssh authentication via hesiod dns lookup cloud system ec2,1
letsencrypt generate ssl certificate and get them signed by let's encryption web networking,1
selinux configure selinux on rhel centos security system selinux,1
monit installs monit monitoring and management tool and attaches it to ssh cron ntpd system monitoring,1
sudo install sudo and manage defaults aliases and sudoers sudoers sudo,1
sudoers set up sudoers for passwordless sudo development,1
ssl key role to install ssl key and ca certs development,1
sudo manage sudo configuration via puppet sudo,1
ssh manage ssh client and server via puppet debian ubuntu client ssh security hosts openssh server fedora sshd host-keys gentoo freebsd,1
limits manage entries in etc security limits conf security limits nofiles,1
java_ks manage arbitrary java keystore file composite-namevars java mcollective ssl activemq keystore certs,1
limits manage user limits via puppet limitsconf pam-limits debian ubuntu security groups limits user pam,1
accounts puppet module for-loop managing ssh key user and groups authorization private public groups group user user key key ssh accounts account,1
gpg_key gnupg key module gnupg rpm redhat rhel fedora centos,1
openssl camptocamp openssl module openssl ssl debian redhat certificate key,1
sssd install and configure the system security service daemon sssd,1
nsstools manages nss certificate database networking security service nss nss-tools certificate mozilla pem key pki cryptography x509 ssl ssl redhat centos scientific rhel openssl x509,1
gnupg manage gnupg package and public key gnupg pgp,1
ssh augeas-based ssh types and providers for-loop puppet sshd-config-subsystem sshd-config ssh providers types utilities augeasproviders augeas,1
ssh puppet ssh module ssh-server ssh-client ssh,1
sudo security extensible sudo installation for-loop puppet sudo,1
keygen generate ssh key with ssh_keygen id-rsa ssh keygen,1
sudo manage sudoers sudo security,1
sudo a very flexible and well-tested puppet module for-loop sudo sudoers sudo,1
duo installs configures and manages duo unix mfa 2sv 2fa two-factor authentication duo duosec duosecurity ssh pam openssh security,1
ssh manages ssh ssh security sshd openssh sshkey,1
iesec manage internet explorer enhanced security on microsoft windows server internet-explorer microsoft windows windows security,1
clamav clamav management clamscan centos redhat clamav,1
ssh ssh module openssh ssh sshd,1
accounts module for-loop managing user accounts and groups hiera key ssh group user accounts,1
limits defined resources types for-loop managing etc security limits,1
hardening installs and configures openssh with hardening openssh ssh hardening,1
cert manage system ca certificate ca certificate ssl authority,1
certificate module to manage ssl certificate on windows server 2008 and upwards powershell certificate windows,1
rpmkey manage your rpm keyring through puppet gnupg rpm,1
clamav puppet module for-loop managing clamav clamd clamdscan clamscan clam virus antivirus freshclam clamav,1
sudo puppet module for-loop sudo sudo example42,1
cis centos rhel security,1
sudoers a simple templates to semantically manage allowed command in sudoers d sudo sudoers,1
local windows local security policy audit user lsp compliance security windows,1
credstash module to deployment credstash and create custom facts security secrets credstash ec2 aws,1
ssh manage ssh host and user access centos security rhel ssh access key,1
ssl ssl certificate management module redhat centos ssl incommon rhel debian ubuntu centos redhat apache,1
rssh rssh module ssh,1
sshkeys module for-loop managing ssh key in root ssh authorized_keys authorized-keys ssh sshd,1
ssh openssh server and client configuration ssh debian ubuntu rhel centos redhat,1
sudo sudo module debian ubuntu sudo,1
stunnel a module for-loop creating security tunnels debian ssl security tunnel ssl,1
ssh this module installs configures and manages the ssh service ssh,1
sshkeys sshkeys puppet module puppetdb ssh,1
ssh puppet module to manage ssh ssh-keygen hostkey openssh ssh,1
ssl puppet module for-loop ssl ssl openssl apache certificate,1
denyhosts configure denyhosts security denyhosts,1
bitbucket bitbucket org host key ssh bitbucket,1
ssh puppet module for-loop ssh authorized_keys management authorized-keys ssh,1
openssh puppet module for-loop openssh openssh example42,1
trusted manages trusted_ca trusted-ca ssl,1
tlsfiles transport layer security ssl file https ssl ssl,1
sslcertificate module to manage ssl certificate on windows server 2008 and upwards,1
stunnel stunnel management security ssl ssl tunnel stunnel,1
encryption simple encryption encryption of secret data for-loop puppet security,1
homes a nodule for-loop managing local user and ssh key ssh,1
pwgen manage pwgen utilities security passwords pwgen,1
clamav clamav module ubuntu clamav,1
denyhosts debian applications ubuntu security sshd,1
sudo configure and manage sudo and sudoers file security sudoers sudo,1
nssdb nss database puppet module ssl nss,1
openssh puppet openssh module,1
sshd ssh security,1
clamav this clamav module installs clamav clamav debian,1
authorized_keys authorized-keys roles ssh,1
tcpwrappers puppet module for-loop tcpwrappers hostsdeny hostsallow example42 tcpwrappers security libwrap,1
manageusers puppet module to manage user groups and ssh key groups user ssh,1
yamlgpg provides a hiera backend that decrypts gnupg encryption values in yaml file passwords encryption encryption gnupg yaml hiera,1
certs ssl certificate file management,1
sshkeys puppet module to manage ssh public key fedora server security freebsd gentoo debian ubuntu openssh ssh,1
account helpers for-loop managing user and groups with puppet ssh account group user debian,1
update auto updates debian packages packaging security,1
sshd manages sshd with ldap or ipa authentication on rhel-based machines freeipa ipa openldap ldap sshd ssh,1
dropbear puppet dropbear module ssh dropbear,1
ssh ubuntu ssh,1
func a security scriptable remote control frameworks and api func allows for-loop running command on remote system in a security way like ssh but offers several improvements oel centos rhel certmaster fedora func,1
certmaster certmaster is a set of tools and a library for-loop easily distributing ssl certificate to applications that need them oel centos rhel certmaster fedora,1
openssh this module provides a basic example of the package-file-service design-patterns in puppet,1
ssh puppet ssh module with strict key passwords policy ssh provider environment,1
ssh controls ssh servers debian ssh sshd,1
rkhunter rkhunter module security rkhunter,1
cutover module for-loop migrating agents from one master to another upgrade infrastructure tools pizzaops cutover ssldir ssl ca-server server puppet migrate migration,1
nessus nessus module centos redhat security nessus,1
sudo security extensible sudo installation for-loop puppet sudo,1
sudo sudo rules management sudo,1
ssh manage the ssh client and multiple daemons ssh client server multi-daemon debian ubuntu redhat fedora centos openbsd freebsd sles opensuse,1
openssh module to install openssh client server on archlinux openssh archlinux,1
ssh openssh module archlinux freebsd opensshd debian ubuntu openssh sshd gentoo centos rhel ssh,1
gnupg gnupg key management gpgme gnupg gpgkey,1
gpgkey puppet defined types to install rpm gnupg key rpm-gpgkey gpgkey gnupg rpm,1
apparmor apparmor module ubuntu security,1
sudo sudo module sudo,1
denyhosts denyhosts module denyhosts security ssh,1
ssh module to manage ssh client and server puppet ssh,1
keymaster a module for-loop installation and managing keymaster openssh private-key publickey authorized-keys dsa rsa ssh keymaster,1
ssh puppet ssh module,1
yamlgpg provides a hiera backend that decrypts gnupg encryption values in yaml file hiera yaml gnupg encryption encryption passwords,1
ssh generate user ssh key on nodes and makefile public key available as facts ssh-authorized-key facter fact ssh,1
sudoers ubuntu sudo,1
ie_esc defined types to manage internet explorer enhanced security configuration ie-esc internet-explorer windows,1
gnupg install and manage gnupg gnupg gnupg,1
certencryption puppet library to do rsa ssl based en encryption ssl encryption encryption,1
accounts manage your system user accounts in hiera hiera user account ssh,1
rsnapshot rsnapshot master and node configuration with auto generated and distributed ssh key backups key ssh rsnapshot,1
ssh ssh management module rhel redhat scientific ssh,1
user puppet module to manage user and ssh key,1
local_security_policy windows local security policy management forked from cannonps local_security_policy security windows,1
clamav clamav module for-loop redhat redhat centos clamav,1
rsa_keys add an swift-array of rsa key to user authorized key key rsa ssh,1
torssh front ssh with tor ssh tor debian raspbian,1
autossh manage ssh tunnels port forwarding under openssh including both the source originator and target destination servers,1
security perform periodical system updates regarding security packages centos redhat debian ubuntu updates security,1
gnupg manage gnupg package and public key,1
rkhunter rkhunter module detection backdoor trojan module security hunter rootkit rkhunter puppet,1
ssh utility function for-loop manipulating ssh key ssh-known-hosts id-rsa ssh gitolite ssh-keygen key,1
certtool manage ssl certificate with certtool openssl gnutls certificate ssl,1
rdo this module installs the redhat distribution of openstack rdo repository and associated gnupg key,1
sudo puppet module for-loop sudo access sudo,1
fisma centos6 rhel6 fisma security fisma,1
cacerts a module for-loop managing ca certs where needed ssl certs,1
openscap this puppet module exposes openscap primitive to puppet dsl scap scan compliance security audit,1
accounts a puppet module that manage local or virtual user like active directory user and publish the corresponding ssh_authorized_keys accounts ssh-authorized-key ssh activedirectory manage-accounts,1
kamailio a module for-loop managing kamailio deployments with puppet webrtc ssl websocket voip kamailio,1
limits limits,1
sslmgmt a simple way to manage certificate in your infrastructure without an hsm ssl,1
sshguard puppet module to install sshguard ssh sshguard,1
mosh puppet module for-loop mosh ssh remote-shell mosh,1
limits a module for-loop managing etc security limits conf,1
openssl openssl certificate management certificate self-signed rsa x509 openssl ssl ubuntu debian,1
openssh module to manage openssh with focus on using augeas hostkeys ssh openssh,1
autossh manage standards and reverse ssh tunnels,1
ssh module for-loop managing passwordless ssh accounts,1
aix_kernel_tunables manage aix kernel level settings security aix usersec,1
geoipcheck restrict ssh logins via geoip,1
aix_usersec manage aix default user security settings security aix usersec,1
ssh puppet module to manage ssh ssh-keygen hostkey openssh ssh,1
deploy_keys install and manage ssh key and host aliases key git ssh deployment,1
limits puppet module for-loop limits,1
ssh publish your ssh public key configuration from ssh key manager to your hosts,1
ssh puppet ssh management module,1
clusterssh ssh from anywhere to anywhere in the puppet clustering,1
stunnel a module managings ssl ssl tunnels with stunnel security ssl ssl tunnel security stunnel,1
gnupg configure gnupg via boxen,1
limits manages etc security limits conf,1
sysadmins configuration of a single system administrator account localadmin by default attached to potentially several user ssh sudo localadmin root user,1
pubkeyfs configure and manage pubkeyfs a fuse file system exposing ssh public key from an ldap directory key user authorized-keys public-keys ssh ldap,1
osquery osquery puppet module audit pci-dss compliance security osquery,1
cis cis benchmarking for-loop server hardening for-loop rhel and ubuntu system hardening security nist cis,1
ssh configure ssh via boxen,1
rsnapshot security and easy backups with rsnapshot backups rsnapshot,1
security rentabiliweb security module security rentabiliweb puppet,1
security configure security via boxen,1
limits,1
appcanary a module for-loop appcanary security,1
user a puppet module to manage user and their secrets user sudoers ssh secrets groups,1
limits manage etc security limits conf on ubuntu,1
hitch install and configure hitch ssl proxy,1
sshkeys ssh key generation and distribution with puppet,1
pem2p12 extend your puppet ca for-loop use on your windows platform converts pem file to the p12 format and installs them in the certificate manager ssl ssl ca puppetca p12 pem,1
winrmssl installation winrm over https and control some basic essential settings also supports puppet ca issued certificate ssl ssl https winrm,1
ssh module to manage ssh server and their config file sshd-conf openssh sshd ssh linux,1
snoopy dalenys snoopy module security audit syslog logging snoopy puppet,1
