zabbix common zabbix common role monitoring,1
zabbix server deployment zabbix server for ubuntu 12 04 monitoring,1
zabbix agent deployment zabbix agents for ubuntu 12 04 monitoring,1
zabbix agent zabbix agent module monitoring,1
zabbix agent installation and configuration of the zabbix agent monitoring,1
c6 zabbix role for zabbix monitoring,1
azulinho zabbix server ansible role for deployment a zabbix server packaging,1
zabbix web install and configuration zabbix web monitoring,1
zabbix repository install zabbix release packaging,1
zabbix agent install and configutation zabbix agent monitoring,1
zabbix zabbix with postgresql database monitoring sql,1
zabbix3 agent ansible role for installation zabbix 3 agent on rhel centos 7 system monitoring,1
zabbix this role installs and configure zabbix agent zabbix server and zabbix proxy on target host we use zabbix 3 0 as default zabbix system monitoring networking,1
zabbix agent deployment zabbix agent in everway zabbix monitor,1
zabbix3server zabbix 3 beta server side zabbix system monitoring,1
zabbix3agent zabbix 3 beta agent side zabbix system monitoring,1
zabbix agent a role that installs zabbix agent monitoring,1
zabbix server stands up zabbix 3 0 0 server with mariadb on rhel centos zabbix zabbix3,1
zabbix agent stands up zabbix 3 0 0 agent on rhel centos zabbix zabbix3,1
zabbix installs and configures zabbix agent monitoring,1
zabbix agent role for deployment zabbix agent monitoring,1
zabbix repository installation official zabbix repository packaging,1
zabbix common common stuff for zabbix roles monitoring,1
zabbix agent this role ensures zabbix agent is installed and configured zabbix operating-system monitoring,1
zabbix server installation and maintaining zabbix server for redhat debian ubuntu monitoring,1
zabbix agent install zabbix agent in active mode monitoring,1
zabbix agent installation and maintaining zabbix agent for redhat debian ubuntu zabbix monitoring,1
zabbix agent manages installation and configuration of zabbix agent monitoring,1
zabbix server monitoring,1
zabbix install zabbix agent server monitoring,1
zabbix server install and configuration zabbix server monitoring,1
zabbix javagateway installation and maintaining zabbix javagateway for redhat debian ubuntu monitoring,1
azulinho zabbix agent ansible role for deploying zabbix agent packaging,1
azulinho zabbix checks ansible role for adding monitoring items to a zabbix server packaging,1
zabbix zabbix server frontend and agent for debian monitoring,1
zabbix role for manage zabbix agent and server monitoring,1
zabbix installs and configures zabbix server agent monitoring web zabbix com system monitoring,1
zabbix agent installs and configures zabbix agent monitoring web zabbix com system monitoring,1
zabbix infra roles to installation zabbix development automation,1
zabbix agent simple ansible role that installs zabbix agent on ubuntu development system web,1
zabbix agent this role installs zabbix agent based on config variables networking monitoring,1
zabbix frontend stands up zabbix 3 0 0 frontend with mariadb on rhel centos zabbix zabbix3,1
zabbix agent source stands up zabbix 3 0 0 agent on rhel centos from source zabbix zabbix3,1
zabbix api synchronizes hosts state groups templates macros with zabbix zabbix monitoring,1
zabbix server ansible role for installation zabbix monitoring server server email rainloop,1
zabbix infra roles to installation zabbix development automation,1
zabbix frontend stands up zabbix 3 0 0 frontend with mariadb on rhel centos zabbix zabbix3,1
zabbix agent source stands up zabbix 3 0 0 agent on rhel centos from source zabbix zabbix3,1
zabbix zabbix server installer zabbix,1
zabbix installs and configures zabbix server agent monitoring web zabbix com system monitoring,1
zabbix agent installs and configures zabbix agent monitoring web zabbix com system monitoring,1
zabbix3 server zabbix server 3 installation on rhel centos 7 monitoring,1
zabbix server installation and maintaining zabbix server for redhat debian ubuntu monitoring,1
zabbix installation and maintaining zabbix will install server proxy java-gateway and agent on redhat debian ubuntu incl exported resources zabbix-javagateway zabbix-proxy zabbix-server zabbix-agent monitoring zabbix,1
zabbix zabbix agent puppet module windows ubuntu zabbix monitoring,1
zabbix zabbix agent,1
zabbix this module manages the zabbix agent on windows or linux monitoring zabbix,1
zabbix riak zabbix,1
zabbix controls zabbix server debian zabbix zabbix-server zabbix-proxy zabbix-agent,1
zabbix a puppet module and report processor for-loop zabbix report zabbix,1
zabbix puppet module for-loop zabbix_agent zabbix agent monitoring example42,1
zabbix zabbix module zabbix rhel monitoring,1
zabbix module for-loop managing zabbix server client monitoring zabbix,1
zabbix zabbix monitoring management,1
zabbix zabbixserver module,1
zabbix this installs the zabbix agent using the rpms hosted internally,1
zabbix a puppet report processor for-loop sending metrics to a zabbix utility report zabbix,1
zabbix this module configures zabbix server and its web frontend,1
zabbix simple module puppet zabbix agent zabbixagent,1
zabbix module to manage zabbix agent and server soon agent zabbix linux,1
