enable sudo enables sudo for certain user via sudo group system,1
sudo ansible role which manage sudoers file system,1
create sudo user ansible role to create a sudo user cloud system,1
ansible an ansible role that configures ansible to run in userspace no sudo or root necessary development ansible,1
sudo handle sudo system sudo,1
passwordless sudo passwordless sudo access for user in 'sudo' group authentication sudo sysadmin,1
sudo a role for managing sudo system sudo,1
sudoers sudoers system admin sudo,1
sudo role that manages etc sudoers through a set of variables system,1
sudoers controls the configuration of the sudoers file and etc sudoers d file sudoers system admin sudo,1
sudo ansible role to manage the sudoers file and additional config file in sudoers d directory sudoers operating-system sudo,1
sudo installs and configures sudo system authentication sudo,1
sudo agent forwarding enable ssh agent forwarding for sudo user system ssh,1
sudo a management role that will manage your etc sudoers it will check for validity and allow you to manage your sudo file with only variables system,1
sudo installs and configures sudo system,1
sudo install and configures sudo with sudoers d directory system,1
admin user manage admin user authorized key and sudo access system,1
devrole ansible an ansible role that configures ansible to run in userspace no sudo or root necessary development ansible,1
sudo sudo is a program for unix like computer operating system that allows user to run programs with the security privileges of another user this role will assume the basic installation of sudo system,1
sudo sudo role for rhel centos system sudo,1
sudo ansible sudo role system,1
sudo ansible role which manage sudoers file system,1
sudoers manager ansible role which manages sudoers profiles privileges sudoers system permissions root acl sudo sysadmin,1
sudoers manager ansible role which manages sudoers profiles privileges sudoers system permissions root acl sudo sysadmin,1
sudo sudo role for rhel centos system sudo,1
sudoers fixing the sudoers file for caching your sudo pass and asking you only one time system,1
devrole ansible an ansible role that configures ansible to run in userspace no sudo or root necessary development ansible,1
sudo simple etc sudoers management role system,1
localcloud common this role will install default set of software on a fresh box create remote user of your choice and add it to web data group enabling passwordless sudo inject your ssh key in with configurable set of additional key to inject then disable passwords l development system web networking,1
sudo install sudo and manage defaults aliases and sudoers sudoers sudo,1
sudoers set up sudoers for passwordless sudo development,1
sudo manage sudo configuration via puppet sudo,1
sudo security extensible sudo installation for-loop puppet sudo,1
sudo manage sudoers sudo security,1
sudo a very flexible and well-tested puppet module for-loop sudo sudoers sudo,1
sudo puppet module for-loop sudo sudo example42,1
sudoers a simple templates to semantically manage allowed command in sudoers d sudo sudoers,1
sudo sudo module debian ubuntu sudo,1
sudo configure and manage sudo and sudoers file security sudoers sudo,1
sudo security extensible sudo installation for-loop puppet sudo,1
sudo sudo rules management sudo,1
sudo sudo module sudo,1
sudoers ubuntu sudo,1
sudo puppet module for-loop sudo access sudo,1
