vagrant vagrant role for adding vagrant user credentials development,1
vagrant installs vagrant on ubuntu system packaging,1
vagrant ansible playbook for vagrant system packaging,1
vagrant an ansible role for installation vagrant system,1
vagrant an ansible role for installation vagrant system,1
vagrant fresh install ide in vagrant box and install dotfiles with fresh development,1
vagrant ansible role for vagrant development osx,1
vagrant an ansible role for installation vagrant system,1
compact box compacts a linux distribution preparing it for e g vagrant boxing system packaging,1
vagrant installs vagrant with plugins on fedora system,1
vagrant wheezy box use git git com dotzero vagrant debian wheezy 64 git system,1
vagrant dosomething org platform vagrant role system,1
ohmyzsh an oh my zsh role for elao symfony2 standards vagrant box development web,1
vagrant download and install hashicorp vagrant vagrant packaging,1
provision vagrant provisions a machine for vagrant usage development packaging,1
vagrant basic templates based launch and control of vagrant vms,1
vagrant vagrant development system,1
css a role for installation vagrant development,1
vagrant an ansible role for installation vagrant system,1
vagrant installs vagrant system,1
vagrant ansible role for installation vagrant cloud development system packaging,1
sa vagrant vagrant enables user to create and configure lightweight reproducible and portability development environments ubuntu vagrant,1
vagrant installation guest machine for use with vagrant from host machine development vagrant,1
vagrant user role that helps to create and configure vagrant user on a virtualbox virtualization system,1
vagrant install vagrant system,1
vagrant vagrant role development,1
composer-php a composer-php role for elao symfony2 standards vagrant box development web,1
vagrant install vagrant development system,1
vagrant installation guest machine for use with vagrant from host machine development vagrant,1
vagrant gitconfig copies the local git config into the vagrant user home on the box git vagrant,1
vagrant puppet module to manage vagrant and its plugins installation,1
vagrant install vagrant and optionally vagrant boxes and plugins virtualization vagrant,1
vagrant a puppet module to install vagrant redhat virtualization vagrant darwin osx debian windows,1
vagrant puppet module for-loop vagrant vagrant example42,1
vagrant install vagrant vagrant,1
vagrant install vagrant vagrant centos redhat ubuntu debian virtualbox windows darwin,1
vagrant bridge virtualization vagrant <-> production differences vagrant,1
vagrant a module to manage vagrant in windows windows vagrant,1
vagrant puppet module for-loop installation and configuring vagrant,1
autolab installs puppet vagrant * virtualbox for-loop a virtual lab environments windows 7 8 1 only,1
vagrant configure vagrant via boxen,1
