varnish a role to install and configure varnish web,1
drupsible varnish with drupsible your team will be able to provision import integrate deployment and maintain drupal website across complex infrastructures using a simple set of yaml configuration file proxy caching drupsible drupal web varnish php cdn,1
varnish varnish for linux web,1
varnish ansible role to install varnish system,1
varnish varnish caching the high performance http accelerator web,1
varnish varnish caching the high performance http accelerator web,1
varnish wordpress install varnish for wordpress web,1
varnish install varnish system,1
varnish vmods vmod checkout from git repository and compilation it development system packaging,1
varnish varnish 3 x for debian ubuntu web,1
varnish this role installs varnish on redhat centos and debian ubuntu linux servers ontic proxy caching system varnish,1
varnish varnish for linux web,1
varnish debian lucid varnish for linux web,1
varnish varnish installation system networking,1
openapphack varnish varnish for linux web,1
varnish varnish caching the high performance http accelerator web,1
varnish varnish for linux web,1
ansible varnish varnish caching the high performance http accelerator web,1
varnish installs varnish web,1
varnish debian lucid varnish for linux web,1
ansible varnish varnish caching the high performance http accelerator web,1
varnish installs varnish web,1
varnish varnish for linux web,1
varnish varnish module centos ubuntu caching varnish,1
varnish puppet varnish module webservers web proxy accelerator,1
varnish install and configure varnish caching http caching varnish,1
varnish puppet module for-loop varnish netmanagers web caching application example42 centos debian,1
varnish,1
varnish manages varnish varnish varnish-cache,1
varnish varnish module ubuntu varnish caching networking,1
varnish varnish rhel,1
varnish module to manage the varnish web accelerator,1
varnish allow varnish to point at-command elbs centos redhat 7 only,1
varnish varnish module for-loop aws with haproxy,1
