vim installs and configures vim development,1
shingara vim ansible role to install the vim configuration of shingara system,1
osx vim an ansible role to installation vim on operating-system x system,1
vim set up vim in debian like system development system,1
vim handle vim system vim,1
console console initiator console ssh tmux vim,1
vim and vi mode install vim and use vi mode in everyway editor vi ubuntu debian vim centos osx,1
vim install and configure vim system,1
vim machine this role installs and configures vim texteditor vim,1
vim machine this role installs and configures vim texteditor vim,1
vim vim role for osx and linux development,1
vim this role will assume the installation and configuration of vim by installation package allow vim configuration by using the etc vim vim local file system developpement,1
vim installs and globally configure vim on redhat centos or debian ubuntu system,1
vim install vim package for terminal usage development system,1
vim installs vim on linux distributions system,1
vim this role installs vim and set it as the default editor for ubuntu trusty 14 04 development system ansidev web,1
pathogit install and manage pathogen and plugins pahtogen git pathogit neovim vim nvim,1
vim vim editor,1
vim install vim set vim and use update alternatives to add vim system,1
vim installs your favourite flavour of vim development,1
dev environment vim tmux oh my zsh and dotfiles via homesick development system,1
vim installs vim and other related editors development,1
vim ansible role for vim and configuration with vundle vim vim vundle,1
vim install and configures vim development,1
vim install and configures vim development,1
vimansible role for customizing the vim editor using a plugins manager and several existing plugins editor vi vim,1
vim ansible syntax an ansible role to configure vim for ansible syntax highlighting development,1
vim install pathogen solarized nerdtree and autocomplpop for vim copy my vim development system,1
win vim install vim and on windows editor vi vim windows,1
vim ansible syntax an ansible role to configure vim for ansible syntax highlighting development,1
vim install pathogen solarized nerdtree and autocomplpop for vim copy my vim development system,1
vim ansible role for vim and configuration with vundle vim vim vundle,1
win vim install vim and on windows editor vi vim windows,1
vim manage vim via puppet centos redhat gentoo debian ubuntu vim editor freebsd,1
vim this module installs and configures the vim package vim,1
vim puppet vim environment installation for-loop *nix systems: syntax linting code-snippets solarized editor highlight colors validation puppet vim syntax code-snippets lint parsing,1
vim manage everyone's favorite editor vim utilities vim application editor,1
vim puppet module for-loop vim vi vim example42,1
cosmetic cosmetic configuration changes linux-logo bash release motd vim,1
vim manage vim via puppet debian ubuntu vim,1
vim install vim and plugins via pathogen vim pathogen,1
vim managed vim with puppet vim,1
vim install vim ubuntu vim,1
vim manage vim via puppet ubuntu debian rhel centos vim editor,1
vim manage vim via puppet ubuntu suse redhat gentoo freebsd debian centos archlinux,1
vim module to installation vi with puppet syntaxt checking etc via the vim-puppet plugins,1
vim manage vim via puppet vim redhat debian ubuntu freebsd editor,1
janus janus module vim janus ubuntu,1
puppetdev module to provide vim development environment for-loop coders tools development,1
vim configure and manage vim vim vi,1
vim installation vim plugins and packages for-loop puppet development,1
vim install vim from homebrew,1
